code_module,week,expected_clicks,expected_active_days
AAA,0,549.6,14.8
AAA,1,209.6,5.3
AAA,2,213.1,5.4
AAA,3,148.7,5.2
AAA,4,137.0,5.0
AAA,5,131.1,4.8
AAA,6,121.0,4.8
AAA,7,119.7,4.9
AAA,8,93.4,4.4
AAA,9,81.6,4.4
AAA,10,86.3,4.0
AAA,11,58.8,3.3
AAA,12,65.6,3.7
AAA,13,101.4,4.4
AAA,14,90.1,4.5
AAA,15,92.6,4.3
AAA,16,107.9,4.8
AAA,17,100.9,4.6
AAA,18,108.4,4.9
AAA,19,110.1,4.5
AAA,20,102.6,4.5
AAA,21,92.2,4.3
AAA,22,96.0,4.2
AAA,23,105.2,4.6
AAA,24,97.2,4.4
AAA,25,91.8,4.4
AAA,26,82.2,4.3
AAA,27,73.2,4.0
AAA,28,68.3,3.9
AAA,29,83.6,4.5
AAA,30,99.6,4.9
AAA,31,115.7,4.6
AAA,32,111.7,4.3
AAA,33,110.8,4.1
AAA,34,147.1,4.7
AAA,35,25.1,3.0
AAA,36,12.0,2.4
AAA,37,8.0,2.2
AAA,38,4.2,1.5
BBB,0,193.3,6.9
BBB,1,91.1,3.6
BBB,2,88.9,3.8
BBB,3,83.1,3.8
BBB,4,86.6,3.6
BBB,5,86.0,3.6
BBB,6,87.8,3.7
BBB,7,76.2,3.6
BBB,8,56.3,3.3
BBB,9,49.2,3.0
BBB,10,52.1,2.9
BBB,11,56.3,2.8
BBB,12,64.9,3.1
BBB,13,85.3,3.4
BBB,14,70.3,3.3
BBB,15,62.8,3.3
BBB,16,66.3,3.2
BBB,17,63.3,3.3
BBB,18,59.9,3.2
BBB,19,61.7,3.2
BBB,20,60.8,3.1
BBB,21,70.6,3.3
BBB,22,63.4,3.2
BBB,23,60.2,3.3
BBB,24,50.8,3.0
BBB,25,51.6,2.8
BBB,26,57.1,2.9
BBB,27,57.8,3.0
BBB,28,63.8,3.2
BBB,29,57.2,3.0
BBB,30,54.4,2.9
BBB,31,66.8,3.1
BBB,32,64.3,2.9
BBB,33,71.7,3.0
BBB,34,49.8,2.7
BBB,35,19.6,2.2
BBB,36,11.9,2.0
BBB,37,10.4,1.7
BBB,38,7.2,1.3
CCC,0,275.9,10.6
CCC,1,154.3,4.1
CCC,2,175.5,4.4
CCC,3,103.0,4.0
CCC,4,107.1,4.4
CCC,5,79.2,4.0
CCC,6,84.4,3.7
CCC,7,84.0,3.4
CCC,8,101.0,3.6
CCC,9,150.5,4.1
CCC,10,46.9,3.0
CCC,11,42.4,2.7
CCC,12,50.4,2.8
CCC,13,67.1,3.5
CCC,14,82.9,3.8
CCC,15,86.4,3.9
CCC,16,77.7,3.6
CCC,17,77.9,3.4
CCC,18,79.6,3.4
CCC,19,136.4,3.9
CCC,20,127.1,4.0
CCC,21,68.0,3.7
CCC,22,66.8,3.7
CCC,23,54.1,3.4
CCC,24,52.5,3.2
CCC,25,58.0,3.1
CCC,26,63.6,2.9
CCC,27,77.5,3.3
CCC,28,99.0,3.7
CCC,29,132.1,4.0
CCC,30,158.5,3.9
CCC,31,113.1,3.4
CCC,32,154.6,3.8
CCC,33,124.1,3.4
CCC,34,145.4,3.6
CCC,35,27.2,2.8
CCC,36,11.0,2.2
CCC,37,13.5,2.1
CCC,38,8.3,1.6
DDD,0,302.1,13.5
DDD,1,102.3,4.8
DDD,2,113.5,4.9
DDD,3,118.9,5.1
DDD,4,91.6,4.8
DDD,5,79.8,4.5
DDD,6,85.4,4.6
DDD,7,81.5,4.7
DDD,8,52.4,4.3
DDD,9,51.5,4.0
DDD,10,44.7,3.6
DDD,11,50.2,3.8
DDD,12,52.2,4.1
DDD,13,50.5,4.0
DDD,14,47.1,3.9
DDD,15,56.7,4.1
DDD,16,74.4,4.5
DDD,17,89.3,4.5
DDD,18,85.0,4.4
DDD,19,81.9,4.3
DDD,20,82.1,4.5
DDD,21,69.5,4.4
DDD,22,55.5,4.1
DDD,23,51.0,3.9
DDD,24,40.6,3.6
DDD,25,30.5,3.2
DDD,26,31.0,3.1
DDD,27,40.8,3.4
DDD,28,49.5,3.7
DDD,29,61.9,3.9
DDD,30,68.1,3.8
DDD,31,67.5,3.6
DDD,32,79.0,4.0
DDD,33,67.0,3.7
DDD,34,37.7,2.8
DDD,35,13.5,2.4
DDD,36,8.6,2.1
DDD,37,4.4,1.4
EEE,0,321.0,9.8
EEE,1,145.0,4.3
EEE,2,178.0,4.7
EEE,3,108.1,4.5
EEE,4,118.0,4.8
EEE,5,80.8,4.2
EEE,6,102.6,4.7
EEE,7,98.4,4.6
EEE,8,92.9,4.5
EEE,9,112.5,4.7
EEE,10,49.2,3.4
EEE,11,31.2,2.5
EEE,12,49.0,2.6
EEE,13,52.1,3.2
EEE,14,68.6,3.6
EEE,15,74.6,3.9
EEE,16,99.4,4.3
EEE,17,119.6,4.6
EEE,18,132.2,4.4
EEE,19,152.4,4.3
EEE,20,166.1,4.5
EEE,21,177.2,4.6
EEE,22,178.5,4.7
EEE,23,141.1,4.2
EEE,24,63.9,3.4
EEE,25,57.4,3.0
EEE,26,60.5,2.9
EEE,27,71.3,2.9
EEE,28,58.6,2.7
EEE,29,67.0,2.9
EEE,30,58.6,3.1
EEE,31,55.6,3.1
EEE,32,61.1,3.4
EEE,33,60.6,3.2
EEE,34,11.3,2.1
EEE,35,8.9,1.9
EEE,36,7.6,1.8
EEE,37,7.1,1.8
EEE,38,5.0,1.4
FFF,0,471.4,12.9
FFF,1,208.2,5.0
FFF,2,262.1,5.4
FFF,3,227.2,5.3
FFF,4,198.3,5.2
FFF,5,176.1,5.0
FFF,6,196.9,5.3
FFF,7,190.0,5.1
FFF,8,144.2,4.6
FFF,9,144.0,4.4
FFF,10,130.1,4.1
FFF,11,109.7,3.6
FFF,12,148.0,4.2
FFF,13,180.0,4.8
FFF,14,158.4,4.7
FFF,15,140.9,4.4
FFF,16,135.2,4.1
FFF,17,134.1,4.2
FFF,18,172.7,4.7
FFF,19,179.2,4.9
FFF,20,187.9,4.9
FFF,21,188.1,4.7
FFF,22,173.3,4.4
FFF,23,150.6,4.4
FFF,24,144.1,4.3
FFF,25,129.4,3.9
FFF,26,126.1,3.7
FFF,27,131.3,3.7
FFF,28,144.5,3.9
FFF,29,158.7,3.9
FFF,30,179.0,4.1
FFF,31,193.2,4.0
FFF,32,136.6,3.7
FFF,33,134.4,3.6
FFF,34,80.6,2.7
FFF,35,16.5,2.4
FFF,36,12.3,2.3
FFF,37,9.0,2.2
FFF,38,5.3,1.5
GGG,0,113.1,5.8
GGG,1,40.3,2.7
GGG,2,33.2,2.4
GGG,3,29.5,2.2
GGG,4,28.0,2.1
GGG,5,26.0,2.0
GGG,6,26.3,2.1
GGG,7,25.9,2.2
GGG,8,28.0,2.4
GGG,9,26.9,2.4
GGG,10,36.6,2.2
GGG,11,31.9,2.1
GGG,12,44.3,2.4
GGG,13,41.0,2.5
GGG,14,33.8,2.4
GGG,15,32.6,2.5
GGG,16,37.4,2.6
GGG,17,54.5,3.2
GGG,18,65.1,3.2
GGG,19,60.1,2.9
GGG,20,54.8,2.7
GGG,21,71.9,2.8
GGG,22,55.7,2.7
GGG,23,45.5,2.7
GGG,24,43.9,2.9
GGG,25,42.8,2.7
GGG,26,48.9,2.6
GGG,27,59.2,2.5
GGG,28,65.4,2.7
GGG,29,56.6,2.6
GGG,30,58.3,2.7
GGG,31,50.2,2.5
GGG,32,50.8,2.8
GGG,33,8.8,1.8
GGG,34,6.2,1.5
GGG,35,5.2,1.3
GGG,36,4.5,1.4
GGG,37,3.7,1.3
GGG,38,4.9,1.5
