student_id,week4_risk,week8_risk,week12_risk,week17_risk,academic_risk
OULAD_000001,0.35,0.37,0.41,0.47,0.47
OULAD_000002,0.25,0.33,0.49,0.48,0.48
OULAD_000003,0.42,0.5,0.4,0.35,0.35
OULAD_000004,0.16,0.12,0.04,0.16,0.16
OULAD_000005,0.55,0.43,0.6,0.65,0.65
OULAD_000006,0.11,0.18,0.14,0.04,0.04
OULAD_000007,0.51,0.54,0.51,0.59,0.59
OULAD_000008,0.18,0.28,0.23,0.29,0.29
OULAD_000009,0.2,0.16,0.27,0.27,0.27
OULAD_000010,0.38,0.46,0.38,0.53,0.53
OULAD_000011,0.54,0.65,0.67,0.64,0.64
OULAD_000012,0.08,0.1,0.1,0.1,0.1
OULAD_000013,0.36,0.41,0.51,0.6,0.6
OULAD_000014,0.27,0.32,0.3,0.32,0.32
OULAD_000015,0.13,0.09,0.14,0.05,0.05
OULAD_000016,0.35,0.42,0.34,0.38,0.38
OULAD_000017,0.13,0.28,0.48,0.47,0.47
OULAD_000018,0.33,0.35,0.35,0.44,0.44
OULAD_000019,0.17,0.07,0.09,0.12,0.12
OULAD_000020,0.21,0.17,0.33,0.35,0.35
OULAD_000021,0.26,0.14,0.11,0.05,0.05
OULAD_000022,0.39,0.51,0.67,0.67,0.67
OULAD_000023,0.15,0.23,0.22,0.32,0.32
OULAD_000024,0.31,0.29,0.36,0.32,0.32
OULAD_000025,0.2,0.11,0.08,0.1,0.1
OULAD_000026,0.18,0.14,0.05,0.0,0.0
OULAD_000027,0.37,0.34,0.39,0.32,0.32
OULAD_000028,0.2,0.23,0.3,0.32,0.32
OULAD_000029,0.19,0.21,0.13,0.16,0.16
OULAD_000030,0.28,0.41,0.41,0.59,0.59
OULAD_000031,0.1,0.06,0.18,0.16,0.16
OULAD_000032,0.21,0.11,0.18,0.19,0.19
OULAD_000033,0.31,0.24,0.23,0.15,0.15
OULAD_000034,0.04,0.06,0.03,0.1,0.1
OULAD_000035,0.12,0.09,0.26,0.31,0.31
OULAD_000036,0.21,0.21,0.11,0.25,0.25
OULAD_000037,0.36,0.34,0.36,0.47,0.47
OULAD_000038,0.65,0.75,0.65,0.7,0.7
OULAD_000039,0.16,0.14,0.26,0.24,0.24
OULAD_000040,0.07,0.06,0.08,0.12,0.12
OULAD_000041,0.08,0.15,0.19,0.2,0.2
OULAD_000042,0.17,0.15,0.39,0.49,0.49
OULAD_000043,0.54,0.6,0.57,0.66,0.66
OULAD_000044,0.06,0.11,0.27,0.26,0.26
OULAD_000045,0.24,0.27,0.26,0.16,0.16
OULAD_000046,0.31,0.24,0.24,0.37,0.37
OULAD_000047,0.15,0.27,0.5,0.57,0.57
OULAD_000048,0.39,0.58,0.59,0.59,0.59
OULAD_000049,0.48,0.51,0.42,0.48,0.48
OULAD_000050,0.1,0.03,0.07,0.1,0.1
OULAD_000051,0.37,0.39,0.39,0.52,0.52
OULAD_000052,0.3,0.4,0.45,0.31,0.31
OULAD_000053,0.22,0.19,0.2,0.19,0.19
OULAD_000054,0.16,0.17,0.37,0.52,0.52
OULAD_000055,0.46,0.51,0.57,0.64,0.64
OULAD_000056,0.1,0.21,0.15,0.31,0.31
OULAD_000057,0.18,0.26,0.29,0.21,0.21
OULAD_000058,0.34,0.43,0.38,0.49,0.49
OULAD_000059,0.27,0.26,0.26,0.36,0.36
OULAD_000060,0.44,0.5,0.44,0.33,0.33
OULAD_000061,0.13,0.09,0.28,0.28,0.28
OULAD_000062,0.4,0.49,0.45,0.46,0.46
OULAD_000063,0.32,0.43,0.51,0.4,0.4
OULAD_000064,0.29,0.36,0.35,0.35,0.35
OULAD_000065,0.11,0.1,0.03,0.12,0.12
OULAD_000066,0.34,0.35,0.38,0.37,0.37
OULAD_000067,0.17,0.33,0.39,0.43,0.43
OULAD_000068,0.8,0.79,0.86,0.9,0.9
OULAD_000069,0.13,0.24,0.05,0.07,0.07
OULAD_000070,0.13,0.17,0.09,0.06,0.06
OULAD_000071,0.34,0.33,0.43,0.5,0.5
OULAD_000072,0.03,0.0,0.0,0.0,0.0
OULAD_000073,0.16,0.2,0.23,0.25,0.25
OULAD_000074,0.26,0.29,0.21,0.34,0.34
OULAD_000075,0.25,0.41,0.49,0.48,0.48
OULAD_000076,0.07,0.02,0.11,0.08,0.08
OULAD_000077,0.46,0.66,0.74,0.82,0.82
OULAD_000078,0.54,0.59,0.69,0.73,0.73
OULAD_000079,0.26,0.31,0.46,0.54,0.54
OULAD_000080,0.07,0.04,0.0,0.02,0.02
OULAD_000081,0.05,0.09,0.05,0.0,0.0
OULAD_000082,0.13,0.18,0.28,0.39,0.39
OULAD_000083,0.33,0.42,0.53,0.72,0.72
OULAD_000084,0.12,0.06,0.03,0.15,0.15
OULAD_000085,0.11,0.24,0.2,0.0,0.0
OULAD_000086,0.32,0.37,0.34,0.4,0.4
OULAD_000087,0.22,0.29,0.18,0.16,0.16
OULAD_000088,0.3,0.31,0.23,0.16,0.16
OULAD_000089,0.4,0.35,0.27,0.3,0.3
OULAD_000090,0.18,0.21,0.21,0.21,0.21
OULAD_000091,0.23,0.27,0.31,0.37,0.37
OULAD_000092,0.18,0.08,0.14,0.16,0.16
OULAD_000093,0.27,0.35,0.33,0.26,0.26
OULAD_000094,0.24,0.34,0.32,0.29,0.29
OULAD_000095,0.33,0.29,0.32,0.28,0.28
OULAD_000096,0.44,0.38,0.28,0.16,0.16
OULAD_000097,0.39,0.38,0.48,0.39,0.39
OULAD_000098,0.1,0.12,0.24,0.24,0.24
OULAD_000099,0.21,0.21,0.18,0.31,0.31
OULAD_000100,0.17,0.18,0.17,0.15,0.15
OULAD_000101,0.23,0.26,0.38,0.34,0.34
OULAD_000102,0.48,0.39,0.4,0.32,0.32
OULAD_000103,0.12,0.04,0.1,0.13,0.13
OULAD_000104,0.17,0.0,0.01,0.13,0.13
OULAD_000105,0.24,0.34,0.48,0.66,0.66
OULAD_000106,0.2,0.22,0.28,0.32,0.32
OULAD_000107,0.15,0.26,0.32,0.35,0.35
OULAD_000108,0.3,0.23,0.3,0.27,0.27
OULAD_000109,0.26,0.28,0.26,0.25,0.25
OULAD_000110,0.18,0.22,0.2,0.27,0.27
OULAD_000111,0.07,0.05,0.13,0.12,0.12
OULAD_000112,0.37,0.26,0.29,0.3,0.3
OULAD_000113,0.17,0.32,0.25,0.27,0.27
OULAD_000114,0.65,0.78,0.95,0.92,0.92
OULAD_000115,0.5,0.49,0.59,0.6,0.6
OULAD_000116,0.41,0.47,0.49,0.35,0.35
OULAD_000117,0.38,0.36,0.36,0.42,0.42
OULAD_000118,0.48,0.42,0.46,0.67,0.67
OULAD_000119,0.45,0.62,0.68,0.65,0.65
OULAD_000120,0.31,0.2,0.06,0.11,0.11
OULAD_000121,0.35,0.34,0.53,0.62,0.62
OULAD_000122,0.54,0.57,0.52,0.64,0.64
OULAD_000123,0.31,0.46,0.48,0.48,0.48
OULAD_000124,0.15,0.24,0.26,0.14,0.14
OULAD_000125,0.45,0.34,0.52,0.56,0.56
OULAD_000126,0.36,0.38,0.39,0.42,0.42
OULAD_000127,0.06,0.08,0.23,0.22,0.22
OULAD_000128,0.23,0.23,0.29,0.3,0.3
OULAD_000129,0.19,0.26,0.2,0.24,0.24
OULAD_000130,0.52,0.43,0.46,0.51,0.51
OULAD_000131,0.22,0.21,0.22,0.26,0.26
OULAD_000132,0.14,0.2,0.13,0.13,0.13
OULAD_000133,0.47,0.55,0.59,0.65,0.65
OULAD_000134,0.16,0.19,0.21,0.21,0.21
OULAD_000135,0.06,0.06,0.12,0.19,0.19
OULAD_000136,0.34,0.35,0.39,0.36,0.36
OULAD_000137,0.31,0.39,0.35,0.38,0.38
OULAD_000138,0.28,0.3,0.38,0.27,0.27
OULAD_000139,0.33,0.27,0.24,0.23,0.23
OULAD_000140,0.41,0.33,0.1,0.17,0.17
OULAD_000141,0.32,0.22,0.25,0.19,0.19
OULAD_000142,0.18,0.32,0.29,0.29,0.29
OULAD_000143,0.11,0.19,0.25,0.07,0.07
OULAD_000144,0.06,0.07,0.25,0.16,0.16
OULAD_000145,0.39,0.37,0.56,0.49,0.49
OULAD_000146,0.22,0.19,0.2,0.23,0.23
OULAD_000147,0.17,0.28,0.23,0.28,0.28
OULAD_000148,0.07,0.24,0.31,0.32,0.32
OULAD_000149,0.21,0.18,0.17,0.16,0.16
OULAD_000150,0.36,0.47,0.52,0.51,0.51
OULAD_000151,0.32,0.34,0.31,0.38,0.38
OULAD_000152,0.14,0.14,0.18,0.22,0.22
OULAD_000153,0.22,0.36,0.31,0.31,0.31
OULAD_000154,0.14,0.16,0.27,0.39,0.39
OULAD_000155,0.06,0.11,0.08,0.26,0.26
OULAD_000156,0.58,0.62,0.69,0.61,0.61
OULAD_000157,0.17,0.06,0.0,0.06,0.06
OULAD_000158,0.49,0.53,0.61,0.88,0.88
OULAD_000159,0.22,0.2,0.14,0.18,0.18
OULAD_000160,0.37,0.28,0.32,0.35,0.35
OULAD_000161,0.39,0.37,0.47,0.48,0.48
OULAD_000162,0.29,0.27,0.27,0.33,0.33
OULAD_000163,0.36,0.46,0.4,0.48,0.48
OULAD_000164,0.37,0.3,0.36,0.28,0.28
OULAD_000165,0.43,0.39,0.34,0.36,0.36
OULAD_000166,0.06,0.1,0.09,0.0,0.0
OULAD_000167,0.15,0.07,0.11,0.11,0.11
OULAD_000168,0.69,0.66,0.79,0.73,0.73
OULAD_000169,0.05,0.0,0.02,0.07,0.07
OULAD_000170,0.19,0.28,0.3,0.19,0.19
OULAD_000171,0.27,0.27,0.35,0.33,0.33
OULAD_000172,0.32,0.34,0.36,0.46,0.46
OULAD_000173,0.48,0.58,0.65,0.61,0.61
OULAD_000174,0.32,0.28,0.39,0.26,0.26
OULAD_000175,0.49,0.49,0.48,0.52,0.52
OULAD_000176,0.18,0.12,0.0,0.0,0.0
OULAD_000177,0.03,0.0,0.0,0.01,0.01
OULAD_000178,0.44,0.38,0.5,0.46,0.46
OULAD_000179,0.22,0.2,0.22,0.4,0.4
OULAD_000180,0.13,0.12,0.11,0.0,0.0
OULAD_000181,0.56,0.61,0.72,0.97,0.97
OULAD_000182,0.14,0.08,0.1,0.08,0.08
OULAD_000183,0.19,0.23,0.09,0.12,0.12
OULAD_000184,0.28,0.34,0.24,0.21,0.21
OULAD_000185,0.26,0.24,0.29,0.27,0.27
OULAD_000186,0.17,0.13,0.14,0.1,0.1
OULAD_000187,0.39,0.42,0.55,0.62,0.62
OULAD_000188,0.14,0.14,0.1,0.01,0.01
OULAD_000189,0.47,0.5,0.5,0.55,0.55
OULAD_000190,0.62,0.76,0.71,0.56,0.56
OULAD_000191,0.31,0.33,0.31,0.35,0.35
OULAD_000192,0.31,0.28,0.15,0.24,0.24
OULAD_000193,0.13,0.08,0.07,0.0,0.0
OULAD_000194,0.72,0.68,0.69,0.77,0.77
OULAD_000195,0.12,0.02,0.03,0.06,0.06
OULAD_000196,0.29,0.38,0.57,0.72,0.72
OULAD_000197,0.51,0.36,0.52,0.47,0.47
OULAD_000198,0.16,0.22,0.18,0.42,0.42
OULAD_000199,0.26,0.21,0.07,0.0,0.0
OULAD_000200,0.14,0.12,0.13,0.12,0.12
OULAD_000201,0.39,0.34,0.39,0.27,0.27
OULAD_000202,0.46,0.6,0.55,0.72,0.72
OULAD_000203,0.13,0.15,0.1,0.1,0.1
OULAD_000204,0.06,0.14,0.29,0.29,0.29
OULAD_000205,0.02,0.14,0.14,0.2,0.2
OULAD_000206,0.16,0.19,0.27,0.28,0.28
OULAD_000207,0.27,0.19,0.14,0.11,0.11
OULAD_000208,0.53,0.53,0.55,0.47,0.47
OULAD_000209,0.31,0.27,0.26,0.29,0.29
OULAD_000210,0.25,0.23,0.2,0.25,0.25
OULAD_000211,0.4,0.42,0.53,0.6,0.6
OULAD_000212,0.37,0.38,0.29,0.46,0.46
OULAD_000213,0.22,0.27,0.32,0.16,0.16
OULAD_000214,0.09,0.16,0.15,0.16,0.16
OULAD_000215,0.43,0.44,0.49,0.6,0.6
OULAD_000216,0.31,0.36,0.35,0.36,0.36
OULAD_000217,0.09,0.06,0.15,0.0,0.0
OULAD_000218,0.32,0.45,0.39,0.31,0.31
OULAD_000219,0.17,0.15,0.26,0.31,0.31
OULAD_000220,0.52,0.64,0.66,0.7,0.7
OULAD_000221,0.14,0.05,0.0,0.07,0.07
OULAD_000222,0.44,0.43,0.5,0.46,0.46
OULAD_000223,0.56,0.56,0.56,0.6,0.6
OULAD_000224,0.2,0.25,0.13,0.07,0.07
OULAD_000225,0.27,0.35,0.4,0.44,0.44
OULAD_000226,0.34,0.26,0.36,0.39,0.39
OULAD_000227,0.31,0.24,0.36,0.32,0.32
OULAD_000228,0.08,0.0,0.0,0.14,0.14
OULAD_000229,0.2,0.33,0.36,0.24,0.24
OULAD_000230,0.47,0.51,0.54,0.54,0.54
OULAD_000231,0.22,0.16,0.3,0.25,0.25
OULAD_000232,0.56,0.55,0.5,0.67,0.67
OULAD_000233,0.46,0.57,0.56,0.62,0.62
OULAD_000234,0.23,0.23,0.18,0.15,0.15
OULAD_000235,0.19,0.19,0.09,0.09,0.09
OULAD_000236,0.11,0.07,0.11,0.28,0.28
OULAD_000237,0.12,0.06,0.2,0.15,0.15
OULAD_000238,0.22,0.34,0.34,0.22,0.22
OULAD_000239,0.17,0.33,0.28,0.32,0.32
OULAD_000240,0.24,0.18,0.21,0.26,0.26
OULAD_000241,0.44,0.57,0.64,0.71,0.71
OULAD_000242,0.31,0.29,0.29,0.37,0.37
OULAD_000243,0.41,0.47,0.61,0.77,0.77
OULAD_000244,0.24,0.37,0.33,0.21,0.21
OULAD_000245,0.31,0.31,0.31,0.23,0.23
OULAD_000246,0.22,0.22,0.26,0.33,0.33
OULAD_000247,0.23,0.31,0.36,0.3,0.3
OULAD_000248,0.6,0.53,0.56,0.46,0.46
OULAD_000249,0.19,0.3,0.22,0.38,0.38
OULAD_000250,0.33,0.36,0.57,0.46,0.46
OULAD_000251,0.15,0.13,0.13,0.12,0.12
OULAD_000252,0.59,0.56,0.59,0.61,0.61
OULAD_000253,0.14,0.05,0.11,0.24,0.24
OULAD_000254,0.15,0.12,0.09,0.0,0.0
OULAD_000255,0.47,0.47,0.49,0.55,0.55
OULAD_000256,0.35,0.28,0.25,0.2,0.2
OULAD_000257,0.22,0.24,0.29,0.36,0.36
OULAD_000258,0.38,0.44,0.44,0.38,0.38
OULAD_000259,0.25,0.26,0.3,0.44,0.44
OULAD_000260,0.19,0.26,0.2,0.15,0.15
OULAD_000261,0.22,0.17,0.13,0.0,0.0
OULAD_000262,0.55,0.65,0.56,0.51,0.51
OULAD_000263,0.43,0.46,0.42,0.42,0.42
OULAD_000264,0.34,0.48,0.3,0.4,0.4
OULAD_000265,0.28,0.49,0.49,0.41,0.41
OULAD_000266,0.2,0.19,0.16,0.09,0.09
OULAD_000267,0.2,0.18,0.22,0.31,0.31
OULAD_000268,0.42,0.42,0.44,0.35,0.35
OULAD_000269,0.09,0.16,0.28,0.29,0.29
OULAD_000270,0.07,0.19,0.42,0.43,0.43
OULAD_000271,0.37,0.34,0.45,0.49,0.49
OULAD_000272,0.18,0.23,0.22,0.18,0.18
OULAD_000273,0.47,0.48,0.46,0.4,0.4
OULAD_000274,0.44,0.51,0.6,0.65,0.65
OULAD_000275,0.27,0.41,0.3,0.25,0.25
OULAD_000276,0.44,0.44,0.44,0.35,0.35
OULAD_000277,0.45,0.34,0.34,0.46,0.46
OULAD_000278,0.51,0.59,0.66,0.72,0.72
OULAD_000279,0.2,0.15,0.22,0.38,0.38
OULAD_000280,0.06,0.06,0.03,0.11,0.11
OULAD_000281,0.01,0.1,0.08,0.0,0.0
OULAD_000282,0.44,0.49,0.54,0.57,0.57
OULAD_000283,0.26,0.27,0.22,0.16,0.16
OULAD_000284,0.12,0.09,0.21,0.1,0.1
OULAD_000285,0.29,0.08,0.15,0.13,0.13
OULAD_000286,0.25,0.32,0.36,0.46,0.46
OULAD_000287,0.27,0.27,0.32,0.37,0.37
OULAD_000288,0.23,0.37,0.35,0.26,0.26
OULAD_000289,0.4,0.45,0.42,0.4,0.4
OULAD_000290,0.12,0.1,0.09,0.09,0.09
OULAD_000291,0.24,0.35,0.41,0.29,0.29
OULAD_000292,0.17,0.28,0.32,0.39,0.39
OULAD_000293,0.36,0.37,0.35,0.35,0.35
OULAD_000294,0.16,0.27,0.35,0.26,0.26
OULAD_000295,0.1,0.07,0.08,0.0,0.0
OULAD_000296,0.33,0.36,0.32,0.43,0.43
OULAD_000297,0.31,0.37,0.41,0.4,0.4
OULAD_000298,0.08,0.16,0.1,0.21,0.21
OULAD_000299,0.47,0.54,0.43,0.57,0.57
OULAD_000300,0.32,0.31,0.33,0.43,0.43
OULAD_000301,0.21,0.31,0.28,0.26,0.26
OULAD_000302,0.04,0.05,0.05,0.0,0.0
OULAD_000303,0.42,0.39,0.33,0.38,0.38
OULAD_000304,0.31,0.28,0.4,0.58,0.58
OULAD_000305,0.36,0.54,0.5,0.52,0.52
OULAD_000306,0.32,0.28,0.27,0.13,0.13
OULAD_000307,0.06,0.18,0.23,0.2,0.2
OULAD_000308,0.22,0.15,0.06,0.06,0.06
OULAD_000309,0.42,0.48,0.39,0.32,0.32
OULAD_000310,0.09,0.13,0.18,0.0,0.0
OULAD_000311,0.24,0.39,0.38,0.39,0.39
OULAD_000312,0.11,0.07,0.02,0.0,0.0
OULAD_000313,0.39,0.34,0.41,0.57,0.57
OULAD_000314,0.26,0.27,0.22,0.25,0.25
OULAD_000315,0.38,0.54,0.54,0.59,0.59
OULAD_000316,0.37,0.32,0.26,0.27,0.27
OULAD_000317,0.58,0.39,0.44,0.47,0.47
OULAD_000318,0.56,0.59,0.71,0.6,0.6
OULAD_000319,0.09,0.18,0.06,0.0,0.0
OULAD_000320,0.34,0.28,0.31,0.42,0.42
OULAD_000321,0.61,0.7,0.79,0.82,0.82
OULAD_000322,0.31,0.25,0.24,0.23,0.23
OULAD_000323,0.65,0.66,0.59,0.64,0.64
OULAD_000324,0.23,0.31,0.36,0.42,0.42
OULAD_000325,0.45,0.38,0.48,0.66,0.66
OULAD_000326,0.6,0.63,0.73,0.76,0.76
OULAD_000327,0.14,0.25,0.3,0.24,0.24
OULAD_000328,0.24,0.29,0.32,0.33,0.33
OULAD_000329,0.6,0.57,0.52,0.58,0.58
OULAD_000330,0.29,0.43,0.52,0.62,0.62
OULAD_000331,0.4,0.47,0.56,0.45,0.45
OULAD_000332,0.45,0.32,0.25,0.29,0.29
OULAD_000333,0.18,0.27,0.32,0.27,0.27
OULAD_000334,0.41,0.38,0.46,0.43,0.43
OULAD_000335,0.35,0.39,0.48,0.56,0.56
OULAD_000336,0.18,0.28,0.29,0.37,0.37
OULAD_000337,0.21,0.18,0.13,0.1,0.1
OULAD_000338,0.61,0.5,0.48,0.48,0.48
OULAD_000339,0.14,0.28,0.22,0.2,0.2
OULAD_000340,0.44,0.55,0.57,0.82,0.82
OULAD_000341,0.31,0.32,0.32,0.36,0.36
OULAD_000342,0.46,0.54,0.73,0.69,0.69
OULAD_000343,0.43,0.42,0.51,0.64,0.64
OULAD_000344,0.28,0.31,0.4,0.53,0.53
OULAD_000345,0.19,0.19,0.25,0.41,0.41
OULAD_000346,0.56,0.55,0.54,0.73,0.73
OULAD_000347,0.5,0.55,0.55,0.63,0.63
OULAD_000348,0.32,0.25,0.25,0.24,0.24
OULAD_000349,0.29,0.29,0.33,0.33,0.33
OULAD_000350,0.13,0.17,0.22,0.22,0.22
OULAD_000351,0.44,0.61,0.63,0.62,0.62
OULAD_000352,0.58,0.5,0.5,0.62,0.62
OULAD_000353,0.12,0.19,0.16,0.18,0.18
OULAD_000354,0.14,0.21,0.12,0.22,0.22
OULAD_000355,0.19,0.06,0.18,0.25,0.25
OULAD_000356,0.19,0.24,0.44,0.37,0.37
OULAD_000357,0.28,0.37,0.48,0.36,0.36
OULAD_000358,0.26,0.33,0.25,0.17,0.17
OULAD_000359,0.12,0.13,0.21,0.2,0.2
OULAD_000360,0.59,0.63,0.74,0.77,0.77
OULAD_000361,0.14,0.18,0.16,0.13,0.13
OULAD_000362,0.27,0.15,0.21,0.29,0.29
OULAD_000363,0.17,0.2,0.19,0.17,0.17
OULAD_000364,0.51,0.5,0.64,0.68,0.68
OULAD_000365,0.22,0.18,0.23,0.26,0.26
OULAD_000366,0.3,0.52,0.47,0.63,0.63
OULAD_000367,0.6,0.72,0.8,0.74,0.74
OULAD_000368,0.23,0.15,0.26,0.46,0.46
OULAD_000369,0.33,0.38,0.41,0.39,0.39
OULAD_000370,0.16,0.29,0.35,0.26,0.26
OULAD_000371,0.26,0.16,0.18,0.18,0.18
OULAD_000372,0.39,0.41,0.34,0.62,0.62
OULAD_000373,0.12,0.15,0.16,0.25,0.25
OULAD_000374,0.23,0.15,0.21,0.28,0.28
OULAD_000375,0.34,0.39,0.4,0.48,0.48
OULAD_000376,0.07,0.18,0.27,0.22,0.22
OULAD_000377,0.38,0.52,0.51,0.55,0.55
OULAD_000378,0.32,0.32,0.31,0.33,0.33
OULAD_000379,0.2,0.42,0.5,0.67,0.67
OULAD_000380,0.29,0.14,0.18,0.19,0.19
OULAD_000381,0.6,0.65,0.64,0.63,0.63
OULAD_000382,0.1,0.0,0.11,0.03,0.03
OULAD_000383,0.28,0.3,0.27,0.3,0.3
OULAD_000384,0.5,0.48,0.44,0.49,0.49
OULAD_000385,0.16,0.22,0.01,0.0,0.0
OULAD_000386,0.21,0.22,0.2,0.26,0.26
OULAD_000387,0.46,0.42,0.54,0.58,0.58
OULAD_000388,0.28,0.24,0.09,0.19,0.19
OULAD_000389,0.19,0.36,0.3,0.42,0.42
OULAD_000390,0.11,0.17,0.23,0.25,0.25
OULAD_000391,0.42,0.31,0.15,0.08,0.08
OULAD_000392,0.64,0.71,0.69,0.64,0.64
OULAD_000393,0.31,0.31,0.42,0.58,0.58
OULAD_000394,0.41,0.43,0.61,0.65,0.65
OULAD_000395,0.2,0.28,0.32,0.48,0.48
OULAD_000396,0.14,0.25,0.2,0.26,0.26
OULAD_000397,0.1,0.05,0.0,0.08,0.08
OULAD_000398,0.37,0.38,0.42,0.51,0.51
OULAD_000399,0.51,0.48,0.53,0.45,0.45
OULAD_000400,0.24,0.3,0.47,0.52,0.52
OULAD_000401,0.41,0.41,0.5,0.43,0.43
OULAD_000402,0.26,0.29,0.31,0.31,0.31
OULAD_000403,0.38,0.38,0.37,0.44,0.44
OULAD_000404,0.23,0.24,0.5,0.44,0.44
OULAD_000405,0.05,0.2,0.27,0.34,0.34
OULAD_000406,0.16,0.38,0.34,0.24,0.24
OULAD_000407,0.19,0.24,0.24,0.36,0.36
OULAD_000408,0.26,0.27,0.22,0.19,0.19
OULAD_000409,0.36,0.25,0.08,0.01,0.01
OULAD_000410,0.08,0.04,0.08,0.0,0.0
OULAD_000411,0.11,0.12,0.28,0.25,0.25
OULAD_000412,0.25,0.21,0.1,0.0,0.0
OULAD_000413,0.55,0.52,0.54,0.52,0.52
OULAD_000414,0.34,0.48,0.45,0.55,0.55
OULAD_000415,0.11,0.13,0.2,0.2,0.2
OULAD_000416,0.08,0.11,0.11,0.04,0.04
OULAD_000417,0.22,0.19,0.1,0.14,0.14
OULAD_000418,0.24,0.35,0.3,0.33,0.33
OULAD_000419,0.47,0.47,0.43,0.6,0.6
OULAD_000420,0.11,0.09,0.22,0.3,0.3
OULAD_000421,0.35,0.24,0.37,0.41,0.41
OULAD_000422,0.11,0.13,0.12,0.22,0.22
OULAD_000423,0.52,0.5,0.62,0.62,0.62
OULAD_000424,0.46,0.62,0.62,0.64,0.64
OULAD_000425,0.45,0.61,0.61,0.76,0.76
OULAD_000426,0.45,0.37,0.4,0.29,0.29
OULAD_000427,0.21,0.14,0.18,0.28,0.28
OULAD_000428,0.55,0.55,0.53,0.54,0.54
OULAD_000429,0.24,0.2,0.22,0.21,0.21
OULAD_000430,0.35,0.39,0.47,0.45,0.45
OULAD_000431,0.56,0.56,0.59,0.62,0.62
OULAD_000432,0.07,0.11,0.13,0.15,0.15
OULAD_000433,0.48,0.58,0.64,0.63,0.63
OULAD_000434,0.36,0.3,0.37,0.33,0.33
OULAD_000435,0.4,0.5,0.52,0.38,0.38
OULAD_000436,0.14,0.11,0.09,0.05,0.05
OULAD_000437,0.15,0.34,0.38,0.35,0.35
OULAD_000438,0.27,0.42,0.31,0.34,0.34
OULAD_000439,0.27,0.28,0.28,0.46,0.46
OULAD_000440,0.2,0.14,0.0,0.0,0.0
OULAD_000441,0.52,0.45,0.33,0.27,0.27
OULAD_000442,0.01,0.1,0.0,0.0,0.0
OULAD_000443,0.23,0.25,0.35,0.38,0.38
OULAD_000444,0.09,0.18,0.2,0.27,0.27
OULAD_000445,0.54,0.74,0.66,0.74,0.74
OULAD_000446,0.34,0.3,0.36,0.44,0.44
OULAD_000447,0.22,0.14,0.24,0.34,0.34
OULAD_000448,0.12,0.16,0.22,0.22,0.22
OULAD_000449,0.33,0.44,0.44,0.63,0.63
OULAD_000450,0.1,0.04,0.08,0.07,0.07
OULAD_000451,0.34,0.36,0.45,0.48,0.48
OULAD_000452,0.58,0.71,0.69,0.82,0.82
OULAD_000453,0.55,0.44,0.46,0.53,0.53
OULAD_000454,0.14,0.18,0.18,0.02,0.02
OULAD_000455,0.54,0.52,0.41,0.43,0.43
OULAD_000456,0.05,0.08,0.17,0.26,0.26
OULAD_000457,0.23,0.3,0.49,0.4,0.4
OULAD_000458,0.15,0.19,0.14,0.22,0.22
OULAD_000459,0.04,0.0,0.1,0.15,0.15
OULAD_000460,0.42,0.4,0.35,0.47,0.47
OULAD_000461,0.47,0.6,0.64,0.6,0.6
OULAD_000462,0.46,0.51,0.65,0.75,0.75
OULAD_000463,0.29,0.38,0.36,0.39,0.39
OULAD_000464,0.33,0.37,0.38,0.55,0.55
OULAD_000465,0.61,0.69,0.57,0.81,0.81
OULAD_000466,0.23,0.22,0.18,0.33,0.33
OULAD_000467,0.33,0.29,0.15,0.21,0.21
OULAD_000468,0.19,0.27,0.32,0.53,0.53
OULAD_000469,0.48,0.59,0.67,0.74,0.74
OULAD_000470,0.46,0.41,0.41,0.36,0.36
OULAD_000471,0.34,0.31,0.35,0.37,0.37
OULAD_000472,0.29,0.3,0.29,0.37,0.37
OULAD_000473,0.3,0.45,0.53,0.62,0.62
OULAD_000474,0.33,0.39,0.42,0.35,0.35
OULAD_000475,0.07,0.0,0.0,0.0,0.0
OULAD_000476,0.33,0.35,0.44,0.43,0.43
OULAD_000477,0.57,0.57,0.56,0.62,0.62
OULAD_000478,0.17,0.09,0.01,0.09,0.09
OULAD_000479,0.32,0.34,0.32,0.35,0.35
OULAD_000480,0.26,0.26,0.12,0.08,0.08
OULAD_000481,0.21,0.2,0.12,0.28,0.28
OULAD_000482,0.45,0.43,0.46,0.4,0.4
OULAD_000483,0.19,0.33,0.37,0.49,0.49
OULAD_000484,0.42,0.41,0.46,0.54,0.54
OULAD_000485,0.31,0.34,0.36,0.48,0.48
OULAD_000486,0.09,0.1,0.07,0.05,0.05
OULAD_000487,0.18,0.16,0.18,0.19,0.19
OULAD_000488,0.29,0.32,0.3,0.32,0.32
OULAD_000489,0.19,0.22,0.11,0.09,0.09
OULAD_000490,0.25,0.28,0.24,0.28,0.28
OULAD_000491,0.26,0.21,0.31,0.45,0.45
OULAD_000492,0.19,0.19,0.34,0.25,0.25
OULAD_000493,0.12,0.2,0.28,0.24,0.24
OULAD_000494,0.36,0.36,0.51,0.47,0.47
OULAD_000495,0.01,0.04,0.07,0.08,0.08
OULAD_000496,0.23,0.26,0.42,0.43,0.43
OULAD_000497,0.37,0.42,0.61,0.69,0.69
OULAD_000498,0.47,0.53,0.42,0.44,0.44
OULAD_000499,0.23,0.24,0.28,0.32,0.32
OULAD_000500,0.6,0.55,0.58,0.63,0.63
OULAD_000501,0.11,0.03,0.02,0.06,0.06
OULAD_000502,0.29,0.39,0.45,0.53,0.53
OULAD_000503,0.24,0.33,0.35,0.36,0.36
OULAD_000504,0.09,0.16,0.12,0.28,0.28
OULAD_000505,0.34,0.43,0.45,0.67,0.67
OULAD_000506,0.26,0.27,0.38,0.46,0.46
OULAD_000507,0.11,0.08,0.11,0.15,0.15
OULAD_000508,0.34,0.28,0.35,0.42,0.42
OULAD_000509,0.07,0.0,0.0,0.0,0.0
OULAD_000510,0.39,0.51,0.57,0.6,0.6
OULAD_000511,0.17,0.15,0.07,0.04,0.04
OULAD_000512,0.69,0.8,0.78,0.84,0.84
OULAD_000513,0.17,0.18,0.19,0.15,0.15
OULAD_000514,0.26,0.23,0.14,0.14,0.14
OULAD_000515,0.34,0.27,0.23,0.1,0.1
OULAD_000516,0.19,0.17,0.21,0.14,0.14
OULAD_000517,0.44,0.58,0.61,0.65,0.65
OULAD_000518,0.29,0.23,0.31,0.26,0.26
OULAD_000519,0.04,0.23,0.2,0.31,0.31
OULAD_000520,0.09,0.04,0.06,0.01,0.01
OULAD_000521,0.47,0.55,0.52,0.58,0.58
OULAD_000522,0.27,0.28,0.36,0.32,0.32
OULAD_000523,0.24,0.23,0.35,0.4,0.4
OULAD_000524,0.27,0.19,0.24,0.14,0.14
OULAD_000525,0.1,0.12,0.22,0.2,0.2
OULAD_000526,0.23,0.16,0.18,0.13,0.13
OULAD_000527,0.26,0.15,0.23,0.32,0.32
OULAD_000528,0.69,0.72,0.74,0.8,0.8
OULAD_000529,0.25,0.22,0.16,0.08,0.08
OULAD_000530,0.24,0.4,0.44,0.44,0.44
OULAD_000531,0.28,0.38,0.32,0.28,0.28
OULAD_000532,0.27,0.43,0.64,0.73,0.73
OULAD_000533,0.23,0.2,0.19,0.31,0.31
OULAD_000534,0.43,0.46,0.53,0.43,0.43
OULAD_000535,0.22,0.03,0.05,0.14,0.14
OULAD_000536,0.48,0.47,0.4,0.35,0.35
OULAD_000537,0.23,0.26,0.13,0.13,0.13
OULAD_000538,0.43,0.46,0.54,0.57,0.57
OULAD_000539,0.39,0.4,0.55,0.71,0.71
OULAD_000540,0.21,0.23,0.2,0.13,0.13
OULAD_000541,0.09,0.0,0.0,0.09,0.09
OULAD_000542,0.6,0.64,0.64,0.56,0.56
OULAD_000543,0.23,0.29,0.23,0.15,0.15
OULAD_000544,0.3,0.43,0.4,0.42,0.42
OULAD_000545,0.16,0.21,0.28,0.3,0.3
OULAD_000546,0.18,0.19,0.21,0.0,0.0
OULAD_000547,0.48,0.59,0.54,0.65,0.65
OULAD_000548,0.53,0.36,0.42,0.27,0.27
OULAD_000549,0.36,0.34,0.41,0.42,0.42
OULAD_000550,0.25,0.21,0.2,0.33,0.33
OULAD_000551,0.38,0.4,0.43,0.63,0.63
OULAD_000552,0.2,0.04,0.1,0.09,0.09
OULAD_000553,0.3,0.42,0.48,0.38,0.38
OULAD_000554,0.13,0.13,0.16,0.28,0.28
OULAD_000555,0.13,0.17,0.31,0.4,0.4
OULAD_000556,0.35,0.39,0.46,0.44,0.44
OULAD_000557,0.32,0.44,0.43,0.4,0.4
OULAD_000558,0.31,0.18,0.17,0.13,0.13
OULAD_000559,0.23,0.26,0.23,0.22,0.22
OULAD_000560,0.31,0.42,0.49,0.54,0.54
OULAD_000561,0.17,0.18,0.15,0.13,0.13
OULAD_000562,0.04,0.0,0.0,0.0,0.0
OULAD_000563,0.28,0.25,0.35,0.42,0.42
OULAD_000564,0.09,0.08,0.12,0.02,0.02
OULAD_000565,0.41,0.37,0.49,0.48,0.48
OULAD_000566,0.52,0.52,0.61,0.49,0.49
OULAD_000567,0.63,0.77,0.7,0.73,0.73
OULAD_000568,0.27,0.24,0.26,0.12,0.12
OULAD_000569,0.16,0.14,0.24,0.33,0.33
OULAD_000570,0.3,0.36,0.28,0.2,0.2
OULAD_000571,0.25,0.25,0.31,0.19,0.19
OULAD_000572,0.28,0.19,0.21,0.2,0.2
OULAD_000573,0.47,0.49,0.37,0.52,0.52
OULAD_000574,0.22,0.23,0.26,0.34,0.34
OULAD_000575,0.25,0.35,0.3,0.17,0.17
OULAD_000576,0.13,0.08,0.0,0.0,0.0
OULAD_000577,0.26,0.36,0.38,0.37,0.37
OULAD_000578,0.58,0.59,0.45,0.65,0.65
OULAD_000579,0.17,0.11,0.07,0.02,0.02
OULAD_000580,0.44,0.36,0.58,0.53,0.53
OULAD_000581,0.24,0.41,0.49,0.63,0.63
OULAD_000582,0.45,0.45,0.4,0.44,0.44
OULAD_000583,0.42,0.51,0.65,0.75,0.75
OULAD_000584,0.12,0.01,0.0,0.0,0.0
OULAD_000585,0.41,0.64,0.62,0.63,0.63
OULAD_000586,0.09,0.18,0.11,0.23,0.23
OULAD_000587,0.1,0.1,0.14,0.15,0.15
OULAD_000588,0.23,0.22,0.35,0.46,0.46
OULAD_000589,0.55,0.63,0.57,0.62,0.62
OULAD_000590,0.35,0.43,0.28,0.22,0.22
OULAD_000591,0.14,0.17,0.28,0.3,0.3
OULAD_000592,0.05,0.07,0.22,0.32,0.32
OULAD_000593,0.38,0.45,0.31,0.38,0.38
OULAD_000594,0.28,0.16,0.22,0.23,0.23
OULAD_000595,0.31,0.3,0.34,0.2,0.2
OULAD_000596,0.34,0.23,0.19,0.06,0.06
OULAD_000597,0.48,0.54,0.45,0.35,0.35
OULAD_000598,0.26,0.22,0.32,0.3,0.3
OULAD_000599,0.5,0.4,0.43,0.42,0.42
OULAD_000600,0.15,0.11,0.15,0.05,0.05
OULAD_000601,0.06,0.1,0.07,0.17,0.17
OULAD_000602,0.45,0.45,0.41,0.33,0.33
OULAD_000603,0.11,0.04,0.0,0.0,0.0
OULAD_000604,0.3,0.18,0.19,0.21,0.21
OULAD_000605,0.54,0.56,0.7,0.8,0.8
OULAD_000606,0.07,0.04,0.0,0.18,0.18
OULAD_000607,0.34,0.34,0.23,0.3,0.3
OULAD_000608,0.06,0.07,0.12,0.27,0.27
OULAD_000609,0.27,0.32,0.39,0.31,0.31
OULAD_000610,0.01,0.1,0.08,0.27,0.27
OULAD_000611,0.09,0.12,0.12,0.0,0.0
OULAD_000612,0.16,0.16,0.2,0.18,0.18
OULAD_000613,0.06,0.08,0.09,0.15,0.15
OULAD_000614,0.36,0.36,0.46,0.35,0.35
OULAD_000615,0.33,0.21,0.43,0.38,0.38
OULAD_000616,0.55,0.66,0.54,0.48,0.48
OULAD_000617,0.11,0.2,0.32,0.32,0.32
OULAD_000618,0.22,0.4,0.42,0.56,0.56
OULAD_000619,0.08,0.28,0.41,0.43,0.43
OULAD_000620,0.18,0.1,0.18,0.16,0.16
OULAD_000621,0.6,0.59,0.61,0.4,0.4
OULAD_000622,0.4,0.62,0.7,0.76,0.76
OULAD_000623,0.11,0.12,0.11,0.19,0.19
OULAD_000624,0.03,0.07,0.03,0.0,0.0
OULAD_000625,0.03,0.0,0.08,0.1,0.1
OULAD_000626,0.37,0.4,0.35,0.39,0.39
OULAD_000627,0.16,0.33,0.41,0.5,0.5
OULAD_000628,0.74,0.86,0.88,0.85,0.85
OULAD_000629,0.24,0.21,0.05,0.0,0.0
OULAD_000630,0.17,0.16,0.13,0.12,0.12
OULAD_000631,0.08,0.01,0.06,0.18,0.18
OULAD_000632,0.45,0.4,0.39,0.49,0.49
OULAD_000633,0.2,0.06,0.0,0.02,0.02
OULAD_000634,0.26,0.27,0.4,0.5,0.5
OULAD_000635,0.28,0.42,0.45,0.28,0.28
OULAD_000636,0.25,0.3,0.35,0.44,0.44
OULAD_000637,0.39,0.52,0.5,0.43,0.43
OULAD_000638,0.09,0.2,0.26,0.42,0.42
OULAD_000639,0.24,0.22,0.38,0.32,0.32
OULAD_000640,0.2,0.16,0.12,0.07,0.07
OULAD_000641,0.4,0.36,0.52,0.58,0.58
OULAD_000642,0.47,0.35,0.4,0.47,0.47
OULAD_000643,0.13,0.15,0.1,0.09,0.09
OULAD_000644,0.4,0.19,0.39,0.44,0.44
OULAD_000645,0.09,0.16,0.21,0.27,0.27
OULAD_000646,0.25,0.27,0.35,0.4,0.4
OULAD_000647,0.26,0.32,0.32,0.31,0.31
OULAD_000648,0.45,0.56,0.52,0.58,0.58
OULAD_000649,0.39,0.43,0.46,0.59,0.59
OULAD_000650,0.1,0.25,0.39,0.32,0.32
OULAD_000651,0.38,0.45,0.45,0.4,0.4
OULAD_000652,0.3,0.26,0.28,0.3,0.3
OULAD_000653,0.59,0.59,0.73,0.66,0.66
OULAD_000654,0.18,0.02,0.01,0.0,0.0
OULAD_000655,0.21,0.16,0.22,0.33,0.33
OULAD_000656,0.62,0.61,0.7,0.54,0.54
OULAD_000657,0.49,0.55,0.56,0.54,0.54
OULAD_000658,0.1,0.06,0.1,0.18,0.18
OULAD_000659,0.25,0.17,0.24,0.28,0.28
OULAD_000660,0.34,0.21,0.2,0.19,0.19
OULAD_000661,0.4,0.37,0.46,0.39,0.39
OULAD_000662,0.12,0.29,0.27,0.32,0.32
OULAD_000663,0.56,0.6,0.56,0.51,0.51
OULAD_000664,0.06,0.16,0.06,0.1,0.1
OULAD_000665,0.12,0.07,0.05,0.08,0.08
OULAD_000666,0.53,0.42,0.38,0.41,0.41
OULAD_000667,0.27,0.19,0.18,0.15,0.15
OULAD_000668,0.28,0.29,0.36,0.54,0.54
OULAD_000669,0.3,0.16,0.04,0.09,0.09
OULAD_000670,0.14,0.08,0.0,0.0,0.0
OULAD_000671,0.07,0.05,0.01,0.05,0.05
OULAD_000672,0.33,0.24,0.3,0.26,0.26
OULAD_000673,0.36,0.21,0.25,0.24,0.24
OULAD_000674,0.31,0.35,0.31,0.52,0.52
OULAD_000675,0.18,0.2,0.32,0.28,0.28
OULAD_000676,0.11,0.19,0.16,0.17,0.17
OULAD_000677,0.23,0.16,0.22,0.2,0.2
OULAD_000678,0.64,0.72,0.71,0.65,0.65
OULAD_000679,0.24,0.39,0.34,0.39,0.39
OULAD_000680,0.22,0.26,0.23,0.25,0.25
OULAD_000681,0.25,0.22,0.3,0.39,0.39
OULAD_000682,0.24,0.27,0.32,0.4,0.4
OULAD_000683,0.53,0.5,0.6,0.69,0.69
OULAD_000684,0.39,0.34,0.39,0.34,0.34
OULAD_000685,0.17,0.24,0.14,0.21,0.21
OULAD_000686,0.2,0.21,0.4,0.48,0.48
OULAD_000687,0.25,0.37,0.42,0.36,0.36
OULAD_000688,0.29,0.27,0.33,0.33,0.33
OULAD_000689,0.14,0.13,0.12,0.03,0.03
OULAD_000690,0.19,0.16,0.27,0.35,0.35
OULAD_000691,0.57,0.5,0.43,0.5,0.5
OULAD_000692,0.54,0.63,0.7,0.83,0.83
OULAD_000693,0.21,0.4,0.26,0.26,0.26
OULAD_000694,0.19,0.18,0.26,0.31,0.31
OULAD_000695,0.39,0.36,0.29,0.39,0.39
OULAD_000696,0.05,0.02,0.06,0.02,0.02
OULAD_000697,0.51,0.48,0.61,0.55,0.55
OULAD_000698,0.17,0.32,0.41,0.37,0.37
OULAD_000699,0.35,0.31,0.43,0.42,0.42
OULAD_000700,0.06,0.04,0.15,0.1,0.1
OULAD_000701,0.4,0.32,0.3,0.26,0.26
OULAD_000702,0.36,0.4,0.47,0.56,0.56
OULAD_000703,0.34,0.35,0.23,0.25,0.25
OULAD_000704,0.13,0.05,0.02,0.06,0.06
OULAD_000705,0.19,0.14,0.27,0.24,0.24
OULAD_000706,0.31,0.45,0.44,0.41,0.41
OULAD_000707,0.16,0.18,0.05,0.1,0.1
OULAD_000708,0.16,0.18,0.37,0.4,0.4
OULAD_000709,0.49,0.52,0.58,0.66,0.66
OULAD_000710,0.04,0.17,0.25,0.38,0.38
OULAD_000711,0.5,0.44,0.38,0.34,0.34
OULAD_000712,0.13,0.11,0.16,0.25,0.25
OULAD_000713,0.38,0.38,0.43,0.36,0.36
OULAD_000714,0.32,0.2,0.16,0.34,0.34
OULAD_000715,0.12,0.07,0.07,0.03,0.03
OULAD_000716,0.16,0.27,0.17,0.24,0.24
OULAD_000717,0.42,0.5,0.49,0.43,0.43
OULAD_000718,0.22,0.32,0.42,0.42,0.42
OULAD_000719,0.75,0.72,0.68,0.82,0.82
OULAD_000720,0.18,0.16,0.33,0.29,0.29
OULAD_000721,0.17,0.05,0.0,0.2,0.2
OULAD_000722,0.1,0.2,0.19,0.21,0.21
OULAD_000723,0.16,0.26,0.23,0.33,0.33
OULAD_000724,0.25,0.36,0.36,0.42,0.42
OULAD_000725,0.7,0.85,0.98,1.0,1.0
OULAD_000726,0.16,0.22,0.16,0.06,0.06
OULAD_000727,0.04,0.18,0.16,0.15,0.15
OULAD_000728,0.19,0.19,0.26,0.38,0.38
OULAD_000729,0.28,0.16,0.19,0.18,0.18
OULAD_000730,0.5,0.59,0.63,0.66,0.66
OULAD_000731,0.29,0.17,0.11,0.01,0.01
OULAD_000732,0.21,0.25,0.26,0.24,0.24
OULAD_000733,0.17,0.27,0.38,0.49,0.49
OULAD_000734,0.4,0.45,0.34,0.25,0.25
OULAD_000735,0.27,0.47,0.43,0.51,0.51
OULAD_000736,0.4,0.26,0.14,0.17,0.17
OULAD_000737,0.11,0.12,0.18,0.18,0.18
OULAD_000738,0.19,0.21,0.33,0.33,0.33
OULAD_000739,0.35,0.27,0.27,0.25,0.25
OULAD_000740,0.08,0.01,0.0,0.0,0.0
OULAD_000741,0.12,0.08,0.02,0.11,0.11
OULAD_000742,0.24,0.17,0.17,0.16,0.16
OULAD_000743,0.47,0.48,0.48,0.64,0.64
OULAD_000744,0.55,0.52,0.61,0.66,0.66
OULAD_000745,0.13,0.18,0.14,0.12,0.12
OULAD_000746,0.3,0.37,0.43,0.52,0.52
OULAD_000747,0.51,0.58,0.58,0.65,0.65
OULAD_000748,0.4,0.39,0.35,0.24,0.24
OULAD_000749,0.28,0.33,0.32,0.26,0.26
OULAD_000750,0.32,0.42,0.47,0.48,0.48
OULAD_000751,0.14,0.19,0.29,0.18,0.18
OULAD_000752,0.2,0.37,0.37,0.56,0.56
OULAD_000753,0.24,0.34,0.26,0.35,0.35
OULAD_000754,0.23,0.39,0.49,0.51,0.51
OULAD_000755,0.22,0.04,0.0,0.0,0.0
OULAD_000756,0.12,0.15,0.19,0.16,0.16
OULAD_000757,0.52,0.51,0.53,0.39,0.39
OULAD_000758,0.26,0.27,0.28,0.16,0.16
OULAD_000759,0.23,0.19,0.17,0.34,0.34
OULAD_000760,0.1,0.15,0.22,0.36,0.36
OULAD_000761,0.34,0.22,0.0,0.0,0.0
OULAD_000762,0.16,0.21,0.32,0.41,0.41
OULAD_000763,0.16,0.12,0.07,0.13,0.13
OULAD_000764,0.19,0.17,0.23,0.3,0.3
OULAD_000765,0.39,0.44,0.49,0.4,0.4
OULAD_000766,0.32,0.35,0.47,0.35,0.35
OULAD_000767,0.06,0.16,0.2,0.31,0.31
OULAD_000768,0.51,0.45,0.4,0.26,0.26
OULAD_000769,0.3,0.32,0.21,0.22,0.22
OULAD_000770,0.3,0.39,0.38,0.37,0.37
OULAD_000771,0.14,0.19,0.05,0.03,0.03
OULAD_000772,0.45,0.5,0.47,0.52,0.52
OULAD_000773,0.25,0.36,0.36,0.32,0.32
OULAD_000774,0.17,0.16,0.12,0.17,0.17
OULAD_000775,0.08,0.05,0.07,0.11,0.11
OULAD_000776,0.23,0.3,0.3,0.49,0.49
OULAD_000777,0.48,0.49,0.49,0.4,0.4
OULAD_000778,0.17,0.28,0.11,0.13,0.13
OULAD_000779,0.07,0.12,0.04,0.1,0.1
OULAD_000780,0.19,0.16,0.23,0.23,0.23
OULAD_000781,0.17,0.22,0.3,0.21,0.21
OULAD_000782,0.28,0.22,0.1,0.22,0.22
OULAD_000783,0.13,0.23,0.18,0.23,0.23
OULAD_000784,0.15,0.06,0.17,0.09,0.09
OULAD_000785,0.09,0.21,0.17,0.23,0.23
OULAD_000786,0.35,0.39,0.4,0.56,0.56
OULAD_000787,0.16,0.17,0.31,0.32,0.32
OULAD_000788,0.15,0.23,0.22,0.24,0.24
OULAD_000789,0.45,0.51,0.49,0.64,0.64
OULAD_000790,0.53,0.66,0.66,0.61,0.61
OULAD_000791,0.38,0.5,0.67,0.83,0.83
OULAD_000792,0.5,0.55,0.6,0.7,0.7
OULAD_000793,0.42,0.37,0.39,0.34,0.34
OULAD_000794,0.22,0.19,0.17,0.14,0.14
OULAD_000795,0.11,0.12,0.18,0.16,0.16
OULAD_000796,0.18,0.28,0.36,0.23,0.23
OULAD_000797,0.16,0.14,0.07,0.11,0.11
OULAD_000798,0.36,0.35,0.42,0.37,0.37
OULAD_000799,0.24,0.41,0.41,0.46,0.46
OULAD_000800,0.04,0.06,0.08,0.0,0.0
OULAD_000801,0.18,0.15,0.1,0.19,0.19
OULAD_000802,0.08,0.16,0.15,0.23,0.23
OULAD_000803,0.23,0.25,0.19,0.15,0.15
OULAD_000804,0.46,0.37,0.3,0.35,0.35
OULAD_000805,0.11,0.21,0.26,0.29,0.29
OULAD_000806,0.52,0.48,0.48,0.61,0.61
OULAD_000807,0.25,0.27,0.19,0.13,0.13
OULAD_000808,0.36,0.37,0.57,0.57,0.57
OULAD_000809,0.14,0.18,0.11,0.08,0.08
OULAD_000810,0.26,0.1,0.21,0.23,0.23
OULAD_000811,0.52,0.52,0.42,0.48,0.48
OULAD_000812,0.48,0.59,0.65,0.62,0.62
OULAD_000813,0.26,0.39,0.39,0.38,0.38
OULAD_000814,0.22,0.16,0.13,0.23,0.23
OULAD_000815,0.28,0.37,0.41,0.53,0.53
OULAD_000816,0.32,0.28,0.31,0.36,0.36
OULAD_000817,0.56,0.55,0.5,0.51,0.51
OULAD_000818,0.16,0.16,0.11,0.11,0.11
OULAD_000819,0.15,0.18,0.08,0.14,0.14
OULAD_000820,0.21,0.31,0.35,0.39,0.39
OULAD_000821,0.11,0.15,0.07,0.0,0.0
OULAD_000822,0.36,0.37,0.39,0.46,0.46
OULAD_000823,0.07,0.17,0.23,0.19,0.19
OULAD_000824,0.58,0.53,0.57,0.47,0.47
OULAD_000825,0.28,0.3,0.26,0.14,0.14
OULAD_000826,0.38,0.48,0.57,0.57,0.57
OULAD_000827,0.05,0.11,0.1,0.03,0.03
OULAD_000828,0.39,0.37,0.29,0.12,0.12
OULAD_000829,0.33,0.22,0.22,0.21,0.21
OULAD_000830,0.35,0.39,0.46,0.44,0.44
OULAD_000831,0.24,0.13,0.1,0.1,0.1
OULAD_000832,0.42,0.43,0.52,0.49,0.49
OULAD_000833,0.13,0.24,0.2,0.37,0.37
OULAD_000834,0.33,0.4,0.37,0.43,0.43
OULAD_000835,0.07,0.0,0.0,0.0,0.0
OULAD_000836,0.11,0.14,0.22,0.23,0.23
OULAD_000837,0.54,0.53,0.55,0.68,0.68
OULAD_000838,0.16,0.08,0.02,0.12,0.12
OULAD_000839,0.12,0.17,0.16,0.07,0.07
OULAD_000840,0.31,0.29,0.06,0.01,0.01
OULAD_000841,0.5,0.48,0.56,0.52,0.52
OULAD_000842,0.19,0.22,0.23,0.21,0.21
OULAD_000843,0.68,0.65,0.48,0.45,0.45
OULAD_000844,0.17,0.19,0.1,0.12,0.12
OULAD_000845,0.45,0.42,0.4,0.48,0.48
OULAD_000846,0.29,0.26,0.18,0.27,0.27
OULAD_000847,0.21,0.3,0.39,0.38,0.38
OULAD_000848,0.36,0.46,0.52,0.41,0.41
OULAD_000849,0.09,0.0,0.05,0.0,0.0
OULAD_000850,0.24,0.32,0.13,0.11,0.11
OULAD_000851,0.21,0.34,0.32,0.24,0.24
OULAD_000852,0.34,0.48,0.45,0.56,0.56
OULAD_000853,0.29,0.35,0.3,0.22,0.22
OULAD_000854,0.35,0.28,0.27,0.34,0.34
OULAD_000855,0.42,0.49,0.42,0.31,0.31
OULAD_000856,0.24,0.19,0.23,0.3,0.3
OULAD_000857,0.3,0.3,0.38,0.39,0.39
OULAD_000858,0.57,0.62,0.69,0.83,0.83
OULAD_000859,0.29,0.25,0.26,0.19,0.19
OULAD_000860,0.24,0.17,0.35,0.32,0.32
OULAD_000861,0.43,0.49,0.6,0.59,0.59
OULAD_000862,0.25,0.42,0.43,0.44,0.44
OULAD_000863,0.59,0.71,0.69,0.68,0.68
OULAD_000864,0.49,0.57,0.7,0.69,0.69
OULAD_000865,0.19,0.29,0.39,0.38,0.38
OULAD_000866,0.22,0.29,0.19,0.05,0.05
OULAD_000867,0.45,0.51,0.62,0.72,0.72
OULAD_000868,0.43,0.52,0.53,0.78,0.78
OULAD_000869,0.47,0.38,0.33,0.38,0.38
OULAD_000870,0.25,0.29,0.15,0.08,0.08
OULAD_000871,0.29,0.3,0.3,0.23,0.23
OULAD_000872,0.23,0.26,0.28,0.35,0.35
OULAD_000873,0.23,0.22,0.36,0.41,0.41
OULAD_000874,0.17,0.23,0.33,0.33,0.33
OULAD_000875,0.49,0.45,0.42,0.5,0.5
OULAD_000876,0.33,0.31,0.36,0.22,0.22
OULAD_000877,0.34,0.31,0.4,0.48,0.48
OULAD_000878,0.47,0.56,0.59,0.63,0.63
OULAD_000879,0.06,0.08,0.05,0.0,0.0
OULAD_000880,0.33,0.32,0.29,0.2,0.2
OULAD_000881,0.51,0.5,0.55,0.58,0.58
OULAD_000882,0.11,0.13,0.18,0.32,0.32
OULAD_000883,0.48,0.63,0.62,0.62,0.62
OULAD_000884,0.34,0.26,0.07,0.02,0.02
OULAD_000885,0.31,0.39,0.3,0.34,0.34
OULAD_000886,0.32,0.37,0.44,0.61,0.61
OULAD_000887,0.13,0.08,0.0,0.05,0.05
OULAD_000888,0.04,0.18,0.29,0.36,0.36
OULAD_000889,0.44,0.5,0.61,0.72,0.72
OULAD_000890,0.12,0.1,0.12,0.18,0.18
OULAD_000891,0.2,0.07,0.14,0.1,0.1
OULAD_000892,0.7,0.74,0.8,0.68,0.68
OULAD_000893,0.28,0.3,0.31,0.26,0.26
OULAD_000894,0.35,0.29,0.2,0.13,0.13
OULAD_000895,0.18,0.12,0.22,0.29,0.29
OULAD_000896,0.5,0.59,0.72,0.81,0.81
OULAD_000897,0.06,0.0,0.0,0.03,0.03
OULAD_000898,0.44,0.48,0.39,0.31,0.31
OULAD_000899,0.09,0.1,0.11,0.27,0.27
OULAD_000900,0.63,0.69,0.66,0.64,0.64
OULAD_000901,0.38,0.37,0.41,0.47,0.47
OULAD_000902,0.13,0.17,0.29,0.31,0.31
OULAD_000903,0.27,0.23,0.08,0.11,0.11
OULAD_000904,0.38,0.4,0.55,0.61,0.61
OULAD_000905,0.18,0.24,0.23,0.19,0.19
OULAD_000906,0.22,0.25,0.31,0.43,0.43
OULAD_000907,0.52,0.57,0.64,0.53,0.53
OULAD_000908,0.28,0.22,0.3,0.24,0.24
OULAD_000909,0.48,0.46,0.48,0.61,0.61
OULAD_000910,0.35,0.32,0.37,0.43,0.43
OULAD_000911,0.38,0.38,0.42,0.64,0.64
OULAD_000912,0.46,0.58,0.55,0.58,0.58
OULAD_000913,0.56,0.56,0.44,0.59,0.59
OULAD_000914,0.14,0.06,0.0,0.0,0.0
OULAD_000915,0.42,0.48,0.49,0.4,0.4
OULAD_000916,0.63,0.76,0.71,0.8,0.8
OULAD_000917,0.42,0.34,0.3,0.18,0.18
OULAD_000918,0.32,0.5,0.67,0.67,0.67
OULAD_000919,0.52,0.58,0.67,0.78,0.78
OULAD_000920,0.68,0.79,0.79,0.85,0.85
OULAD_000921,0.36,0.5,0.57,0.59,0.59
OULAD_000922,0.39,0.49,0.48,0.46,0.46
OULAD_000923,0.38,0.39,0.42,0.46,0.46
OULAD_000924,0.08,0.2,0.26,0.32,0.32
OULAD_000925,0.44,0.48,0.46,0.43,0.43
OULAD_000926,0.09,0.2,0.17,0.22,0.22
OULAD_000927,0.4,0.51,0.63,0.74,0.74
OULAD_000928,0.08,0.01,0.08,0.08,0.08
OULAD_000929,0.13,0.21,0.05,0.08,0.08
OULAD_000930,0.21,0.22,0.19,0.24,0.24
OULAD_000931,0.19,0.22,0.18,0.24,0.24
OULAD_000932,0.45,0.48,0.45,0.54,0.54
OULAD_000933,0.23,0.26,0.35,0.29,0.29
OULAD_000934,0.1,0.24,0.26,0.24,0.24
OULAD_000935,0.18,0.09,0.0,0.0,0.0
OULAD_000936,0.31,0.19,0.18,0.13,0.13
OULAD_000937,0.31,0.17,0.24,0.11,0.11
OULAD_000938,0.32,0.42,0.42,0.18,0.18
OULAD_000939,0.45,0.41,0.38,0.49,0.49
OULAD_000940,0.5,0.53,0.58,0.47,0.47
OULAD_000941,0.38,0.39,0.54,0.69,0.69
OULAD_000942,0.26,0.21,0.26,0.34,0.34
OULAD_000943,0.22,0.31,0.43,0.42,0.42
OULAD_000944,0.63,0.64,0.62,0.69,0.69
OULAD_000945,0.3,0.3,0.32,0.38,0.38
OULAD_000946,0.35,0.39,0.41,0.34,0.34
OULAD_000947,0.2,0.27,0.3,0.32,0.32
OULAD_000948,0.19,0.14,0.19,0.13,0.13
OULAD_000949,0.12,0.21,0.16,0.23,0.23
OULAD_000950,0.29,0.42,0.5,0.46,0.46
OULAD_000951,0.19,0.1,0.0,0.01,0.01
OULAD_000952,0.22,0.26,0.18,0.19,0.19
OULAD_000953,0.49,0.49,0.68,0.71,0.71
OULAD_000954,0.09,0.16,0.14,0.29,0.29
OULAD_000955,0.17,0.09,0.17,0.17,0.17
OULAD_000956,0.33,0.48,0.63,0.75,0.75
OULAD_000957,0.31,0.21,0.04,0.1,0.1
OULAD_000958,0.56,0.56,0.67,0.8,0.8
OULAD_000959,0.06,0.11,0.18,0.18,0.18
OULAD_000960,0.52,0.49,0.64,0.71,0.71
OULAD_000961,0.11,0.06,0.0,0.02,0.02
OULAD_000962,0.23,0.26,0.4,0.18,0.18
OULAD_000963,0.08,0.11,0.07,0.0,0.0
OULAD_000964,0.02,0.04,0.15,0.21,0.21
OULAD_000965,0.52,0.6,0.62,0.68,0.68
OULAD_000966,0.15,0.14,0.22,0.14,0.14
OULAD_000967,0.4,0.45,0.47,0.51,0.51
OULAD_000968,0.19,0.17,0.05,0.11,0.11
OULAD_000969,0.57,0.52,0.29,0.31,0.31
OULAD_000970,0.21,0.2,0.24,0.32,0.32
OULAD_000971,0.24,0.22,0.22,0.29,0.29
OULAD_000972,0.17,0.15,0.2,0.22,0.22
OULAD_000973,0.12,0.23,0.23,0.21,0.21
OULAD_000974,0.43,0.43,0.61,0.71,0.71
OULAD_000975,0.28,0.25,0.29,0.34,0.34
OULAD_000976,0.03,0.05,0.03,0.0,0.0
OULAD_000977,0.58,0.6,0.65,0.69,0.69
OULAD_000978,0.25,0.17,0.16,0.09,0.09
OULAD_000979,0.13,0.12,0.15,0.09,0.09
OULAD_000980,0.08,0.07,0.0,0.0,0.0
OULAD_000981,0.13,0.14,0.16,0.18,0.18
OULAD_000982,0.34,0.42,0.4,0.45,0.45
OULAD_000983,0.44,0.47,0.4,0.39,0.39
OULAD_000984,0.23,0.35,0.53,0.52,0.52
OULAD_000985,0.81,0.83,0.77,0.75,0.75
OULAD_000986,0.21,0.37,0.39,0.49,0.49
OULAD_000987,0.26,0.24,0.2,0.0,0.0
OULAD_000988,0.11,0.07,0.11,0.11,0.11
OULAD_000989,0.25,0.31,0.23,0.38,0.38
OULAD_000990,0.46,0.59,0.68,0.74,0.74
OULAD_000991,0.62,0.53,0.72,0.84,0.84
OULAD_000992,0.4,0.4,0.36,0.21,0.21
OULAD_000993,0.06,0.03,0.15,0.07,0.07
OULAD_000994,0.1,0.13,0.12,0.18,0.18
OULAD_000995,0.06,0.08,0.22,0.36,0.36
OULAD_000996,0.14,0.27,0.46,0.39,0.39
OULAD_000997,0.18,0.19,0.19,0.18,0.18
OULAD_000998,0.12,0.25,0.15,0.2,0.2
OULAD_000999,0.38,0.38,0.47,0.37,0.37
OULAD_001000,0.12,0.21,0.25,0.31,0.31
