student_id,emotional_stress_score
EMOTIONAL_000001,4
EMOTIONAL_000002,0
EMOTIONAL_000003,0
EMOTIONAL_000004,2
EMOTIONAL_000005,3
EMOTIONAL_000006,1
EMOTIONAL_000007,2
EMOTIONAL_000008,3
EMOTIONAL_000009,2
EMOTIONAL_000010,0
EMOTIONAL_000011,3
EMOTIONAL_000012,2
EMOTIONAL_000013,2
EMOTIONAL_000014,2
EMOTIONAL_000015,4
EMOTIONAL_000016,1
EMOTIONAL_000017,0
EMOTIONAL_000018,1
EMOTIONAL_000019,0
EMOTIONAL_000020,0
EMOTIONAL_000021,1
EMOTIONAL_000022,0
EMOTIONAL_000023,2
EMOTIONAL_000024,3
EMOTIONAL_000025,1
EMOTIONAL_000026,3
EMOTIONAL_000027,0
EMOTIONAL_000028,3
EMOTIONAL_000029,3
EMOTIONAL_000030,0
EMOTIONAL_000031,0
EMOTIONAL_000032,0
EMOTIONAL_000033,3
EMOTIONAL_000034,3
EMOTIONAL_000035,0
EMOTIONAL_000036,1
EMOTIONAL_000037,0
EMOTIONAL_000038,1
EMOTIONAL_000039,4
EMOTIONAL_000040,0
EMOTIONAL_000041,4
EMOTIONAL_000042,3
EMOTIONAL_000043,4
EMOTIONAL_000044,0
EMOTIONAL_000045,0
EMOTIONAL_000046,0
EMOTIONAL_000047,2
EMOTIONAL_000048,2
EMOTIONAL_000049,0
EMOTIONAL_000050,2
EMOTIONAL_000051,0
EMOTIONAL_000052,0
EMOTIONAL_000053,1
EMOTIONAL_000054,0
EMOTIONAL_000055,0
EMOTIONAL_000056,1
EMOTIONAL_000057,3
EMOTIONAL_000058,2
EMOTIONAL_000059,1
EMOTIONAL_000060,2
EMOTIONAL_000061,1
EMOTIONAL_000062,0
EMOTIONAL_000063,2
EMOTIONAL_000064,2
EMOTIONAL_000065,2
EMOTIONAL_000066,2
EMOTIONAL_000067,2
EMOTIONAL_000068,1
EMOTIONAL_000069,3
EMOTIONAL_000070,0
EMOTIONAL_000071,3
EMOTIONAL_000072,0
EMOTIONAL_000073,0
EMOTIONAL_000074,2
EMOTIONAL_000075,1
EMOTIONAL_000076,3
EMOTIONAL_000077,1
EMOTIONAL_000078,2
EMOTIONAL_000079,0
EMOTIONAL_000080,0
EMOTIONAL_000081,1
EMOTIONAL_000082,2
EMOTIONAL_000083,2
EMOTIONAL_000084,1
EMOTIONAL_000085,4
EMOTIONAL_000086,2
EMOTIONAL_000087,4
EMOTIONAL_000088,0
EMOTIONAL_000089,0
EMOTIONAL_000090,0
EMOTIONAL_000091,0
EMOTIONAL_000092,1
EMOTIONAL_000093,1
EMOTIONAL_000094,1
EMOTIONAL_000095,2
EMOTIONAL_000096,4
EMOTIONAL_000097,3
EMOTIONAL_000098,0
EMOTIONAL_000099,0
EMOTIONAL_000100,0
EMOTIONAL_000101,0
EMOTIONAL_000102,1
EMOTIONAL_000103,1
EMOTIONAL_000104,0
EMOTIONAL_000105,2
EMOTIONAL_000106,2
EMOTIONAL_000107,0
EMOTIONAL_000108,1
EMOTIONAL_000109,3
EMOTIONAL_000110,1
EMOTIONAL_000111,0
EMOTIONAL_000112,0
EMOTIONAL_000113,0
EMOTIONAL_000114,0
EMOTIONAL_000115,3
EMOTIONAL_000116,0
EMOTIONAL_000117,0
EMOTIONAL_000118,0
EMOTIONAL_000119,2
EMOTIONAL_000120,0
EMOTIONAL_000121,0
EMOTIONAL_000122,1
EMOTIONAL_000123,1
EMOTIONAL_000124,0
EMOTIONAL_000125,0
EMOTIONAL_000126,2
EMOTIONAL_000127,4
EMOTIONAL_000128,0
EMOTIONAL_000129,0
EMOTIONAL_000130,0
EMOTIONAL_000131,2
EMOTIONAL_000132,1
EMOTIONAL_000133,2
EMOTIONAL_000134,2
EMOTIONAL_000135,3
EMOTIONAL_000136,3
EMOTIONAL_000137,2
EMOTIONAL_000138,1
EMOTIONAL_000139,0
EMOTIONAL_000140,1
EMOTIONAL_000141,1
EMOTIONAL_000142,2
EMOTIONAL_000143,0
EMOTIONAL_000144,2
EMOTIONAL_000145,1
EMOTIONAL_000146,2
EMOTIONAL_000147,0
EMOTIONAL_000148,1
EMOTIONAL_000149,0
EMOTIONAL_000150,3
EMOTIONAL_000151,1
EMOTIONAL_000152,0
EMOTIONAL_000153,0
EMOTIONAL_000154,2
EMOTIONAL_000155,0
EMOTIONAL_000156,4
EMOTIONAL_000157,1
EMOTIONAL_000158,0
EMOTIONAL_000159,2
EMOTIONAL_000160,0
EMOTIONAL_000161,3
EMOTIONAL_000162,0
EMOTIONAL_000163,4
EMOTIONAL_000164,2
EMOTIONAL_000165,3
EMOTIONAL_000166,0
EMOTIONAL_000167,0
EMOTIONAL_000168,2
EMOTIONAL_000169,2
EMOTIONAL_000170,0
EMOTIONAL_000171,1
EMOTIONAL_000172,0
EMOTIONAL_000173,2
EMOTIONAL_000174,0
EMOTIONAL_000175,0
EMOTIONAL_000176,0
EMOTIONAL_000177,1
EMOTIONAL_000178,0
EMOTIONAL_000179,4
EMOTIONAL_000180,0
EMOTIONAL_000181,3
EMOTIONAL_000182,1
EMOTIONAL_000183,1
EMOTIONAL_000184,0
EMOTIONAL_000185,2
EMOTIONAL_000186,2
EMOTIONAL_000187,1
EMOTIONAL_000188,0
EMOTIONAL_000189,3
EMOTIONAL_000190,4
EMOTIONAL_000191,1
EMOTIONAL_000192,2
EMOTIONAL_000193,1
EMOTIONAL_000194,0
EMOTIONAL_000195,0
EMOTIONAL_000196,1
EMOTIONAL_000197,3
EMOTIONAL_000198,0
EMOTIONAL_000199,1
EMOTIONAL_000200,3
EMOTIONAL_000201,0
EMOTIONAL_000202,0
EMOTIONAL_000203,2
EMOTIONAL_000204,0
EMOTIONAL_000205,0
EMOTIONAL_000206,1
EMOTIONAL_000207,1
EMOTIONAL_000208,3
EMOTIONAL_000209,2
EMOTIONAL_000210,1
EMOTIONAL_000211,1
EMOTIONAL_000212,4
EMOTIONAL_000213,0
EMOTIONAL_000214,0
EMOTIONAL_000215,4
EMOTIONAL_000216,4
EMOTIONAL_000217,0
EMOTIONAL_000218,0
EMOTIONAL_000219,1
EMOTIONAL_000220,0
EMOTIONAL_000221,2
EMOTIONAL_000222,0
EMOTIONAL_000223,0
EMOTIONAL_000224,1
EMOTIONAL_000225,4
EMOTIONAL_000226,1
EMOTIONAL_000227,1
EMOTIONAL_000228,4
EMOTIONAL_000229,1
EMOTIONAL_000230,1
EMOTIONAL_000231,1
EMOTIONAL_000232,0
EMOTIONAL_000233,1
EMOTIONAL_000234,1
EMOTIONAL_000235,0
EMOTIONAL_000236,0
EMOTIONAL_000237,0
EMOTIONAL_000238,1
EMOTIONAL_000239,0
EMOTIONAL_000240,0
EMOTIONAL_000241,4
EMOTIONAL_000242,1
EMOTIONAL_000243,0
EMOTIONAL_000244,2
EMOTIONAL_000245,0
EMOTIONAL_000246,2
EMOTIONAL_000247,2
EMOTIONAL_000248,2
EMOTIONAL_000249,2
EMOTIONAL_000250,0
EMOTIONAL_000251,2
EMOTIONAL_000252,0
EMOTIONAL_000253,0
EMOTIONAL_000254,4
EMOTIONAL_000255,1
EMOTIONAL_000256,4
EMOTIONAL_000257,0
EMOTIONAL_000258,1
EMOTIONAL_000259,0
EMOTIONAL_000260,2
EMOTIONAL_000261,0
EMOTIONAL_000262,0
EMOTIONAL_000263,0
EMOTIONAL_000264,2
EMOTIONAL_000265,0
EMOTIONAL_000266,3
EMOTIONAL_000267,0
EMOTIONAL_000268,0
EMOTIONAL_000269,1
EMOTIONAL_000270,4
EMOTIONAL_000271,0
EMOTIONAL_000272,0
EMOTIONAL_000273,2
EMOTIONAL_000274,0
EMOTIONAL_000275,2
EMOTIONAL_000276,0
EMOTIONAL_000277,1
EMOTIONAL_000278,0
EMOTIONAL_000279,1
EMOTIONAL_000280,2
EMOTIONAL_000281,2
EMOTIONAL_000282,1
EMOTIONAL_000283,4
EMOTIONAL_000284,0
EMOTIONAL_000285,0
EMOTIONAL_000286,2
EMOTIONAL_000287,2
EMOTIONAL_000288,0
EMOTIONAL_000289,2
EMOTIONAL_000290,1
EMOTIONAL_000291,2
EMOTIONAL_000292,3
EMOTIONAL_000293,1
EMOTIONAL_000294,0
EMOTIONAL_000295,2
EMOTIONAL_000296,2
EMOTIONAL_000297,0
EMOTIONAL_000298,1
EMOTIONAL_000299,4
EMOTIONAL_000300,0
EMOTIONAL_000301,0
EMOTIONAL_000302,0
EMOTIONAL_000303,1
EMOTIONAL_000304,4
EMOTIONAL_000305,2
EMOTIONAL_000306,0
EMOTIONAL_000307,2
EMOTIONAL_000308,2
EMOTIONAL_000309,1
EMOTIONAL_000310,0
EMOTIONAL_000311,2
EMOTIONAL_000312,1
EMOTIONAL_000313,0
EMOTIONAL_000314,1
EMOTIONAL_000315,4
EMOTIONAL_000316,0
EMOTIONAL_000317,4
EMOTIONAL_000318,0
EMOTIONAL_000319,2
EMOTIONAL_000320,0
EMOTIONAL_000321,0
EMOTIONAL_000322,1
EMOTIONAL_000323,1
EMOTIONAL_000324,2
EMOTIONAL_000325,2
EMOTIONAL_000326,1
EMOTIONAL_000327,3
EMOTIONAL_000328,1
EMOTIONAL_000329,0
EMOTIONAL_000330,0
EMOTIONAL_000331,1
EMOTIONAL_000332,2
EMOTIONAL_000333,0
EMOTIONAL_000334,0
EMOTIONAL_000335,0
EMOTIONAL_000336,1
EMOTIONAL_000337,0
EMOTIONAL_000338,0
EMOTIONAL_000339,1
EMOTIONAL_000340,2
EMOTIONAL_000341,0
EMOTIONAL_000342,1
EMOTIONAL_000343,0
EMOTIONAL_000344,4
EMOTIONAL_000345,0
EMOTIONAL_000346,4
EMOTIONAL_000347,4
EMOTIONAL_000348,2
EMOTIONAL_000349,0
EMOTIONAL_000350,1
EMOTIONAL_000351,0
EMOTIONAL_000352,3
EMOTIONAL_000353,2
EMOTIONAL_000354,4
EMOTIONAL_000355,2
EMOTIONAL_000356,1
EMOTIONAL_000357,1
EMOTIONAL_000358,1
EMOTIONAL_000359,1
EMOTIONAL_000360,2
EMOTIONAL_000361,4
EMOTIONAL_000362,1
EMOTIONAL_000363,3
EMOTIONAL_000364,3
EMOTIONAL_000365,1
EMOTIONAL_000366,0
EMOTIONAL_000367,2
EMOTIONAL_000368,1
EMOTIONAL_000369,0
EMOTIONAL_000370,1
EMOTIONAL_000371,4
EMOTIONAL_000372,0
EMOTIONAL_000373,2
EMOTIONAL_000374,3
EMOTIONAL_000375,2
EMOTIONAL_000376,1
EMOTIONAL_000377,2
EMOTIONAL_000378,1
EMOTIONAL_000379,0
EMOTIONAL_000380,4
EMOTIONAL_000381,1
EMOTIONAL_000382,2
EMOTIONAL_000383,1
EMOTIONAL_000384,0
EMOTIONAL_000385,4
EMOTIONAL_000386,2
EMOTIONAL_000387,0
EMOTIONAL_000388,4
EMOTIONAL_000389,2
EMOTIONAL_000390,1
EMOTIONAL_000391,2
EMOTIONAL_000392,0
EMOTIONAL_000393,1
EMOTIONAL_000394,0
EMOTIONAL_000395,1
EMOTIONAL_000396,1
EMOTIONAL_000397,3
EMOTIONAL_000398,2
EMOTIONAL_000399,0
EMOTIONAL_000400,3
EMOTIONAL_000401,1
EMOTIONAL_000402,2
EMOTIONAL_000403,0
EMOTIONAL_000404,3
EMOTIONAL_000405,4
EMOTIONAL_000406,2
EMOTIONAL_000407,4
EMOTIONAL_000408,0
EMOTIONAL_000409,3
EMOTIONAL_000410,1
EMOTIONAL_000411,0
EMOTIONAL_000412,2
EMOTIONAL_000413,2
EMOTIONAL_000414,0
EMOTIONAL_000415,0
EMOTIONAL_000416,0
EMOTIONAL_000417,1
EMOTIONAL_000418,0
EMOTIONAL_000419,0
EMOTIONAL_000420,1
EMOTIONAL_000421,4
EMOTIONAL_000422,2
EMOTIONAL_000423,0
EMOTIONAL_000424,4
EMOTIONAL_000425,2
EMOTIONAL_000426,1
EMOTIONAL_000427,1
EMOTIONAL_000428,1
EMOTIONAL_000429,0
EMOTIONAL_000430,1
EMOTIONAL_000431,1
EMOTIONAL_000432,1
EMOTIONAL_000433,2
EMOTIONAL_000434,1
EMOTIONAL_000435,2
EMOTIONAL_000436,1
EMOTIONAL_000437,4
EMOTIONAL_000438,1
EMOTIONAL_000439,3
EMOTIONAL_000440,3
EMOTIONAL_000441,2
EMOTIONAL_000442,2
EMOTIONAL_000443,0
EMOTIONAL_000444,4
EMOTIONAL_000445,0
EMOTIONAL_000446,1
EMOTIONAL_000447,0
EMOTIONAL_000448,1
EMOTIONAL_000449,2
EMOTIONAL_000450,3
EMOTIONAL_000451,1
EMOTIONAL_000452,4
EMOTIONAL_000453,1
EMOTIONAL_000454,0
EMOTIONAL_000455,0
EMOTIONAL_000456,2
EMOTIONAL_000457,0
EMOTIONAL_000458,1
EMOTIONAL_000459,0
EMOTIONAL_000460,1
EMOTIONAL_000461,2
EMOTIONAL_000462,1
EMOTIONAL_000463,0
EMOTIONAL_000464,0
EMOTIONAL_000465,1
EMOTIONAL_000466,0
EMOTIONAL_000467,1
EMOTIONAL_000468,2
EMOTIONAL_000469,0
EMOTIONAL_000470,1
EMOTIONAL_000471,1
EMOTIONAL_000472,0
EMOTIONAL_000473,1
EMOTIONAL_000474,0
EMOTIONAL_000475,1
EMOTIONAL_000476,2
EMOTIONAL_000477,0
EMOTIONAL_000478,2
EMOTIONAL_000479,1
EMOTIONAL_000480,0
EMOTIONAL_000481,2
EMOTIONAL_000482,1
EMOTIONAL_000483,1
EMOTIONAL_000484,2
EMOTIONAL_000485,3
EMOTIONAL_000486,4
EMOTIONAL_000487,2
EMOTIONAL_000488,3
EMOTIONAL_000489,0
EMOTIONAL_000490,1
EMOTIONAL_000491,0
EMOTIONAL_000492,0
EMOTIONAL_000493,1
EMOTIONAL_000494,2
EMOTIONAL_000495,1
EMOTIONAL_000496,2
EMOTIONAL_000497,1
EMOTIONAL_000498,1
EMOTIONAL_000499,0
EMOTIONAL_000500,1
EMOTIONAL_000501,0
EMOTIONAL_000502,2
EMOTIONAL_000503,0
EMOTIONAL_000504,0
EMOTIONAL_000505,2
EMOTIONAL_000506,1
EMOTIONAL_000507,1
EMOTIONAL_000508,0
EMOTIONAL_000509,1
EMOTIONAL_000510,2
EMOTIONAL_000511,3
EMOTIONAL_000512,2
EMOTIONAL_000513,0
EMOTIONAL_000514,2
EMOTIONAL_000515,0
EMOTIONAL_000516,0
EMOTIONAL_000517,0
EMOTIONAL_000518,2
EMOTIONAL_000519,2
EMOTIONAL_000520,2
EMOTIONAL_000521,2
EMOTIONAL_000522,0
EMOTIONAL_000523,1
EMOTIONAL_000524,2
EMOTIONAL_000525,2
EMOTIONAL_000526,2
EMOTIONAL_000527,0
EMOTIONAL_000528,2
EMOTIONAL_000529,1
EMOTIONAL_000530,2
EMOTIONAL_000531,1
EMOTIONAL_000532,4
EMOTIONAL_000533,0
EMOTIONAL_000534,2
EMOTIONAL_000535,1
EMOTIONAL_000536,0
EMOTIONAL_000537,0
EMOTIONAL_000538,2
EMOTIONAL_000539,0
EMOTIONAL_000540,0
EMOTIONAL_000541,4
EMOTIONAL_000542,2
EMOTIONAL_000543,0
EMOTIONAL_000544,1
EMOTIONAL_000545,1
EMOTIONAL_000546,3
EMOTIONAL_000547,2
EMOTIONAL_000548,3
EMOTIONAL_000549,0
EMOTIONAL_000550,2
EMOTIONAL_000551,0
EMOTIONAL_000552,0
EMOTIONAL_000553,2
EMOTIONAL_000554,0
EMOTIONAL_000555,1
EMOTIONAL_000556,3
EMOTIONAL_000557,1
EMOTIONAL_000558,0
EMOTIONAL_000559,2
EMOTIONAL_000560,4
EMOTIONAL_000561,2
EMOTIONAL_000562,1
EMOTIONAL_000563,0
EMOTIONAL_000564,0
EMOTIONAL_000565,2
EMOTIONAL_000566,0
EMOTIONAL_000567,3
EMOTIONAL_000568,1
EMOTIONAL_000569,1
EMOTIONAL_000570,2
EMOTIONAL_000571,2
EMOTIONAL_000572,2
EMOTIONAL_000573,4
EMOTIONAL_000574,4
EMOTIONAL_000575,4
EMOTIONAL_000576,3
EMOTIONAL_000577,2
EMOTIONAL_000578,2
EMOTIONAL_000579,0
EMOTIONAL_000580,0
EMOTIONAL_000581,0
EMOTIONAL_000582,0
EMOTIONAL_000583,1
EMOTIONAL_000584,0
EMOTIONAL_000585,3
EMOTIONAL_000586,3
EMOTIONAL_000587,0
EMOTIONAL_000588,0
EMOTIONAL_000589,3
EMOTIONAL_000590,3
EMOTIONAL_000591,4
EMOTIONAL_000592,4
EMOTIONAL_000593,4
EMOTIONAL_000594,1
EMOTIONAL_000595,0
EMOTIONAL_000596,2
EMOTIONAL_000597,0
EMOTIONAL_000598,3
EMOTIONAL_000599,1
EMOTIONAL_000600,2
EMOTIONAL_000601,0
EMOTIONAL_000602,1
EMOTIONAL_000603,1
EMOTIONAL_000604,4
EMOTIONAL_000605,0
EMOTIONAL_000606,4
EMOTIONAL_000607,3
EMOTIONAL_000608,2
EMOTIONAL_000609,2
EMOTIONAL_000610,2
EMOTIONAL_000611,0
EMOTIONAL_000612,0
EMOTIONAL_000613,3
EMOTIONAL_000614,2
EMOTIONAL_000615,0
EMOTIONAL_000616,2
EMOTIONAL_000617,1
EMOTIONAL_000618,0
EMOTIONAL_000619,1
EMOTIONAL_000620,0
EMOTIONAL_000621,0
EMOTIONAL_000622,1
EMOTIONAL_000623,1
EMOTIONAL_000624,0
EMOTIONAL_000625,1
EMOTIONAL_000626,0
EMOTIONAL_000627,0
EMOTIONAL_000628,0
EMOTIONAL_000629,0
EMOTIONAL_000630,0
EMOTIONAL_000631,3
EMOTIONAL_000632,1
EMOTIONAL_000633,0
EMOTIONAL_000634,0
EMOTIONAL_000635,0
EMOTIONAL_000636,2
EMOTIONAL_000637,1
EMOTIONAL_000638,0
EMOTIONAL_000639,1
EMOTIONAL_000640,1
EMOTIONAL_000641,0
EMOTIONAL_000642,2
EMOTIONAL_000643,1
EMOTIONAL_000644,0
EMOTIONAL_000645,2
EMOTIONAL_000646,2
EMOTIONAL_000647,2
EMOTIONAL_000648,0
EMOTIONAL_000649,1
EMOTIONAL_000650,1
EMOTIONAL_000651,2
EMOTIONAL_000652,1
EMOTIONAL_000653,0
EMOTIONAL_000654,2
EMOTIONAL_000655,2
EMOTIONAL_000656,1
EMOTIONAL_000657,3
EMOTIONAL_000658,3
EMOTIONAL_000659,0
EMOTIONAL_000660,3
EMOTIONAL_000661,1
EMOTIONAL_000662,2
EMOTIONAL_000663,3
EMOTIONAL_000664,1
EMOTIONAL_000665,1
EMOTIONAL_000666,3
EMOTIONAL_000667,0
EMOTIONAL_000668,0
EMOTIONAL_000669,1
EMOTIONAL_000670,3
EMOTIONAL_000671,4
EMOTIONAL_000672,0
EMOTIONAL_000673,3
EMOTIONAL_000674,0
EMOTIONAL_000675,4
EMOTIONAL_000676,1
EMOTIONAL_000677,0
EMOTIONAL_000678,0
EMOTIONAL_000679,0
EMOTIONAL_000680,0
EMOTIONAL_000681,2
EMOTIONAL_000682,0
EMOTIONAL_000683,4
EMOTIONAL_000684,2
EMOTIONAL_000685,2
EMOTIONAL_000686,0
EMOTIONAL_000687,3
EMOTIONAL_000688,2
EMOTIONAL_000689,3
EMOTIONAL_000690,4
EMOTIONAL_000691,0
EMOTIONAL_000692,0
EMOTIONAL_000693,3
EMOTIONAL_000694,3
EMOTIONAL_000695,1
EMOTIONAL_000696,1
EMOTIONAL_000697,2
EMOTIONAL_000698,0
EMOTIONAL_000699,0
EMOTIONAL_000700,1
EMOTIONAL_000701,0
EMOTIONAL_000702,1
EMOTIONAL_000703,4
EMOTIONAL_000704,3
EMOTIONAL_000705,4
EMOTIONAL_000706,3
EMOTIONAL_000707,1
EMOTIONAL_000708,3
EMOTIONAL_000709,4
EMOTIONAL_000710,4
EMOTIONAL_000711,2
EMOTIONAL_000712,0
EMOTIONAL_000713,0
EMOTIONAL_000714,0
EMOTIONAL_000715,4
EMOTIONAL_000716,1
EMOTIONAL_000717,3
EMOTIONAL_000718,1
EMOTIONAL_000719,2
EMOTIONAL_000720,0
EMOTIONAL_000721,0
EMOTIONAL_000722,1
EMOTIONAL_000723,2
EMOTIONAL_000724,0
EMOTIONAL_000725,2
EMOTIONAL_000726,1
EMOTIONAL_000727,3
EMOTIONAL_000728,0
EMOTIONAL_000729,2
EMOTIONAL_000730,0
EMOTIONAL_000731,2
EMOTIONAL_000732,1
EMOTIONAL_000733,2
EMOTIONAL_000734,4
EMOTIONAL_000735,0
EMOTIONAL_000736,0
EMOTIONAL_000737,2
EMOTIONAL_000738,2
EMOTIONAL_000739,0
EMOTIONAL_000740,1
EMOTIONAL_000741,0
EMOTIONAL_000742,0
EMOTIONAL_000743,1
EMOTIONAL_000744,3
EMOTIONAL_000745,1
EMOTIONAL_000746,1
EMOTIONAL_000747,3
EMOTIONAL_000748,0
EMOTIONAL_000749,2
EMOTIONAL_000750,3
EMOTIONAL_000751,0
EMOTIONAL_000752,1
EMOTIONAL_000753,4
EMOTIONAL_000754,4
EMOTIONAL_000755,0
EMOTIONAL_000756,0
EMOTIONAL_000757,0
EMOTIONAL_000758,1
EMOTIONAL_000759,1
EMOTIONAL_000760,2
EMOTIONAL_000761,3
EMOTIONAL_000762,0
EMOTIONAL_000763,3
EMOTIONAL_000764,0
EMOTIONAL_000765,0
EMOTIONAL_000766,1
EMOTIONAL_000767,0
EMOTIONAL_000768,1
EMOTIONAL_000769,3
EMOTIONAL_000770,0
EMOTIONAL_000771,2
EMOTIONAL_000772,0
EMOTIONAL_000773,0
EMOTIONAL_000774,1
EMOTIONAL_000775,3
EMOTIONAL_000776,1
EMOTIONAL_000777,2
EMOTIONAL_000778,3
EMOTIONAL_000779,2
EMOTIONAL_000780,0
EMOTIONAL_000781,2
EMOTIONAL_000782,1
EMOTIONAL_000783,2
EMOTIONAL_000784,1
EMOTIONAL_000785,0
EMOTIONAL_000786,1
EMOTIONAL_000787,1
EMOTIONAL_000788,1
EMOTIONAL_000789,3
EMOTIONAL_000790,3
EMOTIONAL_000791,1
EMOTIONAL_000792,1
EMOTIONAL_000793,1
EMOTIONAL_000794,1
EMOTIONAL_000795,4
EMOTIONAL_000796,2
EMOTIONAL_000797,0
EMOTIONAL_000798,1
EMOTIONAL_000799,2
EMOTIONAL_000800,2
EMOTIONAL_000801,1
EMOTIONAL_000802,0
EMOTIONAL_000803,0
EMOTIONAL_000804,0
EMOTIONAL_000805,1
EMOTIONAL_000806,0
EMOTIONAL_000807,3
EMOTIONAL_000808,0
EMOTIONAL_000809,3
EMOTIONAL_000810,0
EMOTIONAL_000811,0
EMOTIONAL_000812,1
EMOTIONAL_000813,0
EMOTIONAL_000814,4
EMOTIONAL_000815,0
EMOTIONAL_000816,1
EMOTIONAL_000817,4
EMOTIONAL_000818,1
EMOTIONAL_000819,0
EMOTIONAL_000820,0
EMOTIONAL_000821,1
EMOTIONAL_000822,0
EMOTIONAL_000823,1
EMOTIONAL_000824,3
EMOTIONAL_000825,3
EMOTIONAL_000826,0
EMOTIONAL_000827,0
EMOTIONAL_000828,0
EMOTIONAL_000829,1
EMOTIONAL_000830,1
EMOTIONAL_000831,3
EMOTIONAL_000832,2
EMOTIONAL_000833,0
EMOTIONAL_000834,2
EMOTIONAL_000835,0
EMOTIONAL_000836,0
EMOTIONAL_000837,0
EMOTIONAL_000838,0
EMOTIONAL_000839,2
EMOTIONAL_000840,1
EMOTIONAL_000841,0
EMOTIONAL_000842,4
EMOTIONAL_000843,1
EMOTIONAL_000844,0
EMOTIONAL_000845,0
EMOTIONAL_000846,1
EMOTIONAL_000847,4
EMOTIONAL_000848,1
EMOTIONAL_000849,4
EMOTIONAL_000850,1
EMOTIONAL_000851,1
EMOTIONAL_000852,1
EMOTIONAL_000853,2
EMOTIONAL_000854,1
EMOTIONAL_000855,3
EMOTIONAL_000856,0
EMOTIONAL_000857,1
EMOTIONAL_000858,1
EMOTIONAL_000859,2
EMOTIONAL_000860,0
EMOTIONAL_000861,1
EMOTIONAL_000862,1
EMOTIONAL_000863,2
EMOTIONAL_000864,2
EMOTIONAL_000865,2
EMOTIONAL_000866,0
EMOTIONAL_000867,4
EMOTIONAL_000868,3
EMOTIONAL_000869,0
EMOTIONAL_000870,0
EMOTIONAL_000871,0
EMOTIONAL_000872,1
EMOTIONAL_000873,3
EMOTIONAL_000874,2
EMOTIONAL_000875,3
EMOTIONAL_000876,0
EMOTIONAL_000877,1
EMOTIONAL_000878,0
EMOTIONAL_000879,0
EMOTIONAL_000880,2
EMOTIONAL_000881,0
EMOTIONAL_000882,2
EMOTIONAL_000883,2
EMOTIONAL_000884,3
EMOTIONAL_000885,0
EMOTIONAL_000886,2
EMOTIONAL_000887,4
EMOTIONAL_000888,3
EMOTIONAL_000889,2
EMOTIONAL_000890,2
EMOTIONAL_000891,1
EMOTIONAL_000892,2
EMOTIONAL_000893,2
EMOTIONAL_000894,2
EMOTIONAL_000895,2
EMOTIONAL_000896,1
EMOTIONAL_000897,0
EMOTIONAL_000898,1
EMOTIONAL_000899,0
EMOTIONAL_000900,1
EMOTIONAL_000901,0
EMOTIONAL_000902,1
EMOTIONAL_000903,3
EMOTIONAL_000904,1
EMOTIONAL_000905,0
EMOTIONAL_000906,1
EMOTIONAL_000907,0
EMOTIONAL_000908,1
EMOTIONAL_000909,1
EMOTIONAL_000910,4
EMOTIONAL_000911,0
EMOTIONAL_000912,2
EMOTIONAL_000913,3
EMOTIONAL_000914,4
EMOTIONAL_000915,0
EMOTIONAL_000916,1
EMOTIONAL_000917,0
EMOTIONAL_000918,1
EMOTIONAL_000919,0
EMOTIONAL_000920,3
EMOTIONAL_000921,0
EMOTIONAL_000922,1
EMOTIONAL_000923,1
EMOTIONAL_000924,4
EMOTIONAL_000925,2
EMOTIONAL_000926,0
EMOTIONAL_000927,0
EMOTIONAL_000928,0
EMOTIONAL_000929,2
EMOTIONAL_000930,2
EMOTIONAL_000931,2
EMOTIONAL_000932,0
EMOTIONAL_000933,2
EMOTIONAL_000934,2
EMOTIONAL_000935,4
EMOTIONAL_000936,1
EMOTIONAL_000937,0
EMOTIONAL_000938,1
EMOTIONAL_000939,0
EMOTIONAL_000940,2
EMOTIONAL_000941,2
EMOTIONAL_000942,0
EMOTIONAL_000943,0
EMOTIONAL_000944,0
EMOTIONAL_000945,3
EMOTIONAL_000946,0
EMOTIONAL_000947,0
EMOTIONAL_000948,0
EMOTIONAL_000949,1
EMOTIONAL_000950,2
EMOTIONAL_000951,3
EMOTIONAL_000952,0
EMOTIONAL_000953,2
EMOTIONAL_000954,1
EMOTIONAL_000955,4
EMOTIONAL_000956,0
EMOTIONAL_000957,0
EMOTIONAL_000958,1
EMOTIONAL_000959,0
EMOTIONAL_000960,0
EMOTIONAL_000961,2
EMOTIONAL_000962,2
EMOTIONAL_000963,1
EMOTIONAL_000964,2
EMOTIONAL_000965,1
EMOTIONAL_000966,2
EMOTIONAL_000967,1
EMOTIONAL_000968,2
EMOTIONAL_000969,0
EMOTIONAL_000970,0
EMOTIONAL_000971,1
EMOTIONAL_000972,1
EMOTIONAL_000973,2
EMOTIONAL_000974,1
EMOTIONAL_000975,0
EMOTIONAL_000976,0
EMOTIONAL_000977,0
EMOTIONAL_000978,2
EMOTIONAL_000979,1
EMOTIONAL_000980,2
EMOTIONAL_000981,1
EMOTIONAL_000982,3
EMOTIONAL_000983,4
EMOTIONAL_000984,2
EMOTIONAL_000985,3
EMOTIONAL_000986,1
EMOTIONAL_000987,4
EMOTIONAL_000988,3
EMOTIONAL_000989,4
EMOTIONAL_000990,2
EMOTIONAL_000991,2
EMOTIONAL_000992,1
EMOTIONAL_000993,0
EMOTIONAL_000994,1
EMOTIONAL_000995,3
EMOTIONAL_000996,0
EMOTIONAL_000997,1
EMOTIONAL_000998,1
EMOTIONAL_000999,1
EMOTIONAL_001000,3
