student_id,behavior_score
OULAD_TEST_0000,0.2289
OULAD_TEST_0001,0.0092
OULAD_TEST_0002,0.1096
OULAD_TEST_0003,0.4268
OULAD_TEST_0004,0.0524
OULAD_TEST_0005,0.1522
OULAD_TEST_0006,0.3133
OULAD_TEST_0007,0.7709
OULAD_TEST_0008,0.2314
OULAD_TEST_0009,0.3441
OULAD_TEST_0010,0.5591
OULAD_TEST_0011,0.6529
OULAD_TEST_0012,0.295
OULAD_TEST_0013,0.0
OULAD_TEST_0014,0.0
OULAD_TEST_0015,0.0155
OULAD_TEST_0016,0.0
OULAD_TEST_0017,0.1358
OULAD_TEST_0018,0.3036
OULAD_TEST_0019,0.0257
OULAD_TEST_0020,0.8446
OULAD_TEST_0021,0.0
OULAD_TEST_0022,0.6946
OULAD_TEST_0023,0.0
OULAD_TEST_0024,0.0704
OULAD_TEST_0025,0.2942
OULAD_TEST_0026,0.2032
OULAD_TEST_0027,0.4497
OULAD_TEST_0028,0.0
OULAD_TEST_0029,0.6689
OULAD_TEST_0030,0.1157
OULAD_TEST_0031,0.8303
OULAD_TEST_0032,0.3881
OULAD_TEST_0033,0.3146
OULAD_TEST_0034,0.5362
OULAD_TEST_0035,0.1032
OULAD_TEST_0036,0.2871
OULAD_TEST_0037,0.0009
OULAD_TEST_0038,0.4847
OULAD_TEST_0039,0.3333
OULAD_TEST_0040,0.1778
OULAD_TEST_0041,0.3484
OULAD_TEST_0042,0.0878
OULAD_TEST_0043,0.2759
OULAD_TEST_0044,0.5519
OULAD_TEST_0045,0.6209
OULAD_TEST_0046,0.4248
OULAD_TEST_0047,0.3513
OULAD_TEST_0048,0.2474
OULAD_TEST_0049,0.4806
OULAD_TEST_0050,0.0469
OULAD_TEST_0051,0.1524
OULAD_TEST_0052,0.3261
OULAD_TEST_0053,0.1119
OULAD_TEST_0054,0.1209
OULAD_TEST_0055,0.2102
OULAD_TEST_0056,0.2601
OULAD_TEST_0057,0.2089
OULAD_TEST_0058,0.0615
OULAD_TEST_0059,0.7406
OULAD_TEST_0060,0.1711
OULAD_TEST_0061,0.2729
OULAD_TEST_0062,0.1157
OULAD_TEST_0063,0.0
OULAD_TEST_0064,0.2768
OULAD_TEST_0065,0.2056
OULAD_TEST_0066,0.4441
OULAD_TEST_0067,0.8002
OULAD_TEST_0068,0.5577
OULAD_TEST_0069,0.0135
OULAD_TEST_0070,0.7338
OULAD_TEST_0071,0.2068
OULAD_TEST_0072,0.3151
OULAD_TEST_0073,0.4937
OULAD_TEST_0074,0.1174
OULAD_TEST_0075,0.3399
OULAD_TEST_0076,0.6293
OULAD_TEST_0077,0.0008
OULAD_TEST_0078,0.0462
OULAD_TEST_0079,0.1992
OULAD_TEST_0080,0.0031
OULAD_TEST_0081,0.6399
OULAD_TEST_0082,0.5149
OULAD_TEST_0083,0.3251
OULAD_TEST_0084,0.0067
OULAD_TEST_0085,0.0
OULAD_TEST_0086,0.2875
OULAD_TEST_0087,0.2341
OULAD_TEST_0088,0.6399
OULAD_TEST_0089,0.0923
OULAD_TEST_0090,0.3564
OULAD_TEST_0091,0.6377
OULAD_TEST_0092,0.3101
OULAD_TEST_0093,0.0
OULAD_TEST_0094,0.016
OULAD_TEST_0095,0.0
OULAD_TEST_0096,0.1131
OULAD_TEST_0097,0.0633
OULAD_TEST_0098,0.306
OULAD_TEST_0099,0.6197
OULAD_TEST_0100,0.0
OULAD_TEST_0101,0.1497
OULAD_TEST_0102,0.0923
OULAD_TEST_0103,0.0629
OULAD_TEST_0104,0.2607
OULAD_TEST_0105,0.2804
OULAD_TEST_0106,0.4093
OULAD_TEST_0107,0.4027
OULAD_TEST_0108,0.2383
OULAD_TEST_0109,0.6879
OULAD_TEST_0110,0.086
OULAD_TEST_0111,0.6938
OULAD_TEST_0112,0.1201
OULAD_TEST_0113,0.4348
OULAD_TEST_0114,0.275
OULAD_TEST_0115,0.119
OULAD_TEST_0116,0.1112
OULAD_TEST_0117,0.0187
OULAD_TEST_0118,0.1756
OULAD_TEST_0119,0.1661
OULAD_TEST_0120,0.6194
OULAD_TEST_0121,0.0589
OULAD_TEST_0122,0.5903
OULAD_TEST_0123,0.2352
OULAD_TEST_0124,0.097
OULAD_TEST_0125,0.2511
OULAD_TEST_0126,0.215
OULAD_TEST_0127,0.0
OULAD_TEST_0128,0.1169
OULAD_TEST_0129,0.019
OULAD_TEST_0130,0.0
OULAD_TEST_0131,0.0664
OULAD_TEST_0132,0.0739
OULAD_TEST_0133,0.4487
OULAD_TEST_0134,0.0
OULAD_TEST_0135,0.1988
OULAD_TEST_0136,0.6198
OULAD_TEST_0137,0.6606
OULAD_TEST_0138,0.781
OULAD_TEST_0139,0.2218
OULAD_TEST_0140,0.0669
OULAD_TEST_0141,0.2748
OULAD_TEST_0142,0.1438
OULAD_TEST_0143,0.2621
OULAD_TEST_0144,0.2581
OULAD_TEST_0145,0.6339
OULAD_TEST_0146,0.1917
OULAD_TEST_0147,0.1272
OULAD_TEST_0148,0.4486
OULAD_TEST_0149,0.6199
OULAD_TEST_0150,0.0901
OULAD_TEST_0151,0.5225
OULAD_TEST_0152,0.6139
OULAD_TEST_0153,0.4938
OULAD_TEST_0154,0.1914
OULAD_TEST_0155,0.0788
OULAD_TEST_0156,0.4744
OULAD_TEST_0157,0.2022
OULAD_TEST_0158,0.2104
OULAD_TEST_0159,0.4488
OULAD_TEST_0160,0.2655
OULAD_TEST_0161,0.1825
OULAD_TEST_0162,0.1352
OULAD_TEST_0163,0.47
OULAD_TEST_0164,0.767
OULAD_TEST_0165,0.0763
OULAD_TEST_0166,0.2819
OULAD_TEST_0167,0.4091
OULAD_TEST_0168,0.0103
OULAD_TEST_0169,0.1265
OULAD_TEST_0170,0.1354
OULAD_TEST_0171,0.3183
OULAD_TEST_0172,0.1192
OULAD_TEST_0173,0.0781
OULAD_TEST_0174,0.467
OULAD_TEST_0175,0.3867
OULAD_TEST_0176,0.0357
OULAD_TEST_0177,0.4599
OULAD_TEST_0178,0.1542
OULAD_TEST_0179,0.9715
OULAD_TEST_0180,0.4138
OULAD_TEST_0181,0.0
OULAD_TEST_0182,0.2539
OULAD_TEST_0183,0.4829
OULAD_TEST_0184,0.4348
OULAD_TEST_0185,0.335
OULAD_TEST_0186,0.4054
OULAD_TEST_0187,0.2813
OULAD_TEST_0188,0.3936
OULAD_TEST_0189,0.4276
OULAD_TEST_0190,0.3446
OULAD_TEST_0191,0.1673
OULAD_TEST_0192,0.6949
OULAD_TEST_0193,0.571
OULAD_TEST_0194,0.0676
OULAD_TEST_0195,0.7303
OULAD_TEST_0196,0.0
OULAD_TEST_0197,0.2415
OULAD_TEST_0198,0.7056
OULAD_TEST_0199,0.5434
OULAD_TEST_0200,0.1441
OULAD_TEST_0201,0.1892
OULAD_TEST_0202,0.133
OULAD_TEST_0203,0.4573
OULAD_TEST_0204,0.0
OULAD_TEST_0205,0.0
OULAD_TEST_0206,0.4459
OULAD_TEST_0207,0.2943
OULAD_TEST_0208,0.1518
OULAD_TEST_0209,0.4843
OULAD_TEST_0210,0.3598
OULAD_TEST_0211,0.7635
OULAD_TEST_0212,0.1886
OULAD_TEST_0213,0.7637
OULAD_TEST_0214,0.011
OULAD_TEST_0215,0.1472
OULAD_TEST_0216,0.3479
OULAD_TEST_0217,0.6548
OULAD_TEST_0218,0.4413
OULAD_TEST_0219,0.6473
OULAD_TEST_0220,0.2582
OULAD_TEST_0221,0.0
OULAD_TEST_0222,0.7677
OULAD_TEST_0223,0.5133
OULAD_TEST_0224,0.362
OULAD_TEST_0225,0.6
OULAD_TEST_0226,0.1151
OULAD_TEST_0227,0.4676
OULAD_TEST_0228,0.6274
OULAD_TEST_0229,0.0829
OULAD_TEST_0230,0.0623
OULAD_TEST_0231,0.2916
OULAD_TEST_0232,0.1494
OULAD_TEST_0233,0.2631
OULAD_TEST_0234,0.5962
OULAD_TEST_0235,0.1872
OULAD_TEST_0236,0.4884
OULAD_TEST_0237,0.2553
OULAD_TEST_0238,0.6293
OULAD_TEST_0239,0.6569
OULAD_TEST_0240,0.0
OULAD_TEST_0241,0.0431
OULAD_TEST_0242,0.7442
OULAD_TEST_0243,0.7816
OULAD_TEST_0244,0.2572
OULAD_TEST_0245,0.2077
OULAD_TEST_0246,0.6188
OULAD_TEST_0247,0.0
OULAD_TEST_0248,0.268
OULAD_TEST_0249,0.0676
OULAD_TEST_0250,0.1298
OULAD_TEST_0251,0.7895
OULAD_TEST_0252,0.4114
OULAD_TEST_0253,0.1406
OULAD_TEST_0254,0.0767
OULAD_TEST_0255,0.5765
OULAD_TEST_0256,0.6056
OULAD_TEST_0257,0.5816
OULAD_TEST_0258,0.737
OULAD_TEST_0259,0.1419
OULAD_TEST_0260,0.0
OULAD_TEST_0261,0.1422
OULAD_TEST_0262,0.0675
OULAD_TEST_0263,0.1574
OULAD_TEST_0264,0.0978
OULAD_TEST_0265,0.0
OULAD_TEST_0266,0.3278
OULAD_TEST_0267,0.5525
OULAD_TEST_0268,0.076
OULAD_TEST_0269,0.0278
OULAD_TEST_0270,0.5119
OULAD_TEST_0271,0.1792
OULAD_TEST_0272,0.4238
OULAD_TEST_0273,0.4088
OULAD_TEST_0274,0.0
OULAD_TEST_0275,0.3066
OULAD_TEST_0276,0.0575
OULAD_TEST_0277,0.4282
OULAD_TEST_0278,0.7064
OULAD_TEST_0279,0.4695
OULAD_TEST_0280,0.5436
OULAD_TEST_0281,0.4812
OULAD_TEST_0282,0.2033
OULAD_TEST_0283,0.3713
OULAD_TEST_0284,0.8997
OULAD_TEST_0285,0.0
OULAD_TEST_0286,0.1416
OULAD_TEST_0287,0.1783
OULAD_TEST_0288,0.0536
OULAD_TEST_0289,0.0317
OULAD_TEST_0290,0.1354
OULAD_TEST_0291,0.3159
OULAD_TEST_0292,0.0
OULAD_TEST_0293,0.0956
OULAD_TEST_0294,0.3005
OULAD_TEST_0295,0.001
OULAD_TEST_0296,0.4113
OULAD_TEST_0297,0.1233
OULAD_TEST_0298,0.7797
OULAD_TEST_0299,0.2788
OULAD_TEST_0300,0.5537
OULAD_TEST_0301,0.3137
OULAD_TEST_0302,0.7742
OULAD_TEST_0303,0.7607
OULAD_TEST_0304,0.6955
OULAD_TEST_0305,0.3917
OULAD_TEST_0306,0.8252
OULAD_TEST_0307,0.6405
OULAD_TEST_0308,0.7473
OULAD_TEST_0309,0.6761
OULAD_TEST_0310,0.2765
OULAD_TEST_0311,0.2037
OULAD_TEST_0312,0.2748
OULAD_TEST_0313,0.3399
OULAD_TEST_0314,0.219
OULAD_TEST_0315,0.2803
OULAD_TEST_0316,0.1088
OULAD_TEST_0317,0.5453
OULAD_TEST_0318,0.2612
OULAD_TEST_0319,0.1717
OULAD_TEST_0320,0.309
OULAD_TEST_0321,0.4124
OULAD_TEST_0322,0.5123
OULAD_TEST_0323,0.8114
OULAD_TEST_0324,0.1199
OULAD_TEST_0325,0.4905
OULAD_TEST_0326,0.1477
OULAD_TEST_0327,0.4404
OULAD_TEST_0328,0.1137
OULAD_TEST_0329,0.2439
OULAD_TEST_0330,0.0823
OULAD_TEST_0331,0.0
OULAD_TEST_0332,0.2423
OULAD_TEST_0333,0.5529
OULAD_TEST_0334,0.7969
OULAD_TEST_0335,0.6823
OULAD_TEST_0336,0.554
OULAD_TEST_0337,0.0
OULAD_TEST_0338,0.3394
OULAD_TEST_0339,0.3509
OULAD_TEST_0340,0.0
OULAD_TEST_0341,0.1309
OULAD_TEST_0342,0.3403
OULAD_TEST_0343,0.4137
OULAD_TEST_0344,0.0734
OULAD_TEST_0345,0.0877
OULAD_TEST_0346,0.0
OULAD_TEST_0347,0.0
OULAD_TEST_0348,0.0369
OULAD_TEST_0349,0.2415
OULAD_TEST_0350,0.3801
OULAD_TEST_0351,0.6583
OULAD_TEST_0352,0.1379
OULAD_TEST_0353,0.6779
OULAD_TEST_0354,0.0183
OULAD_TEST_0355,0.2731
OULAD_TEST_0356,0.072
OULAD_TEST_0357,0.0601
OULAD_TEST_0358,0.166
OULAD_TEST_0359,0.1448
OULAD_TEST_0360,0.5836
OULAD_TEST_0361,0.604
OULAD_TEST_0362,0.6875
OULAD_TEST_0363,0.4297
OULAD_TEST_0364,0.3766
OULAD_TEST_0365,0.277
OULAD_TEST_0366,0.7201
OULAD_TEST_0367,0.0813
OULAD_TEST_0368,0.1115
OULAD_TEST_0369,0.6024
OULAD_TEST_0370,0.0393
OULAD_TEST_0371,0.1421
OULAD_TEST_0372,0.3855
OULAD_TEST_0373,0.1934
OULAD_TEST_0374,0.84
OULAD_TEST_0375,0.0
OULAD_TEST_0376,0.7263
OULAD_TEST_0377,0.5869
OULAD_TEST_0378,0.8332
OULAD_TEST_0379,0.0
OULAD_TEST_0380,0.079
OULAD_TEST_0381,0.207
OULAD_TEST_0382,0.0
OULAD_TEST_0383,0.0144
OULAD_TEST_0384,0.2053
OULAD_TEST_0385,0.7129
OULAD_TEST_0386,0.5851
OULAD_TEST_0387,0.6434
OULAD_TEST_0388,0.2833
OULAD_TEST_0389,0.0092
OULAD_TEST_0390,0.0784
OULAD_TEST_0391,0.7455
OULAD_TEST_0392,0.5486
OULAD_TEST_0393,0.2148
OULAD_TEST_0394,0.3374
OULAD_TEST_0395,0.1786
OULAD_TEST_0396,0.0
OULAD_TEST_0397,0.5046
OULAD_TEST_0398,0.3685
OULAD_TEST_0399,0.3556
OULAD_TEST_0400,0.4573
OULAD_TEST_0401,0.2378
OULAD_TEST_0402,0.2329
OULAD_TEST_0403,0.0159
OULAD_TEST_0404,0.2895
OULAD_TEST_0405,0.5768
OULAD_TEST_0406,0.0
OULAD_TEST_0407,0.1398
OULAD_TEST_0408,0.1151
OULAD_TEST_0409,0.0689
OULAD_TEST_0410,0.1387
OULAD_TEST_0411,0.5555
OULAD_TEST_0412,0.3087
OULAD_TEST_0413,0.6526
OULAD_TEST_0414,0.0661
OULAD_TEST_0415,0.3659
OULAD_TEST_0416,0.2771
OULAD_TEST_0417,0.5161
OULAD_TEST_0418,0.1369
OULAD_TEST_0419,0.5435
OULAD_TEST_0420,0.9047
OULAD_TEST_0421,0.3104
OULAD_TEST_0422,0.3003
OULAD_TEST_0423,0.1602
OULAD_TEST_0424,0.1058
OULAD_TEST_0425,0.3812
OULAD_TEST_0426,0.3888
OULAD_TEST_0427,0.0945
OULAD_TEST_0428,0.7851
OULAD_TEST_0429,0.0
OULAD_TEST_0430,0.1556
OULAD_TEST_0431,0.2601
OULAD_TEST_0432,0.6378
OULAD_TEST_0433,0.582
OULAD_TEST_0434,0.4088
OULAD_TEST_0435,0.0428
OULAD_TEST_0436,0.2539
OULAD_TEST_0437,0.0
OULAD_TEST_0438,0.0026
OULAD_TEST_0439,0.1512
OULAD_TEST_0440,0.6359
OULAD_TEST_0441,0.4873
OULAD_TEST_0442,0.4894
OULAD_TEST_0443,0.6839
OULAD_TEST_0444,0.242
OULAD_TEST_0445,0.2577
OULAD_TEST_0446,0.1709
OULAD_TEST_0447,0.5715
OULAD_TEST_0448,0.0033
OULAD_TEST_0449,0.0
OULAD_TEST_0450,0.1883
OULAD_TEST_0451,0.6988
OULAD_TEST_0452,0.0
OULAD_TEST_0453,0.3471
OULAD_TEST_0454,0.367
OULAD_TEST_0455,0.5923
OULAD_TEST_0456,0.2116
OULAD_TEST_0457,0.3971
OULAD_TEST_0458,0.0727
OULAD_TEST_0459,0.0
OULAD_TEST_0460,0.3744
OULAD_TEST_0461,0.0194
OULAD_TEST_0462,0.3348
OULAD_TEST_0463,0.1198
OULAD_TEST_0464,0.6873
OULAD_TEST_0465,0.0677
OULAD_TEST_0466,0.2387
OULAD_TEST_0467,0.5975
OULAD_TEST_0468,0.2986
OULAD_TEST_0469,0.6405
OULAD_TEST_0470,0.0
OULAD_TEST_0471,0.1975
OULAD_TEST_0472,0.0183
OULAD_TEST_0473,0.7842
OULAD_TEST_0474,0.1825
OULAD_TEST_0475,0.0809
OULAD_TEST_0476,0.7496
OULAD_TEST_0477,0.6097
OULAD_TEST_0478,0.3868
OULAD_TEST_0479,0.1778
OULAD_TEST_0480,0.1548
OULAD_TEST_0481,0.4466
OULAD_TEST_0482,0.154
OULAD_TEST_0483,0.5643
OULAD_TEST_0484,0.1133
OULAD_TEST_0485,0.2231
OULAD_TEST_0486,0.3928
OULAD_TEST_0487,0.57
OULAD_TEST_0488,0.3653
OULAD_TEST_0489,0.7862
OULAD_TEST_0490,0.0506
OULAD_TEST_0491,0.2425
OULAD_TEST_0492,0.5384
OULAD_TEST_0493,0.267
OULAD_TEST_0494,0.3766
OULAD_TEST_0495,0.1741
OULAD_TEST_0496,0.591
OULAD_TEST_0497,0.0398
OULAD_TEST_0498,0.0482
OULAD_TEST_0499,0.0
OULAD_TEST_0500,0.2796
OULAD_TEST_0501,0.2117
OULAD_TEST_0502,0.2398
OULAD_TEST_0503,0.5448
OULAD_TEST_0504,0.0
OULAD_TEST_0505,0.5638
OULAD_TEST_0506,0.6403
OULAD_TEST_0507,0.3268
OULAD_TEST_0508,0.0311
OULAD_TEST_0509,0.373
OULAD_TEST_0510,0.1734
OULAD_TEST_0511,0.6929
OULAD_TEST_0512,0.5193
OULAD_TEST_0513,0.0
OULAD_TEST_0514,0.2055
OULAD_TEST_0515,0.2061
OULAD_TEST_0516,0.2444
OULAD_TEST_0517,0.0
OULAD_TEST_0518,0.2551
OULAD_TEST_0519,0.1423
OULAD_TEST_0520,0.0
OULAD_TEST_0521,0.3606
OULAD_TEST_0522,0.5695
OULAD_TEST_0523,0.5541
OULAD_TEST_0524,0.0896
OULAD_TEST_0525,0.0
OULAD_TEST_0526,0.0
OULAD_TEST_0527,0.4654
OULAD_TEST_0528,0.5006
OULAD_TEST_0529,0.0591
OULAD_TEST_0530,0.2835
OULAD_TEST_0531,0.0
OULAD_TEST_0532,0.0748
OULAD_TEST_0533,0.5762
OULAD_TEST_0534,0.141
OULAD_TEST_0535,0.5249
OULAD_TEST_0536,0.0
OULAD_TEST_0537,0.6611
OULAD_TEST_0538,0.193
OULAD_TEST_0539,0.2047
OULAD_TEST_0540,0.1317
OULAD_TEST_0541,0.0
OULAD_TEST_0542,0.1249
OULAD_TEST_0543,0.4496
OULAD_TEST_0544,0.083
OULAD_TEST_0545,0.0
OULAD_TEST_0546,0.245
OULAD_TEST_0547,0.4041
OULAD_TEST_0548,0.0835
OULAD_TEST_0549,0.6387
OULAD_TEST_0550,0.7077
OULAD_TEST_0551,0.1214
OULAD_TEST_0552,0.1707
OULAD_TEST_0553,0.0755
OULAD_TEST_0554,0.0921
OULAD_TEST_0555,0.0
OULAD_TEST_0556,0.6155
OULAD_TEST_0557,0.0
OULAD_TEST_0558,0.1125
OULAD_TEST_0559,0.0
OULAD_TEST_0560,0.1833
OULAD_TEST_0561,0.8358
OULAD_TEST_0562,0.7431
OULAD_TEST_0563,0.0153
OULAD_TEST_0564,0.377
OULAD_TEST_0565,0.4463
OULAD_TEST_0566,0.0
OULAD_TEST_0567,0.0
OULAD_TEST_0568,0.4601
OULAD_TEST_0569,0.0358
OULAD_TEST_0570,0.1463
OULAD_TEST_0571,0.8426
OULAD_TEST_0572,0.0939
OULAD_TEST_0573,0.0976
OULAD_TEST_0574,0.1009
OULAD_TEST_0575,0.2276
OULAD_TEST_0576,0.2033
OULAD_TEST_0577,0.149
OULAD_TEST_0578,0.0
OULAD_TEST_0579,0.2655
OULAD_TEST_0580,0.2515
OULAD_TEST_0581,0.0171
OULAD_TEST_0582,0.7225
OULAD_TEST_0583,0.4044
OULAD_TEST_0584,0.099
OULAD_TEST_0585,0.5072
OULAD_TEST_0586,0.1315
OULAD_TEST_0587,0.4689
OULAD_TEST_0588,0.3696
OULAD_TEST_0589,0.2309
OULAD_TEST_0590,0.1061
OULAD_TEST_0591,0.5906
OULAD_TEST_0592,0.0942
OULAD_TEST_0593,0.2917
OULAD_TEST_0594,0.3504
OULAD_TEST_0595,0.3365
OULAD_TEST_0596,0.6665
OULAD_TEST_0597,0.6019
OULAD_TEST_0598,0.0
OULAD_TEST_0599,0.7268
OULAD_TEST_0600,0.1741
OULAD_TEST_0601,0.2755
OULAD_TEST_0602,0.3805
OULAD_TEST_0603,0.3873
OULAD_TEST_0604,0.0905
OULAD_TEST_0605,0.8232
OULAD_TEST_0606,0.3012
OULAD_TEST_0607,0.0057
OULAD_TEST_0608,0.0
OULAD_TEST_0609,0.2239
OULAD_TEST_0610,0.4235
OULAD_TEST_0611,0.5179
OULAD_TEST_0612,0.3798
OULAD_TEST_0613,0.5819
OULAD_TEST_0614,0.4897
OULAD_TEST_0615,0.6942
OULAD_TEST_0616,0.4258
OULAD_TEST_0617,0.7311
OULAD_TEST_0618,0.6889
OULAD_TEST_0619,0.068
OULAD_TEST_0620,0.0471
OULAD_TEST_0621,0.1717
OULAD_TEST_0622,0.2266
OULAD_TEST_0623,0.7946
OULAD_TEST_0624,0.6387
OULAD_TEST_0625,0.0486
OULAD_TEST_0626,0.1532
OULAD_TEST_0627,0.108
OULAD_TEST_0628,0.2586
OULAD_TEST_0629,0.1243
OULAD_TEST_0630,0.0
OULAD_TEST_0631,0.7458
OULAD_TEST_0632,0.37
OULAD_TEST_0633,0.6521
OULAD_TEST_0634,0.0
OULAD_TEST_0635,0.0
OULAD_TEST_0636,0.7092
OULAD_TEST_0637,0.2665
OULAD_TEST_0638,0.0
OULAD_TEST_0639,0.0216
OULAD_TEST_0640,0.2849
OULAD_TEST_0641,0.2998
OULAD_TEST_0642,0.0143
OULAD_TEST_0643,0.2076
OULAD_TEST_0644,0.0524
OULAD_TEST_0645,0.0183
OULAD_TEST_0646,0.0
OULAD_TEST_0647,0.4405
OULAD_TEST_0648,0.1869
OULAD_TEST_0649,0.2627
OULAD_TEST_0650,0.6407
OULAD_TEST_0651,0.2443
OULAD_TEST_0652,0.5855
OULAD_TEST_0653,0.0
OULAD_TEST_0654,0.3126
OULAD_TEST_0655,0.1568
OULAD_TEST_0656,0.0499
OULAD_TEST_0657,0.1671
OULAD_TEST_0658,0.0654
OULAD_TEST_0659,0.067
OULAD_TEST_0660,0.4795
OULAD_TEST_0661,0.6445
OULAD_TEST_0662,0.1931
OULAD_TEST_0663,0.4666
OULAD_TEST_0664,0.3176
OULAD_TEST_0665,0.6208
OULAD_TEST_0666,0.0976
OULAD_TEST_0667,0.4802
OULAD_TEST_0668,0.1341
OULAD_TEST_0669,0.1433
OULAD_TEST_0670,0.1366
OULAD_TEST_0671,0.3885
OULAD_TEST_0672,0.0
OULAD_TEST_0673,0.012
OULAD_TEST_0674,0.0
OULAD_TEST_0675,0.5399
OULAD_TEST_0676,0.1605
OULAD_TEST_0677,0.2513
OULAD_TEST_0678,0.382
OULAD_TEST_0679,0.3953
OULAD_TEST_0680,0.1028
OULAD_TEST_0681,0.3197
OULAD_TEST_0682,0.3783
OULAD_TEST_0683,0.7488
OULAD_TEST_0684,0.1222
OULAD_TEST_0685,0.7711
OULAD_TEST_0686,0.6741
OULAD_TEST_0687,0.1386
OULAD_TEST_0688,0.766
OULAD_TEST_0689,0.1787
OULAD_TEST_0690,0.0833
OULAD_TEST_0691,0.3067
OULAD_TEST_0692,0.0276
OULAD_TEST_0693,0.5928
OULAD_TEST_0694,0.7551
OULAD_TEST_0695,0.6631
OULAD_TEST_0696,0.0889
OULAD_TEST_0697,0.0
OULAD_TEST_0698,0.2761
OULAD_TEST_0699,0.6805
OULAD_TEST_0700,0.3996
OULAD_TEST_0701,0.4627
OULAD_TEST_0702,0.5191
OULAD_TEST_0703,0.4203
OULAD_TEST_0704,0.0767
OULAD_TEST_0705,0.2703
OULAD_TEST_0706,0.4726
OULAD_TEST_0707,0.8748
OULAD_TEST_0708,0.1829
OULAD_TEST_0709,0.3818
OULAD_TEST_0710,0.1143
OULAD_TEST_0711,0.0602
OULAD_TEST_0712,0.3276
OULAD_TEST_0713,0.216
OULAD_TEST_0714,0.1046
OULAD_TEST_0715,0.6843
OULAD_TEST_0716,0.4866
OULAD_TEST_0717,0.4781
OULAD_TEST_0718,0.6632
OULAD_TEST_0719,0.3377
OULAD_TEST_0720,0.5974
OULAD_TEST_0721,0.0
OULAD_TEST_0722,0.2977
OULAD_TEST_0723,0.4266
OULAD_TEST_0724,0.0882
OULAD_TEST_0725,0.3961
OULAD_TEST_0726,0.0508
OULAD_TEST_0727,0.3331
OULAD_TEST_0728,0.3862
OULAD_TEST_0729,0.0694
OULAD_TEST_0730,0.7183
OULAD_TEST_0731,0.3255
OULAD_TEST_0732,0.3946
OULAD_TEST_0733,0.223
OULAD_TEST_0734,0.5721
OULAD_TEST_0735,0.0608
OULAD_TEST_0736,0.6616
OULAD_TEST_0737,0.7159
OULAD_TEST_0738,0.3352
OULAD_TEST_0739,0.4003
OULAD_TEST_0740,0.0
OULAD_TEST_0741,0.4048
OULAD_TEST_0742,0.2649
OULAD_TEST_0743,0.4755
OULAD_TEST_0744,0.5802
OULAD_TEST_0745,0.0
OULAD_TEST_0746,0.0607
OULAD_TEST_0747,0.0
OULAD_TEST_0748,0.0
OULAD_TEST_0749,0.0
OULAD_TEST_0750,0.6073
OULAD_TEST_0751,0.0565
OULAD_TEST_0752,0.0
OULAD_TEST_0753,0.2277
OULAD_TEST_0754,0.0
OULAD_TEST_0755,0.2785
OULAD_TEST_0756,0.5771
OULAD_TEST_0757,0.078
OULAD_TEST_0758,0.4467
OULAD_TEST_0759,0.7634
OULAD_TEST_0760,0.0
OULAD_TEST_0761,0.1317
OULAD_TEST_0762,0.4143
OULAD_TEST_0763,0.4935
OULAD_TEST_0764,0.7258
OULAD_TEST_0765,0.3192
OULAD_TEST_0766,0.1413
OULAD_TEST_0767,0.6637
OULAD_TEST_0768,0.1063
OULAD_TEST_0769,0.2977
OULAD_TEST_0770,0.7648
OULAD_TEST_0771,0.567
OULAD_TEST_0772,0.5302
OULAD_TEST_0773,0.4908
OULAD_TEST_0774,0.5786
OULAD_TEST_0775,0.1544
OULAD_TEST_0776,0.079
OULAD_TEST_0777,0.0959
OULAD_TEST_0778,0.6134
OULAD_TEST_0779,0.668
OULAD_TEST_0780,0.058
OULAD_TEST_0781,0.5648
OULAD_TEST_0782,0.1103
OULAD_TEST_0783,0.2789
OULAD_TEST_0784,0.3606
OULAD_TEST_0785,0.4209
OULAD_TEST_0786,0.3501
OULAD_TEST_0787,0.1987
OULAD_TEST_0788,0.5884
OULAD_TEST_0789,0.0415
OULAD_TEST_0790,0.4149
OULAD_TEST_0791,0.4597
OULAD_TEST_0792,0.212
OULAD_TEST_0793,0.1617
OULAD_TEST_0794,0.2257
OULAD_TEST_0795,0.2201
OULAD_TEST_0796,0.1297
OULAD_TEST_0797,0.4294
OULAD_TEST_0798,0.5569
OULAD_TEST_0799,0.3239
OULAD_TEST_0800,0.2687
OULAD_TEST_0801,0.0213
OULAD_TEST_0802,0.695
OULAD_TEST_0803,0.0447
OULAD_TEST_0804,0.4928
OULAD_TEST_0805,0.5042
OULAD_TEST_0806,0.0447
OULAD_TEST_0807,0.5762
OULAD_TEST_0808,0.163
OULAD_TEST_0809,0.0244
OULAD_TEST_0810,0.1618
OULAD_TEST_0811,0.6532
OULAD_TEST_0812,0.1784
OULAD_TEST_0813,0.1099
OULAD_TEST_0814,0.8016
OULAD_TEST_0815,0.0
OULAD_TEST_0816,0.4217
OULAD_TEST_0817,0.2724
OULAD_TEST_0818,0.4282
OULAD_TEST_0819,0.3182
OULAD_TEST_0820,0.1103
OULAD_TEST_0821,0.8366
OULAD_TEST_0822,0.5503
OULAD_TEST_0823,0.3263
OULAD_TEST_0824,0.0722
OULAD_TEST_0825,0.6016
OULAD_TEST_0826,0.2413
OULAD_TEST_0827,0.1228
OULAD_TEST_0828,0.0266
OULAD_TEST_0829,0.3342
OULAD_TEST_0830,0.5516
OULAD_TEST_0831,0.491
OULAD_TEST_0832,0.5994
OULAD_TEST_0833,0.0758
OULAD_TEST_0834,0.0667
OULAD_TEST_0835,0.5473
OULAD_TEST_0836,0.8533
OULAD_TEST_0837,0.2479
OULAD_TEST_0838,0.1133
OULAD_TEST_0839,0.3117
OULAD_TEST_0840,0.0697
OULAD_TEST_0841,0.1069
OULAD_TEST_0842,0.0
OULAD_TEST_0843,0.5915
OULAD_TEST_0844,0.7033
OULAD_TEST_0845,0.4149
OULAD_TEST_0846,0.296
OULAD_TEST_0847,0.5374
OULAD_TEST_0848,0.6359
OULAD_TEST_0849,0.2687
OULAD_TEST_0850,0.0
OULAD_TEST_0851,0.3961
OULAD_TEST_0852,0.5548
OULAD_TEST_0853,0.2856
OULAD_TEST_0854,0.1857
OULAD_TEST_0855,0.4798
OULAD_TEST_0856,0.0
OULAD_TEST_0857,0.7353
OULAD_TEST_0858,0.0011
OULAD_TEST_0859,0.1087
OULAD_TEST_0860,0.3344
OULAD_TEST_0861,0.1568
OULAD_TEST_0862,0.3532
OULAD_TEST_0863,0.5593
OULAD_TEST_0864,0.0003
OULAD_TEST_0865,0.1772
OULAD_TEST_0866,0.5969
OULAD_TEST_0867,0.1376
OULAD_TEST_0868,0.7579
OULAD_TEST_0869,0.254
OULAD_TEST_0870,0.3684
OULAD_TEST_0871,0.128
OULAD_TEST_0872,0.0
OULAD_TEST_0873,0.0864
OULAD_TEST_0874,0.1907
OULAD_TEST_0875,0.4738
OULAD_TEST_0876,0.0758
OULAD_TEST_0877,0.605
OULAD_TEST_0878,0.147
OULAD_TEST_0879,0.7566
OULAD_TEST_0880,0.3048
OULAD_TEST_0881,0.3821
OULAD_TEST_0882,0.6487
OULAD_TEST_0883,0.8029
OULAD_TEST_0884,0.0928
OULAD_TEST_0885,0.7774
OULAD_TEST_0886,0.4173
OULAD_TEST_0887,0.2672
OULAD_TEST_0888,0.3965
OULAD_TEST_0889,0.1349
OULAD_TEST_0890,0.7126
OULAD_TEST_0891,0.7504
OULAD_TEST_0892,0.5482
OULAD_TEST_0893,0.2459
OULAD_TEST_0894,0.429
OULAD_TEST_0895,0.0986
OULAD_TEST_0896,0.6822
OULAD_TEST_0897,0.3945
OULAD_TEST_0898,0.1834
OULAD_TEST_0899,0.104
OULAD_TEST_0900,0.1348
OULAD_TEST_0901,0.0
OULAD_TEST_0902,0.0539
OULAD_TEST_0903,0.2046
OULAD_TEST_0904,0.0645
OULAD_TEST_0905,0.5535
OULAD_TEST_0906,0.5194
OULAD_TEST_0907,0.0907
OULAD_TEST_0908,0.2666
OULAD_TEST_0909,0.2332
OULAD_TEST_0910,0.0247
OULAD_TEST_0911,0.3552
OULAD_TEST_0912,0.5088
OULAD_TEST_0913,0.8519
OULAD_TEST_0914,0.0288
OULAD_TEST_0915,0.4865
OULAD_TEST_0916,0.1799
OULAD_TEST_0917,0.5782
OULAD_TEST_0918,0.0583
OULAD_TEST_0919,0.1164
OULAD_TEST_0920,0.2822
OULAD_TEST_0921,0.0
OULAD_TEST_0922,0.0638
OULAD_TEST_0923,0.6147
OULAD_TEST_0924,0.1577
OULAD_TEST_0925,0.0
OULAD_TEST_0926,0.0183
OULAD_TEST_0927,0.3618
OULAD_TEST_0928,0.2831
OULAD_TEST_0929,0.0538
OULAD_TEST_0930,0.3422
OULAD_TEST_0931,0.279
OULAD_TEST_0932,0.0
OULAD_TEST_0933,0.0
OULAD_TEST_0934,0.7434
OULAD_TEST_0935,0.508
OULAD_TEST_0936,0.0
OULAD_TEST_0937,0.1351
OULAD_TEST_0938,0.2859
OULAD_TEST_0939,0.0037
OULAD_TEST_0940,0.3336
OULAD_TEST_0941,0.7808
OULAD_TEST_0942,0.2598
OULAD_TEST_0943,0.6895
OULAD_TEST_0944,0.2902
OULAD_TEST_0945,0.3119
OULAD_TEST_0946,0.0
OULAD_TEST_0947,0.6298
OULAD_TEST_0948,0.2666
OULAD_TEST_0949,0.2405
OULAD_TEST_0950,0.6748
OULAD_TEST_0951,0.2796
OULAD_TEST_0952,0.2217
OULAD_TEST_0953,0.5411
OULAD_TEST_0954,0.6907
OULAD_TEST_0955,0.2087
OULAD_TEST_0956,0.3621
OULAD_TEST_0957,0.3124
OULAD_TEST_0958,0.7566
OULAD_TEST_0959,0.1937
OULAD_TEST_0960,0.4071
OULAD_TEST_0961,0.1944
OULAD_TEST_0962,0.0618
OULAD_TEST_0963,0.3222
OULAD_TEST_0964,0.6414
OULAD_TEST_0965,0.5023
OULAD_TEST_0966,0.2592
OULAD_TEST_0967,0.7728
OULAD_TEST_0968,0.3436
OULAD_TEST_0969,0.5559
OULAD_TEST_0970,0.0511
OULAD_TEST_0971,0.0718
OULAD_TEST_0972,0.1519
OULAD_TEST_0973,0.2902
OULAD_TEST_0974,0.1769
OULAD_TEST_0975,0.2247
OULAD_TEST_0976,0.4574
OULAD_TEST_0977,0.0
OULAD_TEST_0978,0.2233
OULAD_TEST_0979,0.1518
OULAD_TEST_0980,0.2193
OULAD_TEST_0981,0.2806
OULAD_TEST_0982,0.6014
OULAD_TEST_0983,0.5925
OULAD_TEST_0984,0.2681
OULAD_TEST_0985,0.0412
OULAD_TEST_0986,0.3417
OULAD_TEST_0987,0.5023
OULAD_TEST_0988,0.1943
OULAD_TEST_0989,0.3395
OULAD_TEST_0990,0.7207
OULAD_TEST_0991,0.0
OULAD_TEST_0992,0.6688
OULAD_TEST_0993,0.341
OULAD_TEST_0994,0.0396
OULAD_TEST_0995,0.5178
OULAD_TEST_0996,0.493
OULAD_TEST_0997,0.1093
OULAD_TEST_0998,0.2521
OULAD_TEST_0999,0.4455
OULAD_TEST_1000,0.5396
OULAD_TEST_1001,0.7789
OULAD_TEST_1002,0.698
OULAD_TEST_1003,0.0029
OULAD_TEST_1004,0.178
OULAD_TEST_1005,0.1266
OULAD_TEST_1006,0.3377
OULAD_TEST_1007,0.2023
OULAD_TEST_1008,0.143
OULAD_TEST_1009,0.0111
OULAD_TEST_1010,0.4888
OULAD_TEST_1011,0.1925
OULAD_TEST_1012,0.3126
OULAD_TEST_1013,0.4724
OULAD_TEST_1014,0.5975
OULAD_TEST_1015,0.15
OULAD_TEST_1016,0.0
OULAD_TEST_1017,0.1273
OULAD_TEST_1018,0.5968
OULAD_TEST_1019,0.733
OULAD_TEST_1020,0.4805
OULAD_TEST_1021,0.0288
OULAD_TEST_1022,0.5016
OULAD_TEST_1023,0.5799
OULAD_TEST_1024,0.5347
OULAD_TEST_1025,0.4221
OULAD_TEST_1026,0.2865
OULAD_TEST_1027,0.0905
OULAD_TEST_1028,0.088
OULAD_TEST_1029,0.1556
OULAD_TEST_1030,0.0513
OULAD_TEST_1031,0.0
OULAD_TEST_1032,0.4531
OULAD_TEST_1033,0.6785
OULAD_TEST_1034,0.0248
OULAD_TEST_1035,0.5894
OULAD_TEST_1036,0.5752
OULAD_TEST_1037,0.0848
OULAD_TEST_1038,0.1204
OULAD_TEST_1039,0.3748
OULAD_TEST_1040,0.3007
OULAD_TEST_1041,0.6522
OULAD_TEST_1042,0.4945
OULAD_TEST_1043,0.3015
OULAD_TEST_1044,0.2388
OULAD_TEST_1045,0.1572
OULAD_TEST_1046,0.1149
OULAD_TEST_1047,0.1215
OULAD_TEST_1048,0.4883
OULAD_TEST_1049,0.4496
OULAD_TEST_1050,0.0811
OULAD_TEST_1051,0.0562
OULAD_TEST_1052,0.3918
OULAD_TEST_1053,0.2043
OULAD_TEST_1054,0.3548
OULAD_TEST_1055,0.0502
OULAD_TEST_1056,0.5428
OULAD_TEST_1057,0.8171
OULAD_TEST_1058,0.7139
OULAD_TEST_1059,0.1212
OULAD_TEST_1060,0.1034
OULAD_TEST_1061,0.3483
OULAD_TEST_1062,0.6306
OULAD_TEST_1063,0.414
OULAD_TEST_1064,0.2757
OULAD_TEST_1065,0.0
OULAD_TEST_1066,0.0692
OULAD_TEST_1067,0.3686
OULAD_TEST_1068,0.4829
OULAD_TEST_1069,0.0613
OULAD_TEST_1070,0.1378
OULAD_TEST_1071,0.0797
OULAD_TEST_1072,0.2648
OULAD_TEST_1073,0.0
OULAD_TEST_1074,0.7937
OULAD_TEST_1075,0.1429
OULAD_TEST_1076,0.0921
OULAD_TEST_1077,0.0924
OULAD_TEST_1078,0.2908
OULAD_TEST_1079,0.1705
OULAD_TEST_1080,0.035
OULAD_TEST_1081,0.0015
OULAD_TEST_1082,0.0
OULAD_TEST_1083,0.8958
OULAD_TEST_1084,0.2789
OULAD_TEST_1085,0.4235
OULAD_TEST_1086,0.3998
OULAD_TEST_1087,0.5349
OULAD_TEST_1088,0.6736
OULAD_TEST_1089,0.0
OULAD_TEST_1090,0.6922
OULAD_TEST_1091,0.0919
OULAD_TEST_1092,0.1748
OULAD_TEST_1093,0.3458
OULAD_TEST_1094,0.1478
OULAD_TEST_1095,0.3734
OULAD_TEST_1096,0.4356
OULAD_TEST_1097,0.0291
OULAD_TEST_1098,0.2094
OULAD_TEST_1099,0.7241
OULAD_TEST_1100,0.2192
OULAD_TEST_1101,0.0
OULAD_TEST_1102,0.5228
OULAD_TEST_1103,0.6857
OULAD_TEST_1104,0.2653
OULAD_TEST_1105,0.0
OULAD_TEST_1106,0.0788
OULAD_TEST_1107,0.5826
OULAD_TEST_1108,0.22
OULAD_TEST_1109,0.8726
OULAD_TEST_1110,0.4627
OULAD_TEST_1111,0.5079
OULAD_TEST_1112,0.4787
OULAD_TEST_1113,0.426
OULAD_TEST_1114,0.2281
OULAD_TEST_1115,0.0624
OULAD_TEST_1116,0.3727
OULAD_TEST_1117,0.4611
OULAD_TEST_1118,0.2152
OULAD_TEST_1119,0.4371
OULAD_TEST_1120,0.2423
OULAD_TEST_1121,0.3167
OULAD_TEST_1122,0.4326
OULAD_TEST_1123,0.1264
OULAD_TEST_1124,0.3033
OULAD_TEST_1125,0.3696
OULAD_TEST_1126,0.0651
OULAD_TEST_1127,0.0472
OULAD_TEST_1128,0.0344
OULAD_TEST_1129,0.1533
OULAD_TEST_1130,0.5634
OULAD_TEST_1131,0.1298
OULAD_TEST_1132,0.1866
OULAD_TEST_1133,0.4556
OULAD_TEST_1134,0.0051
OULAD_TEST_1135,0.7844
OULAD_TEST_1136,0.3016
OULAD_TEST_1137,0.0
OULAD_TEST_1138,0.1167
OULAD_TEST_1139,0.7676
OULAD_TEST_1140,0.6686
OULAD_TEST_1141,0.7058
OULAD_TEST_1142,0.0026
OULAD_TEST_1143,0.4879
OULAD_TEST_1144,0.043
OULAD_TEST_1145,0.0845
OULAD_TEST_1146,0.0055
OULAD_TEST_1147,0.4345
OULAD_TEST_1148,0.5018
OULAD_TEST_1149,0.0
OULAD_TEST_1150,0.178
OULAD_TEST_1151,0.0
OULAD_TEST_1152,0.3068
OULAD_TEST_1153,0.2313
OULAD_TEST_1154,0.4085
OULAD_TEST_1155,0.6478
OULAD_TEST_1156,0.2248
OULAD_TEST_1157,0.2904
OULAD_TEST_1158,0.3934
OULAD_TEST_1159,0.5346
OULAD_TEST_1160,0.4485
OULAD_TEST_1161,0.4674
OULAD_TEST_1162,0.0164
OULAD_TEST_1163,0.0
OULAD_TEST_1164,0.1988
OULAD_TEST_1165,0.2933
OULAD_TEST_1166,0.2046
OULAD_TEST_1167,0.5558
OULAD_TEST_1168,0.2034
OULAD_TEST_1169,0.7034
OULAD_TEST_1170,0.2151
OULAD_TEST_1171,0.2117
OULAD_TEST_1172,0.2866
OULAD_TEST_1173,0.3905
OULAD_TEST_1174,0.3571
OULAD_TEST_1175,0.2628
OULAD_TEST_1176,0.5283
OULAD_TEST_1177,0.0063
OULAD_TEST_1178,0.0
OULAD_TEST_1179,0.2148
OULAD_TEST_1180,0.3643
OULAD_TEST_1181,0.1993
OULAD_TEST_1182,0.2589
OULAD_TEST_1183,0.0
OULAD_TEST_1184,0.1658
OULAD_TEST_1185,0.7673
OULAD_TEST_1186,0.0
OULAD_TEST_1187,0.3347
OULAD_TEST_1188,0.2315
OULAD_TEST_1189,0.6011
OULAD_TEST_1190,0.7019
OULAD_TEST_1191,0.2356
OULAD_TEST_1192,0.1247
OULAD_TEST_1193,0.4735
OULAD_TEST_1194,0.2661
OULAD_TEST_1195,0.0989
OULAD_TEST_1196,0.295
OULAD_TEST_1197,0.1005
OULAD_TEST_1198,0.5269
OULAD_TEST_1199,0.4901
OULAD_TEST_1200,0.171
OULAD_TEST_1201,0.6503
OULAD_TEST_1202,0.1132
OULAD_TEST_1203,0.583
OULAD_TEST_1204,0.2531
OULAD_TEST_1205,0.0512
OULAD_TEST_1206,0.1705
OULAD_TEST_1207,0.0
OULAD_TEST_1208,0.5497
OULAD_TEST_1209,0.1948
OULAD_TEST_1210,0.1976
OULAD_TEST_1211,0.2545
OULAD_TEST_1212,0.626
OULAD_TEST_1213,0.2909
OULAD_TEST_1214,0.0433
OULAD_TEST_1215,0.185
OULAD_TEST_1216,0.3493
OULAD_TEST_1217,0.6076
OULAD_TEST_1218,0.3012
OULAD_TEST_1219,0.764
OULAD_TEST_1220,0.0553
OULAD_TEST_1221,0.725
OULAD_TEST_1222,0.2241
OULAD_TEST_1223,0.0596
OULAD_TEST_1224,0.3861
OULAD_TEST_1225,0.2652
OULAD_TEST_1226,0.029
OULAD_TEST_1227,0.0096
OULAD_TEST_1228,0.6916
OULAD_TEST_1229,0.324
OULAD_TEST_1230,0.0949
OULAD_TEST_1231,0.0
OULAD_TEST_1232,0.0008
OULAD_TEST_1233,0.4064
OULAD_TEST_1234,0.1588
OULAD_TEST_1235,0.2919
OULAD_TEST_1236,0.217
OULAD_TEST_1237,0.0
OULAD_TEST_1238,0.1224
OULAD_TEST_1239,0.2705
OULAD_TEST_1240,0.0887
OULAD_TEST_1241,0.052
OULAD_TEST_1242,0.2288
OULAD_TEST_1243,0.1365
OULAD_TEST_1244,0.0
OULAD_TEST_1245,0.2708
OULAD_TEST_1246,0.6708
OULAD_TEST_1247,0.0833
OULAD_TEST_1248,0.4298
OULAD_TEST_1249,0.0
OULAD_TEST_1250,0.1446
OULAD_TEST_1251,0.1493
OULAD_TEST_1252,0.1867
OULAD_TEST_1253,0.4335
OULAD_TEST_1254,0.5435
OULAD_TEST_1255,0.2103
OULAD_TEST_1256,0.7503
OULAD_TEST_1257,0.3856
OULAD_TEST_1258,0.0
OULAD_TEST_1259,0.0749
OULAD_TEST_1260,0.134
OULAD_TEST_1261,0.1172
OULAD_TEST_1262,0.2357
OULAD_TEST_1263,0.0
OULAD_TEST_1264,0.0553
OULAD_TEST_1265,0.195
OULAD_TEST_1266,0.2723
OULAD_TEST_1267,0.0415
OULAD_TEST_1268,0.0
OULAD_TEST_1269,0.2684
OULAD_TEST_1270,0.4013
OULAD_TEST_1271,0.2605
OULAD_TEST_1272,0.2668
OULAD_TEST_1273,0.386
OULAD_TEST_1274,0.2279
OULAD_TEST_1275,0.669
OULAD_TEST_1276,0.3466
OULAD_TEST_1277,0.1343
OULAD_TEST_1278,0.239
OULAD_TEST_1279,0.1768
OULAD_TEST_1280,0.2165
OULAD_TEST_1281,0.2107
OULAD_TEST_1282,0.1666
OULAD_TEST_1283,0.6313
OULAD_TEST_1284,0.6201
OULAD_TEST_1285,0.0
OULAD_TEST_1286,0.0
OULAD_TEST_1287,0.074
OULAD_TEST_1288,0.0333
OULAD_TEST_1289,0.1775
OULAD_TEST_1290,0.341
OULAD_TEST_1291,0.8196
OULAD_TEST_1292,0.1976
OULAD_TEST_1293,0.1865
OULAD_TEST_1294,0.6407
OULAD_TEST_1295,0.0437
OULAD_TEST_1296,0.3666
OULAD_TEST_1297,0.0046
OULAD_TEST_1298,0.2279
OULAD_TEST_1299,0.2023
OULAD_TEST_1300,0.2298
OULAD_TEST_1301,0.1247
OULAD_TEST_1302,0.4783
OULAD_TEST_1303,0.4076
OULAD_TEST_1304,0.3958
OULAD_TEST_1305,0.0063
OULAD_TEST_1306,0.3774
OULAD_TEST_1307,0.0786
OULAD_TEST_1308,0.225
OULAD_TEST_1309,0.1947
OULAD_TEST_1310,0.6957
OULAD_TEST_1311,0.1138
OULAD_TEST_1312,0.2622
OULAD_TEST_1313,0.1269
OULAD_TEST_1314,0.2444
OULAD_TEST_1315,0.2256
OULAD_TEST_1316,0.5934
OULAD_TEST_1317,0.1464
OULAD_TEST_1318,0.5153
OULAD_TEST_1319,0.6779
OULAD_TEST_1320,0.4957
OULAD_TEST_1321,0.2799
OULAD_TEST_1322,0.2908
OULAD_TEST_1323,0.3081
OULAD_TEST_1324,0.0919
OULAD_TEST_1325,0.0974
OULAD_TEST_1326,0.0096
OULAD_TEST_1327,0.0203
OULAD_TEST_1328,0.0
OULAD_TEST_1329,0.3562
OULAD_TEST_1330,0.2326
OULAD_TEST_1331,0.2395
OULAD_TEST_1332,0.3078
OULAD_TEST_1333,0.3143
OULAD_TEST_1334,0.0975
OULAD_TEST_1335,0.088
OULAD_TEST_1336,0.2745
OULAD_TEST_1337,0.6677
OULAD_TEST_1338,0.1097
OULAD_TEST_1339,0.3206
OULAD_TEST_1340,0.7006
OULAD_TEST_1341,0.6835
OULAD_TEST_1342,0.0847
OULAD_TEST_1343,0.471
OULAD_TEST_1344,0.7545
OULAD_TEST_1345,0.0
OULAD_TEST_1346,0.0
OULAD_TEST_1347,0.225
OULAD_TEST_1348,0.5614
OULAD_TEST_1349,0.1822
OULAD_TEST_1350,0.1793
OULAD_TEST_1351,0.2117
OULAD_TEST_1352,0.1627
OULAD_TEST_1353,0.1718
OULAD_TEST_1354,0.5951
OULAD_TEST_1355,0.0587
OULAD_TEST_1356,0.0574
OULAD_TEST_1357,0.7378
OULAD_TEST_1358,0.5277
OULAD_TEST_1359,0.1255
OULAD_TEST_1360,0.1574
OULAD_TEST_1361,0.5297
OULAD_TEST_1362,0.5087
OULAD_TEST_1363,0.0306
OULAD_TEST_1364,0.3576
OULAD_TEST_1365,0.6817
OULAD_TEST_1366,0.0409
OULAD_TEST_1367,0.3899
OULAD_TEST_1368,0.0
OULAD_TEST_1369,0.247
OULAD_TEST_1370,0.1758
OULAD_TEST_1371,0.7959
OULAD_TEST_1372,0.0
OULAD_TEST_1373,0.0
OULAD_TEST_1374,0.5001
OULAD_TEST_1375,0.1033
OULAD_TEST_1376,0.3717
OULAD_TEST_1377,0.6184
OULAD_TEST_1378,0.3503
OULAD_TEST_1379,0.3249
OULAD_TEST_1380,0.4394
OULAD_TEST_1381,0.3802
OULAD_TEST_1382,0.3611
OULAD_TEST_1383,0.6393
OULAD_TEST_1384,0.2257
OULAD_TEST_1385,0.7206
OULAD_TEST_1386,0.2056
OULAD_TEST_1387,0.5123
OULAD_TEST_1388,0.0535
OULAD_TEST_1389,0.0
OULAD_TEST_1390,0.2864
OULAD_TEST_1391,0.0
OULAD_TEST_1392,0.6054
OULAD_TEST_1393,0.1063
OULAD_TEST_1394,0.0835
OULAD_TEST_1395,0.6626
OULAD_TEST_1396,0.5581
OULAD_TEST_1397,0.2123
OULAD_TEST_1398,0.3569
OULAD_TEST_1399,0.1683
OULAD_TEST_1400,0.0
OULAD_TEST_1401,0.2797
OULAD_TEST_1402,0.6129
OULAD_TEST_1403,0.2622
OULAD_TEST_1404,0.3649
OULAD_TEST_1405,0.0262
OULAD_TEST_1406,0.0
OULAD_TEST_1407,0.8467
OULAD_TEST_1408,0.6625
OULAD_TEST_1409,0.4081
OULAD_TEST_1410,0.5101
OULAD_TEST_1411,0.1282
OULAD_TEST_1412,0.6529
OULAD_TEST_1413,0.3502
OULAD_TEST_1414,0.0091
OULAD_TEST_1415,0.4755
OULAD_TEST_1416,0.6735
OULAD_TEST_1417,0.7262
OULAD_TEST_1418,0.5701
OULAD_TEST_1419,0.0814
OULAD_TEST_1420,0.2551
OULAD_TEST_1421,0.265
OULAD_TEST_1422,0.1277
OULAD_TEST_1423,0.4131
OULAD_TEST_1424,0.3833
OULAD_TEST_1425,0.0
OULAD_TEST_1426,0.4552
OULAD_TEST_1427,0.0
OULAD_TEST_1428,0.0594
OULAD_TEST_1429,0.3347
OULAD_TEST_1430,0.0534
OULAD_TEST_1431,0.1458
OULAD_TEST_1432,0.7835
OULAD_TEST_1433,0.107
OULAD_TEST_1434,0.0
OULAD_TEST_1435,0.1477
OULAD_TEST_1436,0.1923
OULAD_TEST_1437,0.8592
OULAD_TEST_1438,0.3393
OULAD_TEST_1439,0.7733
OULAD_TEST_1440,0.1762
OULAD_TEST_1441,0.8166
OULAD_TEST_1442,0.2073
OULAD_TEST_1443,0.0
OULAD_TEST_1444,0.0791
OULAD_TEST_1445,0.4307
OULAD_TEST_1446,0.5311
OULAD_TEST_1447,0.6172
OULAD_TEST_1448,0.8191
OULAD_TEST_1449,0.0823
OULAD_TEST_1450,0.128
OULAD_TEST_1451,0.2291
OULAD_TEST_1452,0.2938
OULAD_TEST_1453,0.885
OULAD_TEST_1454,0.225
OULAD_TEST_1455,0.1142
OULAD_TEST_1456,0.1208
OULAD_TEST_1457,0.3827
OULAD_TEST_1458,0.1459
OULAD_TEST_1459,0.0885
OULAD_TEST_1460,0.1087
OULAD_TEST_1461,0.0
OULAD_TEST_1462,0.0591
OULAD_TEST_1463,0.0
OULAD_TEST_1464,0.3204
OULAD_TEST_1465,0.2388
OULAD_TEST_1466,0.8664
OULAD_TEST_1467,0.35
OULAD_TEST_1468,0.2899
OULAD_TEST_1469,0.3683
OULAD_TEST_1470,0.1981
OULAD_TEST_1471,0.1573
OULAD_TEST_1472,0.0207
OULAD_TEST_1473,0.6061
OULAD_TEST_1474,0.1078
OULAD_TEST_1475,0.4093
OULAD_TEST_1476,0.0453
OULAD_TEST_1477,0.4406
OULAD_TEST_1478,0.0
OULAD_TEST_1479,0.0
OULAD_TEST_1480,0.647
OULAD_TEST_1481,0.3521
OULAD_TEST_1482,0.2872
OULAD_TEST_1483,0.0
OULAD_TEST_1484,0.0616
OULAD_TEST_1485,0.1098
OULAD_TEST_1486,0.0
OULAD_TEST_1487,0.0
OULAD_TEST_1488,0.2179
OULAD_TEST_1489,0.7255
OULAD_TEST_1490,0.571
OULAD_TEST_1491,0.3281
OULAD_TEST_1492,0.0
OULAD_TEST_1493,0.0812
OULAD_TEST_1494,0.2047
OULAD_TEST_1495,0.8879
OULAD_TEST_1496,0.901
OULAD_TEST_1497,0.2355
OULAD_TEST_1498,0.3119
OULAD_TEST_1499,0.1526
OULAD_TEST_1500,0.7773
OULAD_TEST_1501,0.6366
OULAD_TEST_1502,0.6178
OULAD_TEST_1503,0.0496
OULAD_TEST_1504,0.057
OULAD_TEST_1505,0.3116
OULAD_TEST_1506,0.3648
OULAD_TEST_1507,0.3658
OULAD_TEST_1508,0.224
OULAD_TEST_1509,0.3933
OULAD_TEST_1510,0.0
OULAD_TEST_1511,0.1065
OULAD_TEST_1512,0.6041
OULAD_TEST_1513,0.0042
OULAD_TEST_1514,0.2169
OULAD_TEST_1515,0.0183
OULAD_TEST_1516,0.4619
OULAD_TEST_1517,0.2739
OULAD_TEST_1518,0.0
OULAD_TEST_1519,0.758
OULAD_TEST_1520,0.1588
OULAD_TEST_1521,0.1684
OULAD_TEST_1522,0.0966
OULAD_TEST_1523,0.1666
OULAD_TEST_1524,0.1003
OULAD_TEST_1525,0.1428
OULAD_TEST_1526,0.2298
OULAD_TEST_1527,0.21
OULAD_TEST_1528,0.6403
OULAD_TEST_1529,0.0
OULAD_TEST_1530,0.5639
OULAD_TEST_1531,0.5229
OULAD_TEST_1532,0.0908
OULAD_TEST_1533,0.244
OULAD_TEST_1534,0.0561
OULAD_TEST_1535,0.184
OULAD_TEST_1536,0.7502
OULAD_TEST_1537,0.004
OULAD_TEST_1538,0.2193
OULAD_TEST_1539,0.0
OULAD_TEST_1540,0.1458
OULAD_TEST_1541,0.8564
OULAD_TEST_1542,0.4286
OULAD_TEST_1543,0.5909
OULAD_TEST_1544,0.6391
OULAD_TEST_1545,0.5782
OULAD_TEST_1546,0.2115
OULAD_TEST_1547,0.7017
OULAD_TEST_1548,0.5642
OULAD_TEST_1549,0.24
OULAD_TEST_1550,0.5924
OULAD_TEST_1551,0.3417
OULAD_TEST_1552,0.0
OULAD_TEST_1553,0.4222
OULAD_TEST_1554,0.0
OULAD_TEST_1555,0.0933
OULAD_TEST_1556,0.4081
OULAD_TEST_1557,0.351
OULAD_TEST_1558,0.4538
OULAD_TEST_1559,0.4018
OULAD_TEST_1560,0.0413
OULAD_TEST_1561,0.1912
OULAD_TEST_1562,0.0
OULAD_TEST_1563,0.7515
OULAD_TEST_1564,0.7651
OULAD_TEST_1565,0.2095
OULAD_TEST_1566,0.3469
OULAD_TEST_1567,0.7351
OULAD_TEST_1568,0.3616
OULAD_TEST_1569,0.2252
OULAD_TEST_1570,0.2131
OULAD_TEST_1571,0.2161
OULAD_TEST_1572,0.5397
OULAD_TEST_1573,0.1371
OULAD_TEST_1574,0.2069
OULAD_TEST_1575,0.0657
OULAD_TEST_1576,0.0
OULAD_TEST_1577,0.5979
OULAD_TEST_1578,0.0901
OULAD_TEST_1579,0.0932
OULAD_TEST_1580,0.0854
OULAD_TEST_1581,0.4098
OULAD_TEST_1582,0.5875
OULAD_TEST_1583,0.7054
OULAD_TEST_1584,0.401
OULAD_TEST_1585,0.104
OULAD_TEST_1586,0.0483
OULAD_TEST_1587,0.3246
OULAD_TEST_1588,0.6053
OULAD_TEST_1589,0.2787
OULAD_TEST_1590,0.1015
OULAD_TEST_1591,0.4066
OULAD_TEST_1592,0.1866
OULAD_TEST_1593,0.6735
OULAD_TEST_1594,0.0
OULAD_TEST_1595,0.0
OULAD_TEST_1596,0.6693
OULAD_TEST_1597,0.4794
OULAD_TEST_1598,0.31
OULAD_TEST_1599,0.1647
OULAD_TEST_1600,0.6791
OULAD_TEST_1601,0.8357
OULAD_TEST_1602,0.6052
OULAD_TEST_1603,0.0
OULAD_TEST_1604,0.5941
OULAD_TEST_1605,0.3651
OULAD_TEST_1606,0.2529
OULAD_TEST_1607,0.7347
OULAD_TEST_1608,0.1869
OULAD_TEST_1609,0.1838
OULAD_TEST_1610,0.6639
OULAD_TEST_1611,0.1315
OULAD_TEST_1612,0.5467
OULAD_TEST_1613,0.1836
OULAD_TEST_1614,0.6766
OULAD_TEST_1615,1.0
OULAD_TEST_1616,0.1007
OULAD_TEST_1617,0.1814
OULAD_TEST_1618,0.3554
OULAD_TEST_1619,0.3038
OULAD_TEST_1620,0.1895
OULAD_TEST_1621,0.0
OULAD_TEST_1622,0.3369
OULAD_TEST_1623,0.1621
OULAD_TEST_1624,0.4518
OULAD_TEST_1625,0.1571
OULAD_TEST_1626,0.1151
OULAD_TEST_1627,0.2116
OULAD_TEST_1628,0.2839
OULAD_TEST_1629,0.1958
OULAD_TEST_1630,0.7481
OULAD_TEST_1631,0.3034
OULAD_TEST_1632,0.1085
OULAD_TEST_1633,0.3341
OULAD_TEST_1634,0.0338
OULAD_TEST_1635,0.1866
OULAD_TEST_1636,0.0
OULAD_TEST_1637,0.185
OULAD_TEST_1638,0.8549
OULAD_TEST_1639,0.2859
OULAD_TEST_1640,0.4403
OULAD_TEST_1641,0.1992
OULAD_TEST_1642,0.6809
OULAD_TEST_1643,0.1377
OULAD_TEST_1644,0.2695
OULAD_TEST_1645,0.0716
OULAD_TEST_1646,0.0138
OULAD_TEST_1647,0.4615
OULAD_TEST_1648,0.4465
OULAD_TEST_1649,0.9159
OULAD_TEST_1650,0.6696
OULAD_TEST_1651,0.0792
OULAD_TEST_1652,0.718
OULAD_TEST_1653,0.4648
OULAD_TEST_1654,0.0441
OULAD_TEST_1655,0.5184
OULAD_TEST_1656,0.5661
OULAD_TEST_1657,0.4248
OULAD_TEST_1658,0.0011
OULAD_TEST_1659,0.2372
OULAD_TEST_1660,0.5477
OULAD_TEST_1661,0.1389
OULAD_TEST_1662,0.4855
OULAD_TEST_1663,0.0
OULAD_TEST_1664,0.2262
OULAD_TEST_1665,0.083
OULAD_TEST_1666,0.5934
OULAD_TEST_1667,0.3635
OULAD_TEST_1668,0.1091
OULAD_TEST_1669,0.3979
OULAD_TEST_1670,0.0181
OULAD_TEST_1671,0.1493
OULAD_TEST_1672,0.0
OULAD_TEST_1673,0.0
OULAD_TEST_1674,0.357
OULAD_TEST_1675,0.3514
OULAD_TEST_1676,0.2232
OULAD_TEST_1677,0.5102
OULAD_TEST_1678,0.2261
OULAD_TEST_1679,0.3661
OULAD_TEST_1680,0.7351
OULAD_TEST_1681,0.1361
OULAD_TEST_1682,0.2533
OULAD_TEST_1683,0.0733
OULAD_TEST_1684,0.0
OULAD_TEST_1685,0.2191
OULAD_TEST_1686,0.6483
OULAD_TEST_1687,0.4961
OULAD_TEST_1688,0.4214
OULAD_TEST_1689,0.1698
OULAD_TEST_1690,0.5333
OULAD_TEST_1691,0.6188
OULAD_TEST_1692,0.3519
OULAD_TEST_1693,0.5641
OULAD_TEST_1694,0.4901
OULAD_TEST_1695,0.2656
OULAD_TEST_1696,0.1004
OULAD_TEST_1697,0.072
OULAD_TEST_1698,0.0966
OULAD_TEST_1699,0.0984
OULAD_TEST_1700,0.6122
OULAD_TEST_1701,0.1123
OULAD_TEST_1702,0.2241
OULAD_TEST_1703,0.8052
OULAD_TEST_1704,0.3388
OULAD_TEST_1705,0.4986
OULAD_TEST_1706,0.4714
OULAD_TEST_1707,0.554
OULAD_TEST_1708,0.0667
OULAD_TEST_1709,0.3582
OULAD_TEST_1710,0.6397
OULAD_TEST_1711,0.0945
OULAD_TEST_1712,0.4793
OULAD_TEST_1713,0.33
OULAD_TEST_1714,0.0
OULAD_TEST_1715,0.394
OULAD_TEST_1716,0.1591
OULAD_TEST_1717,0.1875
OULAD_TEST_1718,0.092
OULAD_TEST_1719,0.0
OULAD_TEST_1720,0.086
OULAD_TEST_1721,0.1357
OULAD_TEST_1722,0.1092
OULAD_TEST_1723,0.5545
OULAD_TEST_1724,0.0943
OULAD_TEST_1725,0.1762
OULAD_TEST_1726,0.0
OULAD_TEST_1727,0.1315
OULAD_TEST_1728,0.7264
OULAD_TEST_1729,0.8811
OULAD_TEST_1730,0.213
OULAD_TEST_1731,0.0
OULAD_TEST_1732,0.0228
OULAD_TEST_1733,0.0264
OULAD_TEST_1734,0.1162
OULAD_TEST_1735,0.2166
OULAD_TEST_1736,0.1433
OULAD_TEST_1737,0.1441
OULAD_TEST_1738,0.1985
OULAD_TEST_1739,0.8681
OULAD_TEST_1740,0.458
OULAD_TEST_1741,0.0296
OULAD_TEST_1742,0.0519
OULAD_TEST_1743,0.2213
OULAD_TEST_1744,0.184
OULAD_TEST_1745,0.3815
OULAD_TEST_1746,0.3191
OULAD_TEST_1747,0.0986
OULAD_TEST_1748,0.6427
OULAD_TEST_1749,0.1268
OULAD_TEST_1750,0.0
OULAD_TEST_1751,0.2394
OULAD_TEST_1752,0.5979
OULAD_TEST_1753,0.1852
OULAD_TEST_1754,0.1216
OULAD_TEST_1755,0.2134
OULAD_TEST_1756,0.6822
OULAD_TEST_1757,0.7783
OULAD_TEST_1758,0.3795
OULAD_TEST_1759,0.2997
OULAD_TEST_1760,0.339
OULAD_TEST_1761,0.4736
OULAD_TEST_1762,0.1038
OULAD_TEST_1763,0.1782
OULAD_TEST_1764,0.0023
OULAD_TEST_1765,0.0124
OULAD_TEST_1766,0.795
OULAD_TEST_1767,0.3381
OULAD_TEST_1768,0.0428
OULAD_TEST_1769,0.5482
OULAD_TEST_1770,0.7038
OULAD_TEST_1771,0.5135
OULAD_TEST_1772,0.0036
OULAD_TEST_1773,0.1017
OULAD_TEST_1774,0.0385
OULAD_TEST_1775,0.5674
OULAD_TEST_1776,0.0
OULAD_TEST_1777,0.1045
OULAD_TEST_1778,0.2108
OULAD_TEST_1779,0.4844
OULAD_TEST_1780,0.0
OULAD_TEST_1781,0.4615
OULAD_TEST_1782,0.1172
OULAD_TEST_1783,0.1245
OULAD_TEST_1784,0.1656
OULAD_TEST_1785,0.4245
OULAD_TEST_1786,0.0812
OULAD_TEST_1787,0.0
OULAD_TEST_1788,0.4077
OULAD_TEST_1789,0.7258
OULAD_TEST_1790,0.0504
OULAD_TEST_1791,0.1958
OULAD_TEST_1792,0.2064
OULAD_TEST_1793,0.6993
OULAD_TEST_1794,0.1047
OULAD_TEST_1795,0.6247
OULAD_TEST_1796,0.0
OULAD_TEST_1797,0.3775
OULAD_TEST_1798,0.4025
OULAD_TEST_1799,0.04
OULAD_TEST_1800,0.8863
OULAD_TEST_1801,0.1605
OULAD_TEST_1802,0.0
OULAD_TEST_1803,0.0
OULAD_TEST_1804,0.0669
OULAD_TEST_1805,0.1946
OULAD_TEST_1806,0.3692
OULAD_TEST_1807,0.1996
OULAD_TEST_1808,0.0892
OULAD_TEST_1809,0.6998
OULAD_TEST_1810,0.0357
OULAD_TEST_1811,0.3807
OULAD_TEST_1812,0.6002
OULAD_TEST_1813,0.6371
OULAD_TEST_1814,0.3691
OULAD_TEST_1815,0.0
OULAD_TEST_1816,0.0
OULAD_TEST_1817,0.6142
OULAD_TEST_1818,0.632
OULAD_TEST_1819,0.333
OULAD_TEST_1820,0.2408
OULAD_TEST_1821,0.0461
OULAD_TEST_1822,0.094
OULAD_TEST_1823,0.5728
OULAD_TEST_1824,0.4974
OULAD_TEST_1825,0.4133
OULAD_TEST_1826,0.2297
OULAD_TEST_1827,0.4427
OULAD_TEST_1828,0.0118
OULAD_TEST_1829,0.6014
OULAD_TEST_1830,0.1865
OULAD_TEST_1831,0.5669
OULAD_TEST_1832,0.1963
OULAD_TEST_1833,0.3624
OULAD_TEST_1834,0.1549
OULAD_TEST_1835,0.073
OULAD_TEST_1836,0.2395
OULAD_TEST_1837,0.0654
OULAD_TEST_1838,0.0772
OULAD_TEST_1839,0.0
OULAD_TEST_1840,0.0062
OULAD_TEST_1841,0.0777
OULAD_TEST_1842,0.0156
OULAD_TEST_1843,0.1018
OULAD_TEST_1844,0.7138
OULAD_TEST_1845,0.3308
OULAD_TEST_1846,0.3693
OULAD_TEST_1847,0.1257
OULAD_TEST_1848,0.453
OULAD_TEST_1849,0.5235
OULAD_TEST_1850,0.2143
OULAD_TEST_1851,0.8752
OULAD_TEST_1852,0.1653
OULAD_TEST_1853,0.24
OULAD_TEST_1854,0.1684
OULAD_TEST_1855,0.2283
OULAD_TEST_1856,0.2077
OULAD_TEST_1857,0.5863
OULAD_TEST_1858,0.3234
OULAD_TEST_1859,0.0687
OULAD_TEST_1860,0.1853
OULAD_TEST_1861,0.3031
OULAD_TEST_1862,0.3094
OULAD_TEST_1863,0.0
OULAD_TEST_1864,0.5751
OULAD_TEST_1865,0.5146
OULAD_TEST_1866,0.149
OULAD_TEST_1867,0.446
OULAD_TEST_1868,0.0
OULAD_TEST_1869,0.6483
OULAD_TEST_1870,0.2767
OULAD_TEST_1871,0.1133
OULAD_TEST_1872,0.6434
OULAD_TEST_1873,0.6672
OULAD_TEST_1874,0.184
OULAD_TEST_1875,0.4166
OULAD_TEST_1876,0.1055
OULAD_TEST_1877,0.5503
OULAD_TEST_1878,0.0452
OULAD_TEST_1879,0.3035
OULAD_TEST_1880,0.1187
OULAD_TEST_1881,0.1785
OULAD_TEST_1882,0.069
OULAD_TEST_1883,0.0002
OULAD_TEST_1884,0.2464
OULAD_TEST_1885,0.6904
OULAD_TEST_1886,0.2582
OULAD_TEST_1887,0.0743
OULAD_TEST_1888,0.0407
OULAD_TEST_1889,0.3821
OULAD_TEST_1890,0.4078
OULAD_TEST_1891,0.1435
OULAD_TEST_1892,0.0846
OULAD_TEST_1893,0.0879
OULAD_TEST_1894,0.082
OULAD_TEST_1895,0.2478
OULAD_TEST_1896,0.3817
OULAD_TEST_1897,0.5404
OULAD_TEST_1898,0.1144
OULAD_TEST_1899,0.3993
OULAD_TEST_1900,0.6973
OULAD_TEST_1901,0.4466
OULAD_TEST_1902,0.3597
OULAD_TEST_1903,0.0816
OULAD_TEST_1904,0.2497
OULAD_TEST_1905,0.2918
OULAD_TEST_1906,0.2571
OULAD_TEST_1907,0.0
OULAD_TEST_1908,0.0
OULAD_TEST_1909,0.3788
OULAD_TEST_1910,0.2667
OULAD_TEST_1911,0.6977
OULAD_TEST_1912,0.1065
OULAD_TEST_1913,0.172
OULAD_TEST_1914,0.5186
OULAD_TEST_1915,0.6399
OULAD_TEST_1916,0.1293
OULAD_TEST_1917,0.3337
OULAD_TEST_1918,0.2106
OULAD_TEST_1919,0.5995
OULAD_TEST_1920,0.2222
OULAD_TEST_1921,0.2646
OULAD_TEST_1922,0.5913
OULAD_TEST_1923,0.723
OULAD_TEST_1924,0.62
OULAD_TEST_1925,0.0392
OULAD_TEST_1926,0.4467
OULAD_TEST_1927,0.2018
OULAD_TEST_1928,0.2718
OULAD_TEST_1929,0.4079
OULAD_TEST_1930,0.0397
OULAD_TEST_1931,0.191
OULAD_TEST_1932,0.4005
OULAD_TEST_1933,0.3491
OULAD_TEST_1934,0.7937
OULAD_TEST_1935,0.0
OULAD_TEST_1936,0.4891
OULAD_TEST_1937,0.1191
OULAD_TEST_1938,0.1379
OULAD_TEST_1939,0.7058
OULAD_TEST_1940,0.168
OULAD_TEST_1941,0.08
OULAD_TEST_1942,0.4507
OULAD_TEST_1943,0.0
OULAD_TEST_1944,0.2774
OULAD_TEST_1945,0.116
OULAD_TEST_1946,0.3678
OULAD_TEST_1947,0.0257
OULAD_TEST_1948,0.2766
OULAD_TEST_1949,0.0597
OULAD_TEST_1950,0.0
OULAD_TEST_1951,0.688
OULAD_TEST_1952,0.2852
OULAD_TEST_1953,0.1616
OULAD_TEST_1954,0.279
OULAD_TEST_1955,0.8356
OULAD_TEST_1956,0.2842
OULAD_TEST_1957,0.625
OULAD_TEST_1958,0.2021
OULAD_TEST_1959,0.3555
OULAD_TEST_1960,0.6933
OULAD_TEST_1961,0.2215
OULAD_TEST_1962,0.2536
OULAD_TEST_1963,0.13
OULAD_TEST_1964,0.3182
OULAD_TEST_1965,0.0613
OULAD_TEST_1966,0.3911
OULAD_TEST_1967,0.5412
OULAD_TEST_1968,0.2597
OULAD_TEST_1969,0.137
OULAD_TEST_1970,0.1525
OULAD_TEST_1971,0.0
OULAD_TEST_1972,0.6707
OULAD_TEST_1973,0.5043
OULAD_TEST_1974,0.0184
OULAD_TEST_1975,0.1034
OULAD_TEST_1976,0.8074
OULAD_TEST_1977,0.5558
OULAD_TEST_1978,0.0402
OULAD_TEST_1979,0.2564
OULAD_TEST_1980,0.0
OULAD_TEST_1981,0.5604
OULAD_TEST_1982,0.6339
OULAD_TEST_1983,0.7805
OULAD_TEST_1984,0.7903
OULAD_TEST_1985,0.3121
OULAD_TEST_1986,0.0899
OULAD_TEST_1987,0.1657
OULAD_TEST_1988,0.1481
OULAD_TEST_1989,0.0531
OULAD_TEST_1990,0.1227
OULAD_TEST_1991,0.563
OULAD_TEST_1992,0.8183
OULAD_TEST_1993,0.113
OULAD_TEST_1994,0.1825
OULAD_TEST_1995,0.4616
OULAD_TEST_1996,0.0632
OULAD_TEST_1997,0.0189
OULAD_TEST_1998,0.0178
OULAD_TEST_1999,0.0661
OULAD_TEST_2000,0.4608
OULAD_TEST_2001,0.2065
OULAD_TEST_2002,0.5923
OULAD_TEST_2003,0.0931
OULAD_TEST_2004,0.0141
OULAD_TEST_2005,0.7211
OULAD_TEST_2006,0.0295
OULAD_TEST_2007,0.5603
OULAD_TEST_2008,0.0992
OULAD_TEST_2009,0.1348
OULAD_TEST_2010,0.0
OULAD_TEST_2011,0.0
OULAD_TEST_2012,0.052
OULAD_TEST_2013,0.0
OULAD_TEST_2014,0.2887
OULAD_TEST_2015,0.2489
OULAD_TEST_2016,0.03
OULAD_TEST_2017,0.4044
OULAD_TEST_2018,0.0754
OULAD_TEST_2019,0.0553
OULAD_TEST_2020,0.3176
OULAD_TEST_2021,0.2023
OULAD_TEST_2022,0.7065
OULAD_TEST_2023,0.4806
OULAD_TEST_2024,0.0
OULAD_TEST_2025,0.5607
OULAD_TEST_2026,0.2032
OULAD_TEST_2027,0.8211
OULAD_TEST_2028,0.714
OULAD_TEST_2029,0.1384
OULAD_TEST_2030,0.553
OULAD_TEST_2031,0.0708
OULAD_TEST_2032,0.1025
OULAD_TEST_2033,0.0617
OULAD_TEST_2034,0.4634
OULAD_TEST_2035,0.7251
OULAD_TEST_2036,0.1238
OULAD_TEST_2037,0.5433
OULAD_TEST_2038,0.0211
OULAD_TEST_2039,0.2074
OULAD_TEST_2040,0.2781
OULAD_TEST_2041,0.6545
OULAD_TEST_2042,0.6458
OULAD_TEST_2043,0.558
OULAD_TEST_2044,0.0
OULAD_TEST_2045,0.2427
OULAD_TEST_2046,0.3661
OULAD_TEST_2047,0.3073
OULAD_TEST_2048,0.0
OULAD_TEST_2049,0.6158
OULAD_TEST_2050,0.4109
OULAD_TEST_2051,0.0009
OULAD_TEST_2052,0.0505
OULAD_TEST_2053,0.6602
OULAD_TEST_2054,0.0
OULAD_TEST_2055,0.041
OULAD_TEST_2056,0.4161
OULAD_TEST_2057,0.1497
OULAD_TEST_2058,0.5535
OULAD_TEST_2059,0.7152
OULAD_TEST_2060,0.5395
OULAD_TEST_2061,0.3802
OULAD_TEST_2062,0.0607
OULAD_TEST_2063,0.0325
OULAD_TEST_2064,0.3945
OULAD_TEST_2065,0.1055
OULAD_TEST_2066,0.1145
OULAD_TEST_2067,0.0706
OULAD_TEST_2068,0.3718
OULAD_TEST_2069,0.7907
OULAD_TEST_2070,0.219
OULAD_TEST_2071,0.3146
OULAD_TEST_2072,0.2774
OULAD_TEST_2073,0.674
OULAD_TEST_2074,0.4263
OULAD_TEST_2075,0.0
OULAD_TEST_2076,0.2585
OULAD_TEST_2077,0.1731
OULAD_TEST_2078,0.6756
OULAD_TEST_2079,0.0091
OULAD_TEST_2080,0.0158
OULAD_TEST_2081,0.1425
OULAD_TEST_2082,0.0
OULAD_TEST_2083,0.0
OULAD_TEST_2084,0.0107
OULAD_TEST_2085,0.5734
OULAD_TEST_2086,0.2752
OULAD_TEST_2087,0.2297
OULAD_TEST_2088,0.6545
OULAD_TEST_2089,0.1937
OULAD_TEST_2090,0.1571
OULAD_TEST_2091,0.6285
OULAD_TEST_2092,0.7613
OULAD_TEST_2093,0.0615
OULAD_TEST_2094,0.5086
OULAD_TEST_2095,0.0486
OULAD_TEST_2096,0.2469
OULAD_TEST_2097,0.2286
OULAD_TEST_2098,0.0355
OULAD_TEST_2099,0.3304
OULAD_TEST_2100,0.0687
OULAD_TEST_2101,0.1277
OULAD_TEST_2102,0.3668
OULAD_TEST_2103,0.1611
OULAD_TEST_2104,0.0837
OULAD_TEST_2105,0.385
OULAD_TEST_2106,0.1876
OULAD_TEST_2107,0.6577
OULAD_TEST_2108,0.1708
OULAD_TEST_2109,0.1192
OULAD_TEST_2110,0.1222
OULAD_TEST_2111,0.0224
OULAD_TEST_2112,0.0224
OULAD_TEST_2113,0.0861
OULAD_TEST_2114,0.7732
OULAD_TEST_2115,0.0
OULAD_TEST_2116,0.3366
OULAD_TEST_2117,0.0
OULAD_TEST_2118,0.0945
OULAD_TEST_2119,0.0571
OULAD_TEST_2120,0.2832
OULAD_TEST_2121,0.67
OULAD_TEST_2122,0.4471
OULAD_TEST_2123,0.0
OULAD_TEST_2124,0.1801
OULAD_TEST_2125,0.1596
OULAD_TEST_2126,0.0
OULAD_TEST_2127,0.1231
OULAD_TEST_2128,0.7451
OULAD_TEST_2129,0.2854
OULAD_TEST_2130,0.0735
OULAD_TEST_2131,0.0988
OULAD_TEST_2132,0.3747
OULAD_TEST_2133,0.1447
OULAD_TEST_2134,0.0329
OULAD_TEST_2135,0.2033
OULAD_TEST_2136,0.2869
OULAD_TEST_2137,0.853
OULAD_TEST_2138,0.0
OULAD_TEST_2139,0.0
OULAD_TEST_2140,0.413
OULAD_TEST_2141,0.2735
OULAD_TEST_2142,0.2558
OULAD_TEST_2143,0.7231
OULAD_TEST_2144,0.1639
OULAD_TEST_2145,0.1743
OULAD_TEST_2146,0.0768
OULAD_TEST_2147,0.0
OULAD_TEST_2148,0.0077
OULAD_TEST_2149,0.1858
OULAD_TEST_2150,0.2574
OULAD_TEST_2151,0.7996
OULAD_TEST_2152,0.2198
OULAD_TEST_2153,0.0637
OULAD_TEST_2154,0.2894
OULAD_TEST_2155,0.0495
OULAD_TEST_2156,0.0598
OULAD_TEST_2157,0.0064
OULAD_TEST_2158,0.456
OULAD_TEST_2159,0.1022
OULAD_TEST_2160,0.0
OULAD_TEST_2161,0.0737
OULAD_TEST_2162,0.631
OULAD_TEST_2163,0.1993
OULAD_TEST_2164,0.1844
OULAD_TEST_2165,0.3393
OULAD_TEST_2166,0.2644
OULAD_TEST_2167,0.0
OULAD_TEST_2168,0.0569
OULAD_TEST_2169,0.2736
OULAD_TEST_2170,0.2577
OULAD_TEST_2171,0.1537
OULAD_TEST_2172,0.0094
OULAD_TEST_2173,0.6789
OULAD_TEST_2174,0.0
OULAD_TEST_2175,0.2508
OULAD_TEST_2176,0.29
OULAD_TEST_2177,0.4
OULAD_TEST_2178,0.899
OULAD_TEST_2179,0.057
OULAD_TEST_2180,0.0029
OULAD_TEST_2181,0.1176
OULAD_TEST_2182,0.179
OULAD_TEST_2183,0.2048
OULAD_TEST_2184,0.4409
OULAD_TEST_2185,0.2098
OULAD_TEST_2186,0.0
OULAD_TEST_2187,0.6206
OULAD_TEST_2188,0.0
OULAD_TEST_2189,0.5775
OULAD_TEST_2190,0.0
OULAD_TEST_2191,0.2223
OULAD_TEST_2192,0.5864
OULAD_TEST_2193,0.0
OULAD_TEST_2194,0.7188
OULAD_TEST_2195,0.0
OULAD_TEST_2196,0.1096
OULAD_TEST_2197,0.1707
OULAD_TEST_2198,0.3467
OULAD_TEST_2199,0.0658
OULAD_TEST_2200,0.3006
OULAD_TEST_2201,0.011
OULAD_TEST_2202,0.1788
OULAD_TEST_2203,0.0
OULAD_TEST_2204,0.2485
OULAD_TEST_2205,0.2847
OULAD_TEST_2206,0.8467
OULAD_TEST_2207,0.1965
OULAD_TEST_2208,0.1326
OULAD_TEST_2209,0.0539
OULAD_TEST_2210,0.0
OULAD_TEST_2211,0.6446
OULAD_TEST_2212,0.1289
OULAD_TEST_2213,0.0235
OULAD_TEST_2214,0.0637
OULAD_TEST_2215,0.1433
OULAD_TEST_2216,0.6491
OULAD_TEST_2217,0.5481
OULAD_TEST_2218,0.4132
OULAD_TEST_2219,0.0118
OULAD_TEST_2220,0.1759
OULAD_TEST_2221,0.2948
OULAD_TEST_2222,0.1084
OULAD_TEST_2223,0.4995
OULAD_TEST_2224,0.1214
OULAD_TEST_2225,0.2201
OULAD_TEST_2226,0.8406
OULAD_TEST_2227,0.0209
OULAD_TEST_2228,0.2417
OULAD_TEST_2229,0.8004
OULAD_TEST_2230,0.1367
OULAD_TEST_2231,0.0944
OULAD_TEST_2232,0.0
OULAD_TEST_2233,0.1209
OULAD_TEST_2234,0.2831
OULAD_TEST_2235,0.0871
OULAD_TEST_2236,0.0302
OULAD_TEST_2237,0.0352
OULAD_TEST_2238,0.334
OULAD_TEST_2239,0.1339
OULAD_TEST_2240,0.4696
OULAD_TEST_2241,0.0769
OULAD_TEST_2242,0.5942
OULAD_TEST_2243,0.5415
OULAD_TEST_2244,0.245
OULAD_TEST_2245,0.1063
OULAD_TEST_2246,0.0
OULAD_TEST_2247,0.0
OULAD_TEST_2248,0.666
OULAD_TEST_2249,0.1873
OULAD_TEST_2250,0.0441
OULAD_TEST_2251,0.3679
OULAD_TEST_2252,0.5406
OULAD_TEST_2253,0.2707
OULAD_TEST_2254,0.0624
OULAD_TEST_2255,0.1038
OULAD_TEST_2256,0.3734
OULAD_TEST_2257,0.0
OULAD_TEST_2258,0.0
OULAD_TEST_2259,0.4437
OULAD_TEST_2260,0.3431
OULAD_TEST_2261,0.6268
OULAD_TEST_2262,0.8226
OULAD_TEST_2263,0.0
OULAD_TEST_2264,0.138
OULAD_TEST_2265,0.164
OULAD_TEST_2266,0.0
OULAD_TEST_2267,0.3257
OULAD_TEST_2268,0.0098
OULAD_TEST_2269,0.6474
OULAD_TEST_2270,0.2755
OULAD_TEST_2271,0.3146
OULAD_TEST_2272,0.0
OULAD_TEST_2273,0.4233
OULAD_TEST_2274,0.0
OULAD_TEST_2275,0.0433
OULAD_TEST_2276,0.5906
OULAD_TEST_2277,0.1032
OULAD_TEST_2278,0.0953
OULAD_TEST_2279,0.103
OULAD_TEST_2280,0.0387
OULAD_TEST_2281,0.2129
OULAD_TEST_2282,0.2159
OULAD_TEST_2283,0.0
OULAD_TEST_2284,0.4118
OULAD_TEST_2285,0.48
OULAD_TEST_2286,0.7656
OULAD_TEST_2287,0.2627
OULAD_TEST_2288,0.0251
OULAD_TEST_2289,0.269
OULAD_TEST_2290,0.2409
OULAD_TEST_2291,0.2795
OULAD_TEST_2292,0.2531
OULAD_TEST_2293,0.619
OULAD_TEST_2294,0.3634
OULAD_TEST_2295,0.2196
OULAD_TEST_2296,0.3251
OULAD_TEST_2297,0.1922
OULAD_TEST_2298,0.2028
OULAD_TEST_2299,0.0
OULAD_TEST_2300,0.2067
OULAD_TEST_2301,0.0
OULAD_TEST_2302,0.2234
OULAD_TEST_2303,0.7054
OULAD_TEST_2304,0.8991
OULAD_TEST_2305,0.8431
OULAD_TEST_2306,0.2745
OULAD_TEST_2307,0.3605
OULAD_TEST_2308,0.0645
OULAD_TEST_2309,0.1723
OULAD_TEST_2310,0.6668
OULAD_TEST_2311,0.4613
OULAD_TEST_2312,0.0885
OULAD_TEST_2313,0.3952
OULAD_TEST_2314,0.2682
OULAD_TEST_2315,0.7196
OULAD_TEST_2316,0.7008
OULAD_TEST_2317,0.2359
OULAD_TEST_2318,0.0706
OULAD_TEST_2319,0.0
OULAD_TEST_2320,0.6147
OULAD_TEST_2321,0.1547
OULAD_TEST_2322,0.289
OULAD_TEST_2323,0.2261
OULAD_TEST_2324,0.0683
OULAD_TEST_2325,0.1041
OULAD_TEST_2326,0.035
OULAD_TEST_2327,0.6609
OULAD_TEST_2328,0.2028
OULAD_TEST_2329,0.3624
OULAD_TEST_2330,0.3128
OULAD_TEST_2331,0.6017
OULAD_TEST_2332,0.3041
OULAD_TEST_2333,0.0117
OULAD_TEST_2334,0.447
OULAD_TEST_2335,0.757
OULAD_TEST_2336,0.4939
OULAD_TEST_2337,0.4497
OULAD_TEST_2338,0.2118
OULAD_TEST_2339,0.5645
OULAD_TEST_2340,0.1745
OULAD_TEST_2341,0.5551
OULAD_TEST_2342,0.284
OULAD_TEST_2343,0.2534
OULAD_TEST_2344,0.0
OULAD_TEST_2345,0.4478
OULAD_TEST_2346,0.0285
OULAD_TEST_2347,0.2382
OULAD_TEST_2348,0.4219
OULAD_TEST_2349,0.6061
OULAD_TEST_2350,0.282
OULAD_TEST_2351,0.2893
OULAD_TEST_2352,0.0952
OULAD_TEST_2353,0.0
OULAD_TEST_2354,0.8178
OULAD_TEST_2355,0.3632
OULAD_TEST_2356,0.597
OULAD_TEST_2357,0.0341
OULAD_TEST_2358,0.0
OULAD_TEST_2359,0.2429
OULAD_TEST_2360,0.5899
OULAD_TEST_2361,0.1355
OULAD_TEST_2362,0.037
OULAD_TEST_2363,0.1868
OULAD_TEST_2364,0.6302
OULAD_TEST_2365,0.3405
OULAD_TEST_2366,0.1274
OULAD_TEST_2367,0.2115
OULAD_TEST_2368,0.3875
OULAD_TEST_2369,0.3789
OULAD_TEST_2370,0.0313
OULAD_TEST_2371,0.1987
OULAD_TEST_2372,0.6244
OULAD_TEST_2373,0.5969
OULAD_TEST_2374,0.1958
OULAD_TEST_2375,0.1894
OULAD_TEST_2376,0.3697
OULAD_TEST_2377,0.2371
OULAD_TEST_2378,0.547
OULAD_TEST_2379,0.3247
OULAD_TEST_2380,0.1072
OULAD_TEST_2381,0.0
OULAD_TEST_2382,0.636
OULAD_TEST_2383,0.0151
OULAD_TEST_2384,0.6516
OULAD_TEST_2385,0.5163
OULAD_TEST_2386,0.3792
OULAD_TEST_2387,0.2912
OULAD_TEST_2388,0.7568
OULAD_TEST_2389,0.1324
OULAD_TEST_2390,0.117
OULAD_TEST_2391,0.3533
OULAD_TEST_2392,0.5468
OULAD_TEST_2393,0.0037
OULAD_TEST_2394,0.4784
OULAD_TEST_2395,0.1247
OULAD_TEST_2396,0.0846
OULAD_TEST_2397,0.0696
OULAD_TEST_2398,0.0517
OULAD_TEST_2399,0.1011
OULAD_TEST_2400,0.0
OULAD_TEST_2401,0.0583
OULAD_TEST_2402,0.446
OULAD_TEST_2403,0.106
OULAD_TEST_2404,0.348
OULAD_TEST_2405,0.1728
OULAD_TEST_2406,0.0
OULAD_TEST_2407,0.7175
OULAD_TEST_2408,0.776
OULAD_TEST_2409,0.0
OULAD_TEST_2410,0.5073
OULAD_TEST_2411,0.4934
OULAD_TEST_2412,0.2566
OULAD_TEST_2413,0.6073
OULAD_TEST_2414,0.2179
OULAD_TEST_2415,0.7234
OULAD_TEST_2416,0.2103
OULAD_TEST_2417,0.1279
OULAD_TEST_2418,0.4766
OULAD_TEST_2419,0.5153
OULAD_TEST_2420,0.1509
OULAD_TEST_2421,0.2815
OULAD_TEST_2422,0.1962
OULAD_TEST_2423,0.0251
OULAD_TEST_2424,0.545
OULAD_TEST_2425,0.4076
OULAD_TEST_2426,0.0996
OULAD_TEST_2427,0.5667
OULAD_TEST_2428,0.6352
OULAD_TEST_2429,0.0584
OULAD_TEST_2430,0.6496
OULAD_TEST_2431,0.3399
OULAD_TEST_2432,0.6348
OULAD_TEST_2433,0.0754
OULAD_TEST_2434,0.6511
OULAD_TEST_2435,0.0176
OULAD_TEST_2436,0.235
OULAD_TEST_2437,0.4166
OULAD_TEST_2438,0.4957
OULAD_TEST_2439,0.1231
OULAD_TEST_2440,0.8163
OULAD_TEST_2441,0.3098
OULAD_TEST_2442,0.0
OULAD_TEST_2443,0.4118
OULAD_TEST_2444,0.1904
OULAD_TEST_2445,0.338
OULAD_TEST_2446,0.4296
OULAD_TEST_2447,0.0221
OULAD_TEST_2448,0.1956
OULAD_TEST_2449,0.1664
OULAD_TEST_2450,0.0
OULAD_TEST_2451,0.0754
OULAD_TEST_2452,0.1251
OULAD_TEST_2453,0.0283
OULAD_TEST_2454,0.2012
OULAD_TEST_2455,0.4209
OULAD_TEST_2456,0.0577
OULAD_TEST_2457,0.4004
OULAD_TEST_2458,0.4386
OULAD_TEST_2459,0.1206
OULAD_TEST_2460,0.2667
OULAD_TEST_2461,0.0983
OULAD_TEST_2462,0.1337
OULAD_TEST_2463,0.2673
OULAD_TEST_2464,0.2217
OULAD_TEST_2465,0.7692
OULAD_TEST_2466,0.6226
OULAD_TEST_2467,0.0482
OULAD_TEST_2468,0.6633
OULAD_TEST_2469,0.0
OULAD_TEST_2470,0.1384
OULAD_TEST_2471,0.3233
OULAD_TEST_2472,0.0
OULAD_TEST_2473,0.3261
OULAD_TEST_2474,0.1567
OULAD_TEST_2475,0.1604
OULAD_TEST_2476,0.016
OULAD_TEST_2477,0.2063
OULAD_TEST_2478,0.0
OULAD_TEST_2479,0.3996
OULAD_TEST_2480,0.0065
OULAD_TEST_2481,0.7738
OULAD_TEST_2482,0.3141
OULAD_TEST_2483,0.0
OULAD_TEST_2484,0.0241
OULAD_TEST_2485,0.1101
OULAD_TEST_2486,0.0
OULAD_TEST_2487,0.2162
OULAD_TEST_2488,0.2468
OULAD_TEST_2489,0.0461
OULAD_TEST_2490,0.0586
OULAD_TEST_2491,0.0639
OULAD_TEST_2492,0.0351
OULAD_TEST_2493,0.2382
OULAD_TEST_2494,0.0
OULAD_TEST_2495,0.2476
OULAD_TEST_2496,0.0
OULAD_TEST_2497,0.3757
OULAD_TEST_2498,0.5566
OULAD_TEST_2499,0.0707
OULAD_TEST_2500,0.1721
OULAD_TEST_2501,0.7272
OULAD_TEST_2502,0.3695
OULAD_TEST_2503,0.0792
OULAD_TEST_2504,0.036
OULAD_TEST_2505,0.1577
OULAD_TEST_2506,0.8296
OULAD_TEST_2507,0.5225
OULAD_TEST_2508,0.5522
OULAD_TEST_2509,0.0647
OULAD_TEST_2510,0.0881
OULAD_TEST_2511,0.6681
OULAD_TEST_2512,0.1114
OULAD_TEST_2513,0.3484
OULAD_TEST_2514,0.1965
OULAD_TEST_2515,0.3
OULAD_TEST_2516,0.7035
OULAD_TEST_2517,0.0
OULAD_TEST_2518,0.1029
OULAD_TEST_2519,0.6144
OULAD_TEST_2520,0.4871
OULAD_TEST_2521,0.9852
OULAD_TEST_2522,0.0996
OULAD_TEST_2523,0.3879
OULAD_TEST_2524,0.6943
OULAD_TEST_2525,0.6728
OULAD_TEST_2526,0.5631
OULAD_TEST_2527,0.4328
OULAD_TEST_2528,0.2526
OULAD_TEST_2529,0.0
OULAD_TEST_2530,0.1552
OULAD_TEST_2531,0.0
OULAD_TEST_2532,0.266
OULAD_TEST_2533,0.0
OULAD_TEST_2534,0.3378
OULAD_TEST_2535,0.1725
OULAD_TEST_2536,0.7975
OULAD_TEST_2537,0.1434
OULAD_TEST_2538,0.0564
OULAD_TEST_2539,0.7005
OULAD_TEST_2540,0.017
OULAD_TEST_2541,0.0854
OULAD_TEST_2542,0.2027
