student_id,emotion_score
OULAD_TEST_0000,0.3306
OULAD_TEST_0001,0.0122
OULAD_TEST_0002,0.1613
OULAD_TEST_0003,0.6206
OULAD_TEST_0004,0.0732
OULAD_TEST_0005,0.2158
OULAD_TEST_0006,0.4589
OULAD_TEST_0007,1.0
OULAD_TEST_0008,0.3272
OULAD_TEST_0009,0.4955
OULAD_TEST_0010,0.7954
OULAD_TEST_0011,0.9293
OULAD_TEST_0012,0.4231
OULAD_TEST_0013,0.0
OULAD_TEST_0014,0.0
OULAD_TEST_0015,0.0181
OULAD_TEST_0016,0.0
OULAD_TEST_0017,0.1962
OULAD_TEST_0018,0.4272
OULAD_TEST_0019,0.0267
OULAD_TEST_0020,1.0
OULAD_TEST_0021,0.0
OULAD_TEST_0022,0.9927
OULAD_TEST_0023,0.0
OULAD_TEST_0024,0.0967
OULAD_TEST_0025,0.421
OULAD_TEST_0026,0.2821
OULAD_TEST_0027,0.6451
OULAD_TEST_0028,0.0
OULAD_TEST_0029,0.9535
OULAD_TEST_0030,0.1609
OULAD_TEST_0031,1.0
OULAD_TEST_0032,0.5544
OULAD_TEST_0033,0.4418
OULAD_TEST_0034,0.7719
OULAD_TEST_0035,0.1388
OULAD_TEST_0036,0.4116
OULAD_TEST_0037,0.0
OULAD_TEST_0038,0.6829
OULAD_TEST_0039,0.4775
OULAD_TEST_0040,0.2593
OULAD_TEST_0041,0.4989
OULAD_TEST_0042,0.1247
OULAD_TEST_0043,0.3919
OULAD_TEST_0044,0.7779
OULAD_TEST_0045,0.8818
OULAD_TEST_0046,0.6036
OULAD_TEST_0047,0.5094
OULAD_TEST_0048,0.3558
OULAD_TEST_0049,0.674
OULAD_TEST_0050,0.0693
OULAD_TEST_0051,0.2149
OULAD_TEST_0052,0.4611
OULAD_TEST_0053,0.1643
OULAD_TEST_0054,0.18
OULAD_TEST_0055,0.3069
OULAD_TEST_0056,0.3655
OULAD_TEST_0057,0.2962
OULAD_TEST_0058,0.0902
OULAD_TEST_0059,1.0
OULAD_TEST_0060,0.241
OULAD_TEST_0061,0.3886
OULAD_TEST_0062,0.1574
OULAD_TEST_0063,0.0
OULAD_TEST_0064,0.4013
OULAD_TEST_0065,0.3033
OULAD_TEST_0066,0.6339
OULAD_TEST_0067,1.0
OULAD_TEST_0068,0.7993
OULAD_TEST_0069,0.0147
OULAD_TEST_0070,1.0
OULAD_TEST_0071,0.3064
OULAD_TEST_0072,0.4499
OULAD_TEST_0073,0.7165
OULAD_TEST_0074,0.149
OULAD_TEST_0075,0.4915
OULAD_TEST_0076,0.8997
OULAD_TEST_0077,0.0
OULAD_TEST_0078,0.0667
OULAD_TEST_0079,0.2704
OULAD_TEST_0080,0.0028
OULAD_TEST_0081,0.9167
OULAD_TEST_0082,0.7461
OULAD_TEST_0083,0.4607
OULAD_TEST_0084,0.0037
OULAD_TEST_0085,0.0
OULAD_TEST_0086,0.4172
OULAD_TEST_0087,0.3367
OULAD_TEST_0088,0.9103
OULAD_TEST_0089,0.1355
OULAD_TEST_0090,0.5099
OULAD_TEST_0091,0.9179
OULAD_TEST_0092,0.438
OULAD_TEST_0093,0.0
OULAD_TEST_0094,0.0201
OULAD_TEST_0095,0.0
OULAD_TEST_0096,0.1637
OULAD_TEST_0097,0.0924
OULAD_TEST_0098,0.4372
OULAD_TEST_0099,0.8836
OULAD_TEST_0100,0.0
OULAD_TEST_0101,0.2109
OULAD_TEST_0102,0.1294
OULAD_TEST_0103,0.0841
OULAD_TEST_0104,0.3713
OULAD_TEST_0105,0.4034
OULAD_TEST_0106,0.5982
OULAD_TEST_0107,0.5766
OULAD_TEST_0108,0.3422
OULAD_TEST_0109,0.9821
OULAD_TEST_0110,0.1091
OULAD_TEST_0111,0.9909
OULAD_TEST_0112,0.172
OULAD_TEST_0113,0.6387
OULAD_TEST_0114,0.3914
OULAD_TEST_0115,0.1721
OULAD_TEST_0116,0.1586
OULAD_TEST_0117,0.0183
OULAD_TEST_0118,0.259
OULAD_TEST_0119,0.2426
OULAD_TEST_0120,0.8905
OULAD_TEST_0121,0.0776
OULAD_TEST_0122,0.8533
OULAD_TEST_0123,0.326
OULAD_TEST_0124,0.1428
OULAD_TEST_0125,0.3744
OULAD_TEST_0126,0.3001
OULAD_TEST_0127,0.0
OULAD_TEST_0128,0.1676
OULAD_TEST_0129,0.0235
OULAD_TEST_0130,0.0
OULAD_TEST_0131,0.0953
OULAD_TEST_0132,0.098
OULAD_TEST_0133,0.6444
OULAD_TEST_0134,0.0
OULAD_TEST_0135,0.2951
OULAD_TEST_0136,0.8798
OULAD_TEST_0137,0.9414
OULAD_TEST_0138,1.0
OULAD_TEST_0139,0.3081
OULAD_TEST_0140,0.0972
OULAD_TEST_0141,0.402
OULAD_TEST_0142,0.1939
OULAD_TEST_0143,0.3757
OULAD_TEST_0144,0.3706
OULAD_TEST_0145,0.9112
OULAD_TEST_0146,0.2651
OULAD_TEST_0147,0.1723
OULAD_TEST_0148,0.6446
OULAD_TEST_0149,0.8877
OULAD_TEST_0150,0.1305
OULAD_TEST_0151,0.749
OULAD_TEST_0152,0.8722
OULAD_TEST_0153,0.707
OULAD_TEST_0154,0.2755
OULAD_TEST_0155,0.1074
OULAD_TEST_0156,0.6911
OULAD_TEST_0157,0.2923
OULAD_TEST_0158,0.2921
OULAD_TEST_0159,0.6458
OULAD_TEST_0160,0.3723
OULAD_TEST_0161,0.2664
OULAD_TEST_0162,0.2015
OULAD_TEST_0163,0.6656
OULAD_TEST_0164,1.0
OULAD_TEST_0165,0.112
OULAD_TEST_0166,0.4086
OULAD_TEST_0167,0.598
OULAD_TEST_0168,0.013
OULAD_TEST_0169,0.1753
OULAD_TEST_0170,0.1871
OULAD_TEST_0171,0.4489
OULAD_TEST_0172,0.1697
OULAD_TEST_0173,0.114
OULAD_TEST_0174,0.6691
OULAD_TEST_0175,0.5583
OULAD_TEST_0176,0.0512
OULAD_TEST_0177,0.6673
OULAD_TEST_0178,0.2184
OULAD_TEST_0179,1.0
OULAD_TEST_0180,0.5957
OULAD_TEST_0181,0.0
OULAD_TEST_0182,0.3551
OULAD_TEST_0183,0.6934
OULAD_TEST_0184,0.6196
OULAD_TEST_0185,0.4837
OULAD_TEST_0186,0.5825
OULAD_TEST_0187,0.4013
OULAD_TEST_0188,0.5562
OULAD_TEST_0189,0.6001
OULAD_TEST_0190,0.4891
OULAD_TEST_0191,0.2452
OULAD_TEST_0192,0.9943
OULAD_TEST_0193,0.8068
OULAD_TEST_0194,0.0979
OULAD_TEST_0195,1.0
OULAD_TEST_0196,0.0
OULAD_TEST_0197,0.3461
OULAD_TEST_0198,1.0
OULAD_TEST_0199,0.7681
OULAD_TEST_0200,0.2084
OULAD_TEST_0201,0.2743
OULAD_TEST_0202,0.1978
OULAD_TEST_0203,0.6608
OULAD_TEST_0204,0.0
OULAD_TEST_0205,0.0
OULAD_TEST_0206,0.6407
OULAD_TEST_0207,0.4242
OULAD_TEST_0208,0.2206
OULAD_TEST_0209,0.7193
OULAD_TEST_0210,0.518
OULAD_TEST_0211,1.0
OULAD_TEST_0212,0.2762
OULAD_TEST_0213,1.0
OULAD_TEST_0214,0.0135
OULAD_TEST_0215,0.2156
OULAD_TEST_0216,0.4915
OULAD_TEST_0217,0.9337
OULAD_TEST_0218,0.627
OULAD_TEST_0219,0.9253
OULAD_TEST_0220,0.3854
OULAD_TEST_0221,0.0
OULAD_TEST_0222,1.0
OULAD_TEST_0223,0.7218
OULAD_TEST_0224,0.5137
OULAD_TEST_0225,0.8649
OULAD_TEST_0226,0.1649
OULAD_TEST_0227,0.6603
OULAD_TEST_0228,0.8912
OULAD_TEST_0229,0.1233
OULAD_TEST_0230,0.0838
OULAD_TEST_0231,0.4181
OULAD_TEST_0232,0.2137
OULAD_TEST_0233,0.3713
OULAD_TEST_0234,0.867
OULAD_TEST_0235,0.272
OULAD_TEST_0236,0.6832
OULAD_TEST_0237,0.3661
OULAD_TEST_0238,0.8943
OULAD_TEST_0239,0.9445
OULAD_TEST_0240,0.0
OULAD_TEST_0241,0.0607
OULAD_TEST_0242,1.0
OULAD_TEST_0243,1.0
OULAD_TEST_0244,0.3589
OULAD_TEST_0245,0.2943
OULAD_TEST_0246,0.8807
OULAD_TEST_0247,0.0
OULAD_TEST_0248,0.3954
OULAD_TEST_0249,0.0994
OULAD_TEST_0250,0.1764
OULAD_TEST_0251,1.0
OULAD_TEST_0252,0.6028
OULAD_TEST_0253,0.2082
OULAD_TEST_0254,0.0987
OULAD_TEST_0255,0.8201
OULAD_TEST_0256,0.8741
OULAD_TEST_0257,0.8258
OULAD_TEST_0258,1.0
OULAD_TEST_0259,0.2083
OULAD_TEST_0260,0.0
OULAD_TEST_0261,0.2027
OULAD_TEST_0262,0.0733
OULAD_TEST_0263,0.2175
OULAD_TEST_0264,0.1379
OULAD_TEST_0265,0.0
OULAD_TEST_0266,0.48
OULAD_TEST_0267,0.7791
OULAD_TEST_0268,0.1054
OULAD_TEST_0269,0.0407
OULAD_TEST_0270,0.7416
OULAD_TEST_0271,0.2457
OULAD_TEST_0272,0.6138
OULAD_TEST_0273,0.584
OULAD_TEST_0274,0.0
OULAD_TEST_0275,0.4413
OULAD_TEST_0276,0.0836
OULAD_TEST_0277,0.6074
OULAD_TEST_0278,1.0
OULAD_TEST_0279,0.668
OULAD_TEST_0280,0.7773
OULAD_TEST_0281,0.6921
OULAD_TEST_0282,0.3017
OULAD_TEST_0283,0.5216
OULAD_TEST_0284,1.0
OULAD_TEST_0285,0.0
OULAD_TEST_0286,0.2011
OULAD_TEST_0287,0.2589
OULAD_TEST_0288,0.0786
OULAD_TEST_0289,0.0408
OULAD_TEST_0290,0.1919
OULAD_TEST_0291,0.4477
OULAD_TEST_0292,0.0
OULAD_TEST_0293,0.1426
OULAD_TEST_0294,0.4319
OULAD_TEST_0295,0.0
OULAD_TEST_0296,0.594
OULAD_TEST_0297,0.1784
OULAD_TEST_0298,1.0
OULAD_TEST_0299,0.4028
OULAD_TEST_0300,0.7851
OULAD_TEST_0301,0.4441
OULAD_TEST_0302,1.0
OULAD_TEST_0303,1.0
OULAD_TEST_0304,0.9934
OULAD_TEST_0305,0.5604
OULAD_TEST_0306,1.0
OULAD_TEST_0307,0.9108
OULAD_TEST_0308,1.0
OULAD_TEST_0309,0.9645
OULAD_TEST_0310,0.3934
OULAD_TEST_0311,0.2989
OULAD_TEST_0312,0.3985
OULAD_TEST_0313,0.4913
OULAD_TEST_0314,0.3221
OULAD_TEST_0315,0.4006
OULAD_TEST_0316,0.1603
OULAD_TEST_0317,0.7768
OULAD_TEST_0318,0.3754
OULAD_TEST_0319,0.2444
OULAD_TEST_0320,0.4421
OULAD_TEST_0321,0.5934
OULAD_TEST_0322,0.7261
OULAD_TEST_0323,1.0
OULAD_TEST_0324,0.1641
OULAD_TEST_0325,0.6921
OULAD_TEST_0326,0.2193
OULAD_TEST_0327,0.6347
OULAD_TEST_0328,0.1669
OULAD_TEST_0329,0.353
OULAD_TEST_0330,0.1175
OULAD_TEST_0331,0.0
OULAD_TEST_0332,0.3467
OULAD_TEST_0333,0.785
OULAD_TEST_0334,1.0
OULAD_TEST_0335,0.9736
OULAD_TEST_0336,0.7856
OULAD_TEST_0337,0.0
OULAD_TEST_0338,0.4877
OULAD_TEST_0339,0.4972
OULAD_TEST_0340,0.0
OULAD_TEST_0341,0.1888
OULAD_TEST_0342,0.4878
OULAD_TEST_0343,0.5874
OULAD_TEST_0344,0.1015
OULAD_TEST_0345,0.127
OULAD_TEST_0346,0.0
OULAD_TEST_0347,0.0
OULAD_TEST_0348,0.0475
OULAD_TEST_0349,0.3435
OULAD_TEST_0350,0.5452
OULAD_TEST_0351,0.951
OULAD_TEST_0352,0.2031
OULAD_TEST_0353,0.9673
OULAD_TEST_0354,0.0259
OULAD_TEST_0355,0.3829
OULAD_TEST_0356,0.1027
OULAD_TEST_0357,0.0838
OULAD_TEST_0358,0.2394
OULAD_TEST_0359,0.201
OULAD_TEST_0360,0.8374
OULAD_TEST_0361,0.8738
OULAD_TEST_0362,0.9814
OULAD_TEST_0363,0.6167
OULAD_TEST_0364,0.5429
OULAD_TEST_0365,0.3928
OULAD_TEST_0366,1.0
OULAD_TEST_0367,0.1162
OULAD_TEST_0368,0.16
OULAD_TEST_0369,0.855
OULAD_TEST_0370,0.0564
OULAD_TEST_0371,0.2065
OULAD_TEST_0372,0.5611
OULAD_TEST_0373,0.2831
OULAD_TEST_0374,1.0
OULAD_TEST_0375,0.0
OULAD_TEST_0376,1.0
OULAD_TEST_0377,0.8397
OULAD_TEST_0378,1.0
OULAD_TEST_0379,0.0
OULAD_TEST_0380,0.1068
OULAD_TEST_0381,0.2915
OULAD_TEST_0382,0.0
OULAD_TEST_0383,0.0168
OULAD_TEST_0384,0.2878
OULAD_TEST_0385,1.0
OULAD_TEST_0386,0.8383
OULAD_TEST_0387,0.9325
OULAD_TEST_0388,0.4115
OULAD_TEST_0389,0.0091
OULAD_TEST_0390,0.1055
OULAD_TEST_0391,1.0
OULAD_TEST_0392,0.7743
OULAD_TEST_0393,0.3199
OULAD_TEST_0394,0.4904
OULAD_TEST_0395,0.2517
OULAD_TEST_0396,0.0
OULAD_TEST_0397,0.7305
OULAD_TEST_0398,0.5256
OULAD_TEST_0399,0.5169
OULAD_TEST_0400,0.6418
OULAD_TEST_0401,0.3354
OULAD_TEST_0402,0.3328
OULAD_TEST_0403,0.023
OULAD_TEST_0404,0.4104
OULAD_TEST_0405,0.8284
OULAD_TEST_0406,0.0
OULAD_TEST_0407,0.1986
OULAD_TEST_0408,0.1652
OULAD_TEST_0409,0.1022
OULAD_TEST_0410,0.2032
OULAD_TEST_0411,0.7855
OULAD_TEST_0412,0.4301
OULAD_TEST_0413,0.9414
OULAD_TEST_0414,0.0967
OULAD_TEST_0415,0.5173
OULAD_TEST_0416,0.4069
OULAD_TEST_0417,0.7381
OULAD_TEST_0418,0.204
OULAD_TEST_0419,0.7769
OULAD_TEST_0420,1.0
OULAD_TEST_0421,0.456
OULAD_TEST_0422,0.4273
OULAD_TEST_0423,0.2357
OULAD_TEST_0424,0.1557
OULAD_TEST_0425,0.5543
OULAD_TEST_0426,0.5486
OULAD_TEST_0427,0.1399
OULAD_TEST_0428,1.0
OULAD_TEST_0429,0.0
OULAD_TEST_0430,0.2138
OULAD_TEST_0431,0.357
OULAD_TEST_0432,0.9092
OULAD_TEST_0433,0.8365
OULAD_TEST_0434,0.5948
OULAD_TEST_0435,0.0616
OULAD_TEST_0436,0.3743
OULAD_TEST_0437,0.0
OULAD_TEST_0438,0.0
OULAD_TEST_0439,0.2157
OULAD_TEST_0440,0.9111
OULAD_TEST_0441,0.6959
OULAD_TEST_0442,0.6844
OULAD_TEST_0443,0.9764
OULAD_TEST_0444,0.3364
OULAD_TEST_0445,0.373
OULAD_TEST_0446,0.2468
OULAD_TEST_0447,0.8097
OULAD_TEST_0448,0.001
OULAD_TEST_0449,0.0
OULAD_TEST_0450,0.2685
OULAD_TEST_0451,1.0
OULAD_TEST_0452,0.0
OULAD_TEST_0453,0.4995
OULAD_TEST_0454,0.5205
OULAD_TEST_0455,0.8405
OULAD_TEST_0456,0.3015
OULAD_TEST_0457,0.5599
OULAD_TEST_0458,0.1
OULAD_TEST_0459,0.0
OULAD_TEST_0460,0.5489
OULAD_TEST_0461,0.028
OULAD_TEST_0462,0.4733
OULAD_TEST_0463,0.1727
OULAD_TEST_0464,0.9811
OULAD_TEST_0465,0.0952
OULAD_TEST_0466,0.3453
OULAD_TEST_0467,0.859
OULAD_TEST_0468,0.4228
OULAD_TEST_0469,0.9109
OULAD_TEST_0470,0.0
OULAD_TEST_0471,0.2657
OULAD_TEST_0472,0.0153
OULAD_TEST_0473,1.0
OULAD_TEST_0474,0.2724
OULAD_TEST_0475,0.1137
OULAD_TEST_0476,1.0
OULAD_TEST_0477,0.8733
OULAD_TEST_0478,0.5745
OULAD_TEST_0479,0.262
OULAD_TEST_0480,0.2202
OULAD_TEST_0481,0.6312
OULAD_TEST_0482,0.2085
OULAD_TEST_0483,0.8076
OULAD_TEST_0484,0.1564
OULAD_TEST_0485,0.3086
OULAD_TEST_0486,0.5565
OULAD_TEST_0487,0.8066
OULAD_TEST_0488,0.534
OULAD_TEST_0489,1.0
OULAD_TEST_0490,0.0722
OULAD_TEST_0491,0.357
OULAD_TEST_0492,0.7697
OULAD_TEST_0493,0.3753
OULAD_TEST_0494,0.5489
OULAD_TEST_0495,0.2525
OULAD_TEST_0496,0.8368
OULAD_TEST_0497,0.0555
OULAD_TEST_0498,0.0627
OULAD_TEST_0499,0.0
OULAD_TEST_0500,0.406
OULAD_TEST_0501,0.316
OULAD_TEST_0502,0.3326
OULAD_TEST_0503,0.7823
OULAD_TEST_0504,0.0
OULAD_TEST_0505,0.8019
OULAD_TEST_0506,0.9105
OULAD_TEST_0507,0.4607
OULAD_TEST_0508,0.0448
OULAD_TEST_0509,0.527
OULAD_TEST_0510,0.2497
OULAD_TEST_0511,0.9896
OULAD_TEST_0512,0.7402
OULAD_TEST_0513,0.0
OULAD_TEST_0514,0.2894
OULAD_TEST_0515,0.2998
OULAD_TEST_0516,0.3527
OULAD_TEST_0517,0.0
OULAD_TEST_0518,0.3652
OULAD_TEST_0519,0.2087
OULAD_TEST_0520,0.0
OULAD_TEST_0521,0.519
OULAD_TEST_0522,0.8088
OULAD_TEST_0523,0.7957
OULAD_TEST_0524,0.1226
OULAD_TEST_0525,0.0
OULAD_TEST_0526,0.0
OULAD_TEST_0527,0.6652
OULAD_TEST_0528,0.717
OULAD_TEST_0529,0.078
OULAD_TEST_0530,0.4096
OULAD_TEST_0531,0.0
OULAD_TEST_0532,0.1064
OULAD_TEST_0533,0.8145
OULAD_TEST_0534,0.1967
OULAD_TEST_0535,0.7502
OULAD_TEST_0536,0.0
OULAD_TEST_0537,0.9417
OULAD_TEST_0538,0.2829
OULAD_TEST_0539,0.2884
OULAD_TEST_0540,0.1941
OULAD_TEST_0541,0.0
OULAD_TEST_0542,0.1823
OULAD_TEST_0543,0.6526
OULAD_TEST_0544,0.1009
OULAD_TEST_0545,0.0
OULAD_TEST_0546,0.3541
OULAD_TEST_0547,0.5758
OULAD_TEST_0548,0.1219
OULAD_TEST_0549,0.9081
OULAD_TEST_0550,1.0
OULAD_TEST_0551,0.1722
OULAD_TEST_0552,0.2523
OULAD_TEST_0553,0.1097
OULAD_TEST_0554,0.134
OULAD_TEST_0555,0.0
OULAD_TEST_0556,0.8759
OULAD_TEST_0557,0.0
OULAD_TEST_0558,0.1636
OULAD_TEST_0559,0.0
OULAD_TEST_0560,0.2639
OULAD_TEST_0561,1.0
OULAD_TEST_0562,1.0
OULAD_TEST_0563,0.0195
OULAD_TEST_0564,0.5472
OULAD_TEST_0565,0.6347
OULAD_TEST_0566,0.0
OULAD_TEST_0567,0.0
OULAD_TEST_0568,0.644
OULAD_TEST_0569,0.0487
OULAD_TEST_0570,0.2091
OULAD_TEST_0571,1.0
OULAD_TEST_0572,0.1365
OULAD_TEST_0573,0.1379
OULAD_TEST_0574,0.1501
OULAD_TEST_0575,0.3093
OULAD_TEST_0576,0.2921
OULAD_TEST_0577,0.2183
OULAD_TEST_0578,0.0
OULAD_TEST_0579,0.3875
OULAD_TEST_0580,0.3618
OULAD_TEST_0581,0.0214
OULAD_TEST_0582,1.0
OULAD_TEST_0583,0.594
OULAD_TEST_0584,0.1427
OULAD_TEST_0585,0.7263
OULAD_TEST_0586,0.1846
OULAD_TEST_0587,0.6638
OULAD_TEST_0588,0.534
OULAD_TEST_0589,0.3238
OULAD_TEST_0590,0.1521
OULAD_TEST_0591,0.8403
OULAD_TEST_0592,0.1379
OULAD_TEST_0593,0.4191
OULAD_TEST_0594,0.508
OULAD_TEST_0595,0.4771
OULAD_TEST_0596,0.9502
OULAD_TEST_0597,0.8529
OULAD_TEST_0598,0.0
OULAD_TEST_0599,1.0
OULAD_TEST_0600,0.2541
OULAD_TEST_0601,0.387
OULAD_TEST_0602,0.5497
OULAD_TEST_0603,0.5629
OULAD_TEST_0604,0.1322
OULAD_TEST_0605,1.0
OULAD_TEST_0606,0.4247
OULAD_TEST_0607,0.0
OULAD_TEST_0608,0.0
OULAD_TEST_0609,0.3305
OULAD_TEST_0610,0.6097
OULAD_TEST_0611,0.7395
OULAD_TEST_0612,0.5446
OULAD_TEST_0613,0.8232
OULAD_TEST_0614,0.7171
OULAD_TEST_0615,0.9927
OULAD_TEST_0616,0.609
OULAD_TEST_0617,1.0
OULAD_TEST_0618,0.9876
OULAD_TEST_0619,0.0987
OULAD_TEST_0620,0.0616
OULAD_TEST_0621,0.2487
OULAD_TEST_0622,0.3372
OULAD_TEST_0623,1.0
OULAD_TEST_0624,0.9238
OULAD_TEST_0625,0.0658
OULAD_TEST_0626,0.2118
OULAD_TEST_0627,0.1533
OULAD_TEST_0628,0.3699
OULAD_TEST_0629,0.1853
OULAD_TEST_0630,0.0
OULAD_TEST_0631,1.0
OULAD_TEST_0632,0.5274
OULAD_TEST_0633,0.9285
OULAD_TEST_0634,0.0
OULAD_TEST_0635,0.0
OULAD_TEST_0636,1.0
OULAD_TEST_0637,0.3813
OULAD_TEST_0638,0.0
OULAD_TEST_0639,0.0215
OULAD_TEST_0640,0.4045
OULAD_TEST_0641,0.4403
OULAD_TEST_0642,0.0186
OULAD_TEST_0643,0.2858
OULAD_TEST_0644,0.073
OULAD_TEST_0645,0.0242
OULAD_TEST_0646,0.0
OULAD_TEST_0647,0.6289
OULAD_TEST_0648,0.2654
OULAD_TEST_0649,0.3802
OULAD_TEST_0650,0.9284
OULAD_TEST_0651,0.357
OULAD_TEST_0652,0.8345
OULAD_TEST_0653,0.0
OULAD_TEST_0654,0.4649
OULAD_TEST_0655,0.2245
OULAD_TEST_0656,0.0714
OULAD_TEST_0657,0.2386
OULAD_TEST_0658,0.0949
OULAD_TEST_0659,0.0947
OULAD_TEST_0660,0.6809
OULAD_TEST_0661,0.9168
OULAD_TEST_0662,0.2756
OULAD_TEST_0663,0.6627
OULAD_TEST_0664,0.4486
OULAD_TEST_0665,0.8876
OULAD_TEST_0666,0.1376
OULAD_TEST_0667,0.6968
OULAD_TEST_0668,0.1727
OULAD_TEST_0669,0.2125
OULAD_TEST_0670,0.204
OULAD_TEST_0671,0.5402
OULAD_TEST_0672,0.0
OULAD_TEST_0673,0.0145
OULAD_TEST_0674,0.0
OULAD_TEST_0675,0.7657
OULAD_TEST_0676,0.2214
OULAD_TEST_0677,0.3715
OULAD_TEST_0678,0.5525
OULAD_TEST_0679,0.5738
OULAD_TEST_0680,0.152
OULAD_TEST_0681,0.4486
OULAD_TEST_0682,0.5366
OULAD_TEST_0683,1.0
OULAD_TEST_0684,0.1659
OULAD_TEST_0685,1.0
OULAD_TEST_0686,0.9613
OULAD_TEST_0687,0.1953
OULAD_TEST_0688,1.0
OULAD_TEST_0689,0.2584
OULAD_TEST_0690,0.1165
OULAD_TEST_0691,0.4464
OULAD_TEST_0692,0.0316
OULAD_TEST_0693,0.8512
OULAD_TEST_0694,1.0
OULAD_TEST_0695,0.9451
OULAD_TEST_0696,0.1293
OULAD_TEST_0697,0.0
OULAD_TEST_0698,0.401
OULAD_TEST_0699,0.9709
OULAD_TEST_0700,0.5672
OULAD_TEST_0701,0.6686
OULAD_TEST_0702,0.7365
OULAD_TEST_0703,0.5904
OULAD_TEST_0704,0.0985
OULAD_TEST_0705,0.3904
OULAD_TEST_0706,0.666
OULAD_TEST_0707,1.0
OULAD_TEST_0708,0.2464
OULAD_TEST_0709,0.5576
OULAD_TEST_0710,0.1649
OULAD_TEST_0711,0.0853
OULAD_TEST_0712,0.4641
OULAD_TEST_0713,0.3115
OULAD_TEST_0714,0.1492
OULAD_TEST_0715,0.9854
OULAD_TEST_0716,0.6959
OULAD_TEST_0717,0.684
OULAD_TEST_0718,0.9449
OULAD_TEST_0719,0.4821
OULAD_TEST_0720,0.8557
OULAD_TEST_0721,0.0
OULAD_TEST_0722,0.4157
OULAD_TEST_0723,0.6148
OULAD_TEST_0724,0.1272
OULAD_TEST_0725,0.5646
OULAD_TEST_0726,0.0727
OULAD_TEST_0727,0.4783
OULAD_TEST_0728,0.5478
OULAD_TEST_0729,0.0937
OULAD_TEST_0730,1.0
OULAD_TEST_0731,0.4579
OULAD_TEST_0732,0.5666
OULAD_TEST_0733,0.3064
OULAD_TEST_0734,0.8247
OULAD_TEST_0735,0.0903
OULAD_TEST_0736,0.947
OULAD_TEST_0737,1.0
OULAD_TEST_0738,0.4907
OULAD_TEST_0739,0.5792
OULAD_TEST_0740,0.0
OULAD_TEST_0741,0.5692
OULAD_TEST_0742,0.374
OULAD_TEST_0743,0.6794
OULAD_TEST_0744,0.8325
OULAD_TEST_0745,0.0
OULAD_TEST_0746,0.0881
OULAD_TEST_0747,0.0
OULAD_TEST_0748,0.0
OULAD_TEST_0749,0.0
OULAD_TEST_0750,0.861
OULAD_TEST_0751,0.071
OULAD_TEST_0752,0.0
OULAD_TEST_0753,0.3328
OULAD_TEST_0754,0.0
OULAD_TEST_0755,0.4167
OULAD_TEST_0756,0.8279
OULAD_TEST_0757,0.1127
OULAD_TEST_0758,0.632
OULAD_TEST_0759,1.0
OULAD_TEST_0760,0.0
OULAD_TEST_0761,0.189
OULAD_TEST_0762,0.6101
OULAD_TEST_0763,0.7043
OULAD_TEST_0764,1.0
OULAD_TEST_0765,0.451
OULAD_TEST_0766,0.2017
OULAD_TEST_0767,0.9607
OULAD_TEST_0768,0.1474
OULAD_TEST_0769,0.4383
OULAD_TEST_0770,1.0
OULAD_TEST_0771,0.8059
OULAD_TEST_0772,0.762
OULAD_TEST_0773,0.7081
OULAD_TEST_0774,0.831
OULAD_TEST_0775,0.2094
OULAD_TEST_0776,0.1076
OULAD_TEST_0777,0.1353
OULAD_TEST_0778,0.8757
OULAD_TEST_0779,0.9587
OULAD_TEST_0780,0.0841
OULAD_TEST_0781,0.7973
OULAD_TEST_0782,0.1602
OULAD_TEST_0783,0.4028
OULAD_TEST_0784,0.5192
OULAD_TEST_0785,0.609
OULAD_TEST_0786,0.5061
OULAD_TEST_0787,0.2871
OULAD_TEST_0788,0.8401
OULAD_TEST_0789,0.0474
OULAD_TEST_0790,0.5958
OULAD_TEST_0791,0.6583
OULAD_TEST_0792,0.3048
OULAD_TEST_0793,0.2219
OULAD_TEST_0794,0.3147
OULAD_TEST_0795,0.322
OULAD_TEST_0796,0.1851
OULAD_TEST_0797,0.6183
OULAD_TEST_0798,0.7957
OULAD_TEST_0799,0.463
OULAD_TEST_0800,0.3905
OULAD_TEST_0801,0.0268
OULAD_TEST_0802,0.9935
OULAD_TEST_0803,0.0606
OULAD_TEST_0804,0.7008
OULAD_TEST_0805,0.718
OULAD_TEST_0806,0.0654
OULAD_TEST_0807,0.8197
OULAD_TEST_0808,0.2418
OULAD_TEST_0809,0.0285
OULAD_TEST_0810,0.2299
OULAD_TEST_0811,0.9299
OULAD_TEST_0812,0.2651
OULAD_TEST_0813,0.1584
OULAD_TEST_0814,1.0
OULAD_TEST_0815,0.0
OULAD_TEST_0816,0.6044
OULAD_TEST_0817,0.3954
OULAD_TEST_0818,0.6123
OULAD_TEST_0819,0.4621
OULAD_TEST_0820,0.1539
OULAD_TEST_0821,1.0
OULAD_TEST_0822,0.8026
OULAD_TEST_0823,0.4636
OULAD_TEST_0824,0.1
OULAD_TEST_0825,0.8698
OULAD_TEST_0826,0.356
OULAD_TEST_0827,0.1717
OULAD_TEST_0828,0.035
OULAD_TEST_0829,0.4754
OULAD_TEST_0830,0.7783
OULAD_TEST_0831,0.6949
OULAD_TEST_0832,0.8492
OULAD_TEST_0833,0.1027
OULAD_TEST_0834,0.095
OULAD_TEST_0835,0.7835
OULAD_TEST_0836,1.0
OULAD_TEST_0837,0.347
OULAD_TEST_0838,0.1688
OULAD_TEST_0839,0.4438
OULAD_TEST_0840,0.0992
OULAD_TEST_0841,0.1575
OULAD_TEST_0842,0.0
OULAD_TEST_0843,0.8477
OULAD_TEST_0844,1.0
OULAD_TEST_0845,0.5962
OULAD_TEST_0846,0.4249
OULAD_TEST_0847,0.7853
OULAD_TEST_0848,0.9038
OULAD_TEST_0849,0.3801
OULAD_TEST_0850,0.0
OULAD_TEST_0851,0.5619
OULAD_TEST_0852,0.788
OULAD_TEST_0853,0.4166
OULAD_TEST_0854,0.2755
OULAD_TEST_0855,0.6813
OULAD_TEST_0856,0.0
OULAD_TEST_0857,1.0
OULAD_TEST_0858,0.0
OULAD_TEST_0859,0.1597
OULAD_TEST_0860,0.4791
OULAD_TEST_0861,0.2132
OULAD_TEST_0862,0.5156
OULAD_TEST_0863,0.8119
OULAD_TEST_0864,0.0
OULAD_TEST_0865,0.2503
OULAD_TEST_0866,0.8548
OULAD_TEST_0867,0.199
OULAD_TEST_0868,1.0
OULAD_TEST_0869,0.3772
OULAD_TEST_0870,0.525
OULAD_TEST_0871,0.1772
OULAD_TEST_0872,0.0
OULAD_TEST_0873,0.1182
OULAD_TEST_0874,0.2721
OULAD_TEST_0875,0.6897
OULAD_TEST_0876,0.1047
OULAD_TEST_0877,0.8659
OULAD_TEST_0878,0.2098
OULAD_TEST_0879,1.0
OULAD_TEST_0880,0.4535
OULAD_TEST_0881,0.5421
OULAD_TEST_0882,0.9232
OULAD_TEST_0883,1.0
OULAD_TEST_0884,0.1374
OULAD_TEST_0885,1.0
OULAD_TEST_0886,0.6003
OULAD_TEST_0887,0.3792
OULAD_TEST_0888,0.5706
OULAD_TEST_0889,0.2006
OULAD_TEST_0890,1.0
OULAD_TEST_0891,1.0
OULAD_TEST_0892,0.7907
OULAD_TEST_0893,0.3596
OULAD_TEST_0894,0.6227
OULAD_TEST_0895,0.1455
OULAD_TEST_0896,0.9733
OULAD_TEST_0897,0.5646
OULAD_TEST_0898,0.2707
OULAD_TEST_0899,0.1428
OULAD_TEST_0900,0.1952
OULAD_TEST_0901,0.0
OULAD_TEST_0902,0.0772
OULAD_TEST_0903,0.3014
OULAD_TEST_0904,0.0935
OULAD_TEST_0905,0.7911
OULAD_TEST_0906,0.7322
OULAD_TEST_0907,0.1348
OULAD_TEST_0908,0.3854
OULAD_TEST_0909,0.3486
OULAD_TEST_0910,0.0331
OULAD_TEST_0911,0.509
OULAD_TEST_0912,0.7286
OULAD_TEST_0913,1.0
OULAD_TEST_0914,0.0405
OULAD_TEST_0915,0.6971
OULAD_TEST_0916,0.2614
OULAD_TEST_0917,0.8273
OULAD_TEST_0918,0.0801
OULAD_TEST_0919,0.1676
OULAD_TEST_0920,0.4107
OULAD_TEST_0921,0.0
OULAD_TEST_0922,0.092
OULAD_TEST_0923,0.8732
OULAD_TEST_0924,0.2339
OULAD_TEST_0925,0.0
OULAD_TEST_0926,0.0222
OULAD_TEST_0927,0.5195
OULAD_TEST_0928,0.4156
OULAD_TEST_0929,0.0764
OULAD_TEST_0930,0.4848
OULAD_TEST_0931,0.4121
OULAD_TEST_0932,0.0
OULAD_TEST_0933,0.0
OULAD_TEST_0934,1.0
OULAD_TEST_0935,0.7221
OULAD_TEST_0936,0.0
OULAD_TEST_0937,0.1981
OULAD_TEST_0938,0.4102
OULAD_TEST_0939,0.0012
OULAD_TEST_0940,0.4675
OULAD_TEST_0941,1.0
OULAD_TEST_0942,0.3757
OULAD_TEST_0943,0.9842
OULAD_TEST_0944,0.4277
OULAD_TEST_0945,0.4379
OULAD_TEST_0946,0.0
OULAD_TEST_0947,0.8948
OULAD_TEST_0948,0.3805
OULAD_TEST_0949,0.3453
OULAD_TEST_0950,0.9623
OULAD_TEST_0951,0.4019
OULAD_TEST_0952,0.3078
OULAD_TEST_0953,0.7833
OULAD_TEST_0954,0.9862
OULAD_TEST_0955,0.3061
OULAD_TEST_0956,0.5197
OULAD_TEST_0957,0.4496
OULAD_TEST_0958,1.0
OULAD_TEST_0959,0.2799
OULAD_TEST_0960,0.5861
OULAD_TEST_0961,0.2873
OULAD_TEST_0962,0.0897
OULAD_TEST_0963,0.4654
OULAD_TEST_0964,0.9156
OULAD_TEST_0965,0.7278
OULAD_TEST_0966,0.3654
OULAD_TEST_0967,1.0
OULAD_TEST_0968,0.4906
OULAD_TEST_0969,0.784
OULAD_TEST_0970,0.0739
OULAD_TEST_0971,0.0976
OULAD_TEST_0972,0.223
OULAD_TEST_0973,0.4099
OULAD_TEST_0974,0.2496
OULAD_TEST_0975,0.3076
OULAD_TEST_0976,0.6502
OULAD_TEST_0977,0.0
OULAD_TEST_0978,0.3077
OULAD_TEST_0979,0.2223
OULAD_TEST_0980,0.3189
OULAD_TEST_0981,0.4039
OULAD_TEST_0982,0.8523
OULAD_TEST_0983,0.8461
OULAD_TEST_0984,0.383
OULAD_TEST_0985,0.0505
OULAD_TEST_0986,0.4989
OULAD_TEST_0987,0.7239
OULAD_TEST_0988,0.276
OULAD_TEST_0989,0.4852
OULAD_TEST_0990,1.0
OULAD_TEST_0991,0.0
OULAD_TEST_0992,0.9537
OULAD_TEST_0993,0.4823
OULAD_TEST_0994,0.0495
OULAD_TEST_0995,0.7377
OULAD_TEST_0996,0.7172
OULAD_TEST_0997,0.1607
OULAD_TEST_0998,0.356
OULAD_TEST_0999,0.6405
OULAD_TEST_1000,0.0
OULAD_TEST_1001,0.75
OULAD_TEST_1002,0.25
OULAD_TEST_1003,0.75
OULAD_TEST_1004,0.0
OULAD_TEST_1005,0.0
OULAD_TEST_1006,0.0
OULAD_TEST_1007,1.0
OULAD_TEST_1008,0.75
OULAD_TEST_1009,1.0
OULAD_TEST_1010,0.0
OULAD_TEST_1011,0.75
OULAD_TEST_1012,1.0
OULAD_TEST_1013,0.0
OULAD_TEST_1014,0.0
OULAD_TEST_1015,0.75
OULAD_TEST_1016,0.75
OULAD_TEST_1017,0.75
OULAD_TEST_1018,1.0
OULAD_TEST_1019,1.0
OULAD_TEST_1020,0.0
OULAD_TEST_1021,0.0
OULAD_TEST_1022,0.0
OULAD_TEST_1023,0.75
OULAD_TEST_1024,1.0
OULAD_TEST_1025,1.0
OULAD_TEST_1026,0.75
OULAD_TEST_1027,0.75
OULAD_TEST_1028,0.5
OULAD_TEST_1029,0.0
OULAD_TEST_1030,0.0
OULAD_TEST_1031,0.75
OULAD_TEST_1032,0.75
OULAD_TEST_1033,0.0
OULAD_TEST_1034,0.75
OULAD_TEST_1035,0.25
OULAD_TEST_1036,0.5
OULAD_TEST_1037,0.75
OULAD_TEST_1038,0.0
OULAD_TEST_1039,0.75
OULAD_TEST_1040,1.0
OULAD_TEST_1041,0.0
OULAD_TEST_1042,0.25
OULAD_TEST_1043,0.75
OULAD_TEST_1044,0.0
OULAD_TEST_1045,0.75
OULAD_TEST_1046,0.5
OULAD_TEST_1047,0.0
OULAD_TEST_1048,0.0
OULAD_TEST_1049,0.5
OULAD_TEST_1050,0.0
OULAD_TEST_1051,0.75
OULAD_TEST_1052,1.0
OULAD_TEST_1053,0.0
OULAD_TEST_1054,0.5
OULAD_TEST_1055,1.0
OULAD_TEST_1056,1.0
OULAD_TEST_1057,0.75
OULAD_TEST_1058,1.0
OULAD_TEST_1059,0.75
OULAD_TEST_1060,0.0
OULAD_TEST_1061,1.0
OULAD_TEST_1062,0.75
OULAD_TEST_1063,0.75
OULAD_TEST_1064,1.0
OULAD_TEST_1065,0.75
OULAD_TEST_1066,0.0
OULAD_TEST_1067,0.0
OULAD_TEST_1068,0.25
OULAD_TEST_1069,0.0
OULAD_TEST_1070,0.0
OULAD_TEST_1071,0.25
OULAD_TEST_1072,0.25
OULAD_TEST_1073,0.0
OULAD_TEST_1074,0.75
OULAD_TEST_1075,0.75
OULAD_TEST_1076,0.75
OULAD_TEST_1077,0.75
OULAD_TEST_1078,0.75
OULAD_TEST_1079,0.75
OULAD_TEST_1080,1.0
OULAD_TEST_1081,0.75
OULAD_TEST_1082,0.5
OULAD_TEST_1083,0.0
OULAD_TEST_1084,1.0
OULAD_TEST_1085,1.0
OULAD_TEST_1086,1.0
OULAD_TEST_1087,0.0
OULAD_TEST_1088,0.5
OULAD_TEST_1089,1.0
OULAD_TEST_1090,0.75
OULAD_TEST_1091,0.0
OULAD_TEST_1092,0.5
OULAD_TEST_1093,0.0
OULAD_TEST_1094,1.0
OULAD_TEST_1095,0.75
OULAD_TEST_1096,0.25
OULAD_TEST_1097,1.0
OULAD_TEST_1098,1.0
OULAD_TEST_1099,0.5
OULAD_TEST_1100,0.75
OULAD_TEST_1101,1.0
OULAD_TEST_1102,0.75
OULAD_TEST_1103,1.0
OULAD_TEST_1104,0.0
OULAD_TEST_1105,0.0
OULAD_TEST_1106,0.0
OULAD_TEST_1107,1.0
OULAD_TEST_1108,1.0
OULAD_TEST_1109,0.75
OULAD_TEST_1110,0.75
OULAD_TEST_1111,0.75
OULAD_TEST_1112,0.0
OULAD_TEST_1113,1.0
OULAD_TEST_1114,1.0
OULAD_TEST_1115,0.0
OULAD_TEST_1116,0.75
OULAD_TEST_1117,0.5
OULAD_TEST_1118,0.75
OULAD_TEST_1119,0.75
OULAD_TEST_1120,0.75
OULAD_TEST_1121,1.0
OULAD_TEST_1122,0.75
OULAD_TEST_1123,0.75
OULAD_TEST_1124,0.25
OULAD_TEST_1125,0.75
OULAD_TEST_1126,0.0
OULAD_TEST_1127,0.75
OULAD_TEST_1128,0.75
OULAD_TEST_1129,1.0
OULAD_TEST_1130,0.75
OULAD_TEST_1131,0.0
OULAD_TEST_1132,1.0
OULAD_TEST_1133,0.0
OULAD_TEST_1134,0.75
OULAD_TEST_1135,0.75
OULAD_TEST_1136,0.75
OULAD_TEST_1137,0.5
OULAD_TEST_1138,0.75
OULAD_TEST_1139,0.75
OULAD_TEST_1140,0.0
OULAD_TEST_1141,0.0
OULAD_TEST_1142,1.0
OULAD_TEST_1143,0.75
OULAD_TEST_1144,1.0
OULAD_TEST_1145,0.0
OULAD_TEST_1146,0.0
OULAD_TEST_1147,1.0
OULAD_TEST_1148,1.0
OULAD_TEST_1149,0.0
OULAD_TEST_1150,1.0
OULAD_TEST_1151,1.0
OULAD_TEST_1152,0.0
OULAD_TEST_1153,0.5
OULAD_TEST_1154,0.75
OULAD_TEST_1155,0.0
OULAD_TEST_1156,0.5
OULAD_TEST_1157,0.0
OULAD_TEST_1158,1.0
OULAD_TEST_1159,0.0
OULAD_TEST_1160,0.75
OULAD_TEST_1161,1.0
OULAD_TEST_1162,0.5
OULAD_TEST_1163,0.0
OULAD_TEST_1164,0.75
OULAD_TEST_1165,0.5
OULAD_TEST_1166,1.0
OULAD_TEST_1167,1.0
OULAD_TEST_1168,1.0
OULAD_TEST_1169,0.75
OULAD_TEST_1170,0.0
OULAD_TEST_1171,0.75
OULAD_TEST_1172,0.75
OULAD_TEST_1173,0.75
OULAD_TEST_1174,0.0
OULAD_TEST_1175,1.0
OULAD_TEST_1176,0.75
OULAD_TEST_1177,0.0
OULAD_TEST_1178,0.0
OULAD_TEST_1179,0.0
OULAD_TEST_1180,0.0
OULAD_TEST_1181,0.5
OULAD_TEST_1182,0.25
OULAD_TEST_1183,0.75
OULAD_TEST_1184,0.75
OULAD_TEST_1185,0.75
OULAD_TEST_1186,0.75
OULAD_TEST_1187,1.0
OULAD_TEST_1188,0.0
OULAD_TEST_1189,0.0
OULAD_TEST_1190,0.25
OULAD_TEST_1191,0.75
OULAD_TEST_1192,0.0
OULAD_TEST_1193,0.0
OULAD_TEST_1194,0.0
OULAD_TEST_1195,1.0
OULAD_TEST_1196,0.0
OULAD_TEST_1197,0.75
OULAD_TEST_1198,0.0
OULAD_TEST_1199,0.0
OULAD_TEST_1200,0.0
OULAD_TEST_1201,0.75
OULAD_TEST_1202,0.75
OULAD_TEST_1203,0.75
OULAD_TEST_1204,1.0
OULAD_TEST_1205,0.25
OULAD_TEST_1206,0.0
OULAD_TEST_1207,0.25
OULAD_TEST_1208,0.0
OULAD_TEST_1209,0.25
OULAD_TEST_1210,0.0
OULAD_TEST_1211,0.0
OULAD_TEST_1212,0.0
OULAD_TEST_1213,1.0
OULAD_TEST_1214,0.5
OULAD_TEST_1215,0.5
OULAD_TEST_1216,0.0
OULAD_TEST_1217,0.0
OULAD_TEST_1218,0.0
OULAD_TEST_1219,0.75
OULAD_TEST_1220,0.5
OULAD_TEST_1221,0.0
OULAD_TEST_1222,0.75
OULAD_TEST_1223,1.0
OULAD_TEST_1224,0.25
OULAD_TEST_1225,1.0
OULAD_TEST_1226,0.0
OULAD_TEST_1227,0.5
OULAD_TEST_1228,0.0
OULAD_TEST_1229,1.0
OULAD_TEST_1230,0.5
OULAD_TEST_1231,0.0
OULAD_TEST_1232,0.75
OULAD_TEST_1233,0.0
OULAD_TEST_1234,0.75
OULAD_TEST_1235,0.0
OULAD_TEST_1236,0.75
OULAD_TEST_1237,0.75
OULAD_TEST_1238,0.0
OULAD_TEST_1239,0.75
OULAD_TEST_1240,0.75
OULAD_TEST_1241,1.0
OULAD_TEST_1242,0.0
OULAD_TEST_1243,0.75
OULAD_TEST_1244,0.75
OULAD_TEST_1245,0.75
OULAD_TEST_1246,1.0
OULAD_TEST_1247,0.5
OULAD_TEST_1248,0.75
OULAD_TEST_1249,0.75
OULAD_TEST_1250,0.25
OULAD_TEST_1251,0.75
OULAD_TEST_1252,0.0
OULAD_TEST_1253,0.0
OULAD_TEST_1254,1.0
OULAD_TEST_1255,1.0
OULAD_TEST_1256,0.75
OULAD_TEST_1257,0.5
OULAD_TEST_1258,0.75
OULAD_TEST_1259,0.75
OULAD_TEST_1260,0.75
OULAD_TEST_1261,0.75
OULAD_TEST_1262,0.75
OULAD_TEST_1263,0.75
OULAD_TEST_1264,0.75
OULAD_TEST_1265,0.0
OULAD_TEST_1266,1.0
OULAD_TEST_1267,0.75
OULAD_TEST_1268,1.0
OULAD_TEST_1269,0.0
OULAD_TEST_1270,0.0
OULAD_TEST_1271,0.0
OULAD_TEST_1272,0.5
OULAD_TEST_1273,0.0
OULAD_TEST_1274,0.0
OULAD_TEST_1275,0.5
OULAD_TEST_1276,1.0
OULAD_TEST_1277,0.0
OULAD_TEST_1278,0.75
OULAD_TEST_1279,0.0
OULAD_TEST_1280,0.0
OULAD_TEST_1281,0.75
OULAD_TEST_1282,0.0
OULAD_TEST_1283,0.75
OULAD_TEST_1284,1.0
OULAD_TEST_1285,0.0
OULAD_TEST_1286,0.75
OULAD_TEST_1287,0.75
OULAD_TEST_1288,0.75
OULAD_TEST_1289,0.5
OULAD_TEST_1290,0.5
OULAD_TEST_1291,1.0
OULAD_TEST_1292,0.5
OULAD_TEST_1293,0.0
OULAD_TEST_1294,0.0
OULAD_TEST_1295,0.75
OULAD_TEST_1296,0.0
OULAD_TEST_1297,1.0
OULAD_TEST_1298,1.0
OULAD_TEST_1299,0.0
OULAD_TEST_1300,0.0
OULAD_TEST_1301,0.75
OULAD_TEST_1302,0.5
OULAD_TEST_1303,0.0
OULAD_TEST_1304,1.0
OULAD_TEST_1305,1.0
OULAD_TEST_1306,0.75
OULAD_TEST_1307,0.25
OULAD_TEST_1308,0.0
OULAD_TEST_1309,0.0
OULAD_TEST_1310,0.0
OULAD_TEST_1311,0.75
OULAD_TEST_1312,0.0
OULAD_TEST_1313,0.0
OULAD_TEST_1314,0.5
OULAD_TEST_1315,1.0
OULAD_TEST_1316,0.0
OULAD_TEST_1317,1.0
OULAD_TEST_1318,0.0
OULAD_TEST_1319,0.75
OULAD_TEST_1320,0.0
OULAD_TEST_1321,1.0
OULAD_TEST_1322,0.0
OULAD_TEST_1323,0.75
OULAD_TEST_1324,1.0
OULAD_TEST_1325,1.0
OULAD_TEST_1326,0.75
OULAD_TEST_1327,1.0
OULAD_TEST_1328,0.0
OULAD_TEST_1329,1.0
OULAD_TEST_1330,0.75
OULAD_TEST_1331,0.0
OULAD_TEST_1332,0.0
OULAD_TEST_1333,0.0
OULAD_TEST_1334,0.0
OULAD_TEST_1335,0.75
OULAD_TEST_1336,0.75
OULAD_TEST_1337,0.75
OULAD_TEST_1338,0.0
OULAD_TEST_1339,0.75
OULAD_TEST_1340,0.5
OULAD_TEST_1341,0.0
OULAD_TEST_1342,0.0
OULAD_TEST_1343,0.75
OULAD_TEST_1344,1.0
OULAD_TEST_1345,0.5
OULAD_TEST_1346,0.75
OULAD_TEST_1347,0.75
OULAD_TEST_1348,1.0
OULAD_TEST_1349,0.0
OULAD_TEST_1350,0.25
OULAD_TEST_1351,0.0
OULAD_TEST_1352,1.0
OULAD_TEST_1353,0.75
OULAD_TEST_1354,0.0
OULAD_TEST_1355,1.0
OULAD_TEST_1356,1.0
OULAD_TEST_1357,0.5
OULAD_TEST_1358,1.0
OULAD_TEST_1359,1.0
OULAD_TEST_1360,0.75
OULAD_TEST_1361,0.25
OULAD_TEST_1362,0.5
OULAD_TEST_1363,0.75
OULAD_TEST_1364,1.0
OULAD_TEST_1365,0.75
OULAD_TEST_1366,1.0
OULAD_TEST_1367,1.0
OULAD_TEST_1368,0.0
OULAD_TEST_1369,1.0
OULAD_TEST_1370,0.75
OULAD_TEST_1371,0.75
OULAD_TEST_1372,0.0
OULAD_TEST_1373,1.0
OULAD_TEST_1374,1.0
OULAD_TEST_1375,0.0
OULAD_TEST_1376,0.75
OULAD_TEST_1377,0.75
OULAD_TEST_1378,1.0
OULAD_TEST_1379,0.0
OULAD_TEST_1380,0.0
OULAD_TEST_1381,0.0
OULAD_TEST_1382,0.0
OULAD_TEST_1383,0.0
OULAD_TEST_1384,0.75
OULAD_TEST_1385,0.0
OULAD_TEST_1386,0.0
OULAD_TEST_1387,1.0
OULAD_TEST_1388,0.0
OULAD_TEST_1389,1.0
OULAD_TEST_1390,0.5
OULAD_TEST_1391,0.0
OULAD_TEST_1392,1.0
OULAD_TEST_1393,0.75
OULAD_TEST_1394,0.75
OULAD_TEST_1395,0.75
OULAD_TEST_1396,0.25
OULAD_TEST_1397,0.25
OULAD_TEST_1398,0.75
OULAD_TEST_1399,0.25
OULAD_TEST_1400,0.75
OULAD_TEST_1401,0.75
OULAD_TEST_1402,1.0
OULAD_TEST_1403,0.75
OULAD_TEST_1404,0.5
OULAD_TEST_1405,0.75
OULAD_TEST_1406,1.0
OULAD_TEST_1407,0.0
OULAD_TEST_1408,0.75
OULAD_TEST_1409,0.75
OULAD_TEST_1410,0.75
OULAD_TEST_1411,0.0
OULAD_TEST_1412,0.75
OULAD_TEST_1413,0.0
OULAD_TEST_1414,0.0
OULAD_TEST_1415,0.0
OULAD_TEST_1416,0.75
OULAD_TEST_1417,0.75
OULAD_TEST_1418,0.0
OULAD_TEST_1419,0.0
OULAD_TEST_1420,0.75
OULAD_TEST_1421,1.0
OULAD_TEST_1422,0.25
OULAD_TEST_1423,0.75
OULAD_TEST_1424,0.0
OULAD_TEST_1425,0.75
OULAD_TEST_1426,1.0
OULAD_TEST_1427,0.0
OULAD_TEST_1428,1.0
OULAD_TEST_1429,0.0
OULAD_TEST_1430,0.0
OULAD_TEST_1431,0.0
OULAD_TEST_1432,1.0
OULAD_TEST_1433,0.75
OULAD_TEST_1434,0.0
OULAD_TEST_1435,0.0
OULAD_TEST_1436,0.25
OULAD_TEST_1437,0.75
OULAD_TEST_1438,1.0
OULAD_TEST_1439,1.0
OULAD_TEST_1440,0.75
OULAD_TEST_1441,0.0
OULAD_TEST_1442,0.0
OULAD_TEST_1443,0.5
OULAD_TEST_1444,0.25
OULAD_TEST_1445,1.0
OULAD_TEST_1446,0.75
OULAD_TEST_1447,0.0
OULAD_TEST_1448,0.0
OULAD_TEST_1449,1.0
OULAD_TEST_1450,0.75
OULAD_TEST_1451,0.75
OULAD_TEST_1452,1.0
OULAD_TEST_1453,0.0
OULAD_TEST_1454,0.0
OULAD_TEST_1455,1.0
OULAD_TEST_1456,0.75
OULAD_TEST_1457,1.0
OULAD_TEST_1458,1.0
OULAD_TEST_1459,0.75
OULAD_TEST_1460,0.75
OULAD_TEST_1461,0.75
OULAD_TEST_1462,0.0
OULAD_TEST_1463,1.0
OULAD_TEST_1464,0.75
OULAD_TEST_1465,0.0
OULAD_TEST_1466,0.75
OULAD_TEST_1467,0.75
OULAD_TEST_1468,0.25
OULAD_TEST_1469,0.0
OULAD_TEST_1470,1.0
OULAD_TEST_1471,0.5
OULAD_TEST_1472,0.75
OULAD_TEST_1473,0.0
OULAD_TEST_1474,1.0
OULAD_TEST_1475,0.0
OULAD_TEST_1476,0.75
OULAD_TEST_1477,0.25
OULAD_TEST_1478,0.0
OULAD_TEST_1479,0.25
OULAD_TEST_1480,0.0
OULAD_TEST_1481,0.75
OULAD_TEST_1482,0.0
OULAD_TEST_1483,0.0
OULAD_TEST_1484,0.0
OULAD_TEST_1485,0.5
OULAD_TEST_1486,0.25
OULAD_TEST_1487,0.0
OULAD_TEST_1488,0.25
OULAD_TEST_1489,0.75
OULAD_TEST_1490,1.0
OULAD_TEST_1491,0.75
OULAD_TEST_1492,0.0
OULAD_TEST_1493,1.0
OULAD_TEST_1494,0.75
OULAD_TEST_1495,1.0
OULAD_TEST_1496,0.0
OULAD_TEST_1497,1.0
OULAD_TEST_1498,0.0
OULAD_TEST_1499,0.75
OULAD_TEST_1500,1.0
OULAD_TEST_1501,1.0
OULAD_TEST_1502,1.0
OULAD_TEST_1503,0.0
OULAD_TEST_1504,0.2104
OULAD_TEST_1505,0.5689
OULAD_TEST_1506,0.556
OULAD_TEST_1507,0.4814
OULAD_TEST_1508,0.4647
OULAD_TEST_1509,0.2705
OULAD_TEST_1510,0.2195
OULAD_TEST_1511,0.2094
OULAD_TEST_1512,1.0
OULAD_TEST_1513,0.1693
OULAD_TEST_1514,0.5821
OULAD_TEST_1515,0.0732
OULAD_TEST_1516,0.346
OULAD_TEST_1517,0.2286
OULAD_TEST_1518,0.0557
OULAD_TEST_1519,0.8816
OULAD_TEST_1520,0.1308
OULAD_TEST_1521,0.0713
OULAD_TEST_1522,0.1666
OULAD_TEST_1523,0.6964
OULAD_TEST_1524,0.4555
OULAD_TEST_1525,0.1139
OULAD_TEST_1526,0.0648
OULAD_TEST_1527,0.0975
OULAD_TEST_1528,1.0
OULAD_TEST_1529,0.0
OULAD_TEST_1530,0.7469
OULAD_TEST_1531,0.7493
OULAD_TEST_1532,0.1435
OULAD_TEST_1533,0.4667
OULAD_TEST_1534,0.0742
OULAD_TEST_1535,0.7268
OULAD_TEST_1536,0.8145
OULAD_TEST_1537,0.0
OULAD_TEST_1538,0.5141
OULAD_TEST_1539,0.368
OULAD_TEST_1540,0.4648
OULAD_TEST_1541,0.9015
OULAD_TEST_1542,0.5367
OULAD_TEST_1543,0.9037
OULAD_TEST_1544,0.9732
OULAD_TEST_1545,0.8916
OULAD_TEST_1546,0.5426
OULAD_TEST_1547,0.7228
OULAD_TEST_1548,0.9181
OULAD_TEST_1549,0.3746
OULAD_TEST_1550,0.7668
OULAD_TEST_1551,0.5766
OULAD_TEST_1552,0.1082
OULAD_TEST_1553,0.7604
OULAD_TEST_1554,0.0
OULAD_TEST_1555,0.0
OULAD_TEST_1556,0.4487
OULAD_TEST_1557,0.7921
OULAD_TEST_1558,0.5166
OULAD_TEST_1559,0.5571
OULAD_TEST_1560,0.1778
OULAD_TEST_1561,0.0
OULAD_TEST_1562,0.4745
OULAD_TEST_1563,0.6863
OULAD_TEST_1564,0.9334
OULAD_TEST_1565,0.1715
OULAD_TEST_1566,0.2918
OULAD_TEST_1567,1.0
OULAD_TEST_1568,0.6696
OULAD_TEST_1569,0.4493
OULAD_TEST_1570,0.1839
OULAD_TEST_1571,0.5595
OULAD_TEST_1572,0.7406
OULAD_TEST_1573,0.1973
OULAD_TEST_1574,0.3783
OULAD_TEST_1575,0.0249
OULAD_TEST_1576,0.0
OULAD_TEST_1577,0.6235
OULAD_TEST_1578,0.4588
OULAD_TEST_1579,0.3764
OULAD_TEST_1580,0.0411
OULAD_TEST_1581,0.369
OULAD_TEST_1582,0.9362
OULAD_TEST_1583,1.0
OULAD_TEST_1584,0.5689
OULAD_TEST_1585,0.114
OULAD_TEST_1586,0.1983
OULAD_TEST_1587,0.5519
OULAD_TEST_1588,0.944
OULAD_TEST_1589,0.3563
OULAD_TEST_1590,0.2875
OULAD_TEST_1591,0.9926
OULAD_TEST_1592,0.3133
OULAD_TEST_1593,0.8408
OULAD_TEST_1594,0.3777
OULAD_TEST_1595,0.0928
OULAD_TEST_1596,0.8795
OULAD_TEST_1597,0.0912
OULAD_TEST_1598,0.5773
OULAD_TEST_1599,0.3913
OULAD_TEST_1600,1.0
OULAD_TEST_1601,0.5631
OULAD_TEST_1602,1.0
OULAD_TEST_1603,0.0326
OULAD_TEST_1604,1.0
OULAD_TEST_1605,0.5017
OULAD_TEST_1606,0.4357
OULAD_TEST_1607,0.6595
OULAD_TEST_1608,0.1272
OULAD_TEST_1609,0.5857
OULAD_TEST_1610,0.9615
OULAD_TEST_1611,0.4437
OULAD_TEST_1612,0.7854
OULAD_TEST_1613,0.3478
OULAD_TEST_1614,1.0
OULAD_TEST_1615,1.0
OULAD_TEST_1616,0.4617
OULAD_TEST_1617,0.3579
OULAD_TEST_1618,0.5988
OULAD_TEST_1619,0.4276
OULAD_TEST_1620,0.4204
OULAD_TEST_1621,0.3128
OULAD_TEST_1622,0.4458
OULAD_TEST_1623,0.1555
OULAD_TEST_1624,0.6228
OULAD_TEST_1625,0.0
OULAD_TEST_1626,0.2738
OULAD_TEST_1627,0.0062
OULAD_TEST_1628,0.3863
OULAD_TEST_1629,0.2072
OULAD_TEST_1630,1.0
OULAD_TEST_1631,0.6177
OULAD_TEST_1632,0.489
OULAD_TEST_1633,0.3981
OULAD_TEST_1634,0.0595
OULAD_TEST_1635,0.4689
OULAD_TEST_1636,0.2443
OULAD_TEST_1637,0.0197
OULAD_TEST_1638,1.0
OULAD_TEST_1639,0.6661
OULAD_TEST_1640,0.5809
OULAD_TEST_1641,0.2892
OULAD_TEST_1642,0.9616
OULAD_TEST_1643,0.1509
OULAD_TEST_1644,0.5108
OULAD_TEST_1645,0.0434
OULAD_TEST_1646,0.0
OULAD_TEST_1647,0.3024
OULAD_TEST_1648,0.7074
OULAD_TEST_1649,0.8115
OULAD_TEST_1650,0.725
OULAD_TEST_1651,0.0
OULAD_TEST_1652,0.9022
OULAD_TEST_1653,0.516
OULAD_TEST_1654,0.2609
OULAD_TEST_1655,0.9343
OULAD_TEST_1656,0.6815
OULAD_TEST_1657,0.7566
OULAD_TEST_1658,0.2927
OULAD_TEST_1659,0.1273
OULAD_TEST_1660,0.2194
OULAD_TEST_1661,0.5589
OULAD_TEST_1662,0.7883
OULAD_TEST_1663,0.0
OULAD_TEST_1664,0.2912
OULAD_TEST_1665,0.4878
OULAD_TEST_1666,1.0
OULAD_TEST_1667,0.676
OULAD_TEST_1668,0.125
OULAD_TEST_1669,0.6183
OULAD_TEST_1670,0.1738
OULAD_TEST_1671,0.3079
OULAD_TEST_1672,0.0447
OULAD_TEST_1673,0.1178
OULAD_TEST_1674,0.1662
OULAD_TEST_1675,0.506
OULAD_TEST_1676,0.0
OULAD_TEST_1677,0.4967
OULAD_TEST_1678,0.0321
OULAD_TEST_1679,0.4192
OULAD_TEST_1680,1.0
OULAD_TEST_1681,0.4067
OULAD_TEST_1682,0.6287
OULAD_TEST_1683,0.0
OULAD_TEST_1684,0.0
OULAD_TEST_1685,0.2845
OULAD_TEST_1686,0.8451
OULAD_TEST_1687,0.6463
OULAD_TEST_1688,0.6441
OULAD_TEST_1689,0.1343
OULAD_TEST_1690,0.6939
OULAD_TEST_1691,0.7518
OULAD_TEST_1692,0.288
OULAD_TEST_1693,1.0
OULAD_TEST_1694,0.4432
OULAD_TEST_1695,0.1686
OULAD_TEST_1696,0.2835
OULAD_TEST_1697,0.2826
OULAD_TEST_1698,0.0982
OULAD_TEST_1699,0.3195
OULAD_TEST_1700,0.8433
OULAD_TEST_1701,0.0262
OULAD_TEST_1702,0.2478
OULAD_TEST_1703,1.0
OULAD_TEST_1704,0.4327
OULAD_TEST_1705,0.7529
OULAD_TEST_1706,0.472
OULAD_TEST_1707,0.4206
OULAD_TEST_1708,0.0
OULAD_TEST_1709,0.9133
OULAD_TEST_1710,0.5691
OULAD_TEST_1711,0.0483
OULAD_TEST_1712,0.8873
OULAD_TEST_1713,0.4846
OULAD_TEST_1714,0.0162
OULAD_TEST_1715,0.763
OULAD_TEST_1716,0.0788
OULAD_TEST_1717,0.2824
OULAD_TEST_1718,0.0
OULAD_TEST_1719,0.3473
OULAD_TEST_1720,0.0
OULAD_TEST_1721,0.2775
OULAD_TEST_1722,0.1455
OULAD_TEST_1723,0.7664
OULAD_TEST_1724,0.2406
OULAD_TEST_1725,0.0771
OULAD_TEST_1726,0.0465
OULAD_TEST_1727,0.0503
OULAD_TEST_1728,1.0
OULAD_TEST_1729,1.0
OULAD_TEST_1730,0.2526
OULAD_TEST_1731,0.0
OULAD_TEST_1732,0.0222
OULAD_TEST_1733,0.468
OULAD_TEST_1734,0.0
OULAD_TEST_1735,0.7862
OULAD_TEST_1736,0.607
OULAD_TEST_1737,0.2754
OULAD_TEST_1738,0.2331
OULAD_TEST_1739,1.0
OULAD_TEST_1740,0.6123
OULAD_TEST_1741,0.0359
OULAD_TEST_1742,0.0
OULAD_TEST_1743,0.0
OULAD_TEST_1744,0.298
OULAD_TEST_1745,0.3273
OULAD_TEST_1746,0.3217
OULAD_TEST_1747,0.0
OULAD_TEST_1748,0.9262
OULAD_TEST_1749,0.0
OULAD_TEST_1750,0.1533
OULAD_TEST_1751,0.3702
OULAD_TEST_1752,0.6485
OULAD_TEST_1753,0.5822
OULAD_TEST_1754,0.2849
OULAD_TEST_1755,0.0
OULAD_TEST_1756,1.0
OULAD_TEST_1757,1.0
OULAD_TEST_1758,0.206
OULAD_TEST_1759,0.2319
OULAD_TEST_1760,0.3337
OULAD_TEST_1761,0.5819
OULAD_TEST_1762,0.2183
OULAD_TEST_1763,0.3453
OULAD_TEST_1764,0.0639
OULAD_TEST_1765,0.0
OULAD_TEST_1766,0.8089
OULAD_TEST_1767,0.3725
OULAD_TEST_1768,0.0
OULAD_TEST_1769,0.8897
OULAD_TEST_1770,1.0
OULAD_TEST_1771,0.5828
OULAD_TEST_1772,0.0
OULAD_TEST_1773,0.07
OULAD_TEST_1774,0.3431
OULAD_TEST_1775,1.0
OULAD_TEST_1776,0.4041
OULAD_TEST_1777,0.2136
OULAD_TEST_1778,0.3913
OULAD_TEST_1779,0.7445
OULAD_TEST_1780,0.0684
OULAD_TEST_1781,0.6482
OULAD_TEST_1782,0.4886
OULAD_TEST_1783,0.2128
OULAD_TEST_1784,0.1069
OULAD_TEST_1785,0.615
OULAD_TEST_1786,0.0
OULAD_TEST_1787,0.0989
OULAD_TEST_1788,0.3714
OULAD_TEST_1789,0.5224
OULAD_TEST_1790,0.3982
OULAD_TEST_1791,0.6372
OULAD_TEST_1792,0.3168
OULAD_TEST_1793,1.0
OULAD_TEST_1794,0.1314
OULAD_TEST_1795,0.985
OULAD_TEST_1796,0.1801
OULAD_TEST_1797,0.6095
OULAD_TEST_1798,0.4614
OULAD_TEST_1799,0.1024
OULAD_TEST_1800,0.8943
OULAD_TEST_1801,0.3867
OULAD_TEST_1802,0.0674
OULAD_TEST_1803,0.0151
OULAD_TEST_1804,0.4337
OULAD_TEST_1805,0.3695
OULAD_TEST_1806,0.4934
OULAD_TEST_1807,0.2111
OULAD_TEST_1808,0.5162
OULAD_TEST_1809,0.9431
OULAD_TEST_1810,0.1162
OULAD_TEST_1811,0.6456
OULAD_TEST_1812,0.8356
OULAD_TEST_1813,0.8657
OULAD_TEST_1814,0.5672
OULAD_TEST_1815,0.0
OULAD_TEST_1816,0.0262
OULAD_TEST_1817,0.9344
OULAD_TEST_1818,0.8416
OULAD_TEST_1819,0.5887
OULAD_TEST_1820,0.3712
OULAD_TEST_1821,0.1344
OULAD_TEST_1822,0.1558
OULAD_TEST_1823,0.9841
OULAD_TEST_1824,0.6962
OULAD_TEST_1825,0.231
OULAD_TEST_1826,0.343
OULAD_TEST_1827,0.4092
OULAD_TEST_1828,0.0
OULAD_TEST_1829,0.9465
OULAD_TEST_1830,0.3948
OULAD_TEST_1831,0.9594
OULAD_TEST_1832,0.1123
OULAD_TEST_1833,0.7003
OULAD_TEST_1834,0.3311
OULAD_TEST_1835,0.0021
OULAD_TEST_1836,0.4136
OULAD_TEST_1837,0.0325
OULAD_TEST_1838,0.0568
OULAD_TEST_1839,0.0543
OULAD_TEST_1840,0.0513
OULAD_TEST_1841,0.3804
OULAD_TEST_1842,0.1662
OULAD_TEST_1843,0.3107
OULAD_TEST_1844,1.0
OULAD_TEST_1845,0.3967
OULAD_TEST_1846,0.0
OULAD_TEST_1847,0.4434
OULAD_TEST_1848,0.3036
OULAD_TEST_1849,0.6532
OULAD_TEST_1850,0.223
OULAD_TEST_1851,0.7264
OULAD_TEST_1852,0.4878
OULAD_TEST_1853,0.3255
OULAD_TEST_1854,0.0112
OULAD_TEST_1855,0.0332
OULAD_TEST_1856,0.0159
OULAD_TEST_1857,0.9321
OULAD_TEST_1858,0.1989
OULAD_TEST_1859,0.0884
OULAD_TEST_1860,0.2816
OULAD_TEST_1861,0.4041
OULAD_TEST_1862,0.3465
OULAD_TEST_1863,0.023
OULAD_TEST_1864,0.8147
OULAD_TEST_1865,0.9489
OULAD_TEST_1866,0.0613
OULAD_TEST_1867,0.3362
OULAD_TEST_1868,0.0
OULAD_TEST_1869,0.8522
OULAD_TEST_1870,0.5274
OULAD_TEST_1871,0.4493
OULAD_TEST_1872,0.7574
OULAD_TEST_1873,0.5997
OULAD_TEST_1874,0.2963
OULAD_TEST_1875,0.3643
OULAD_TEST_1876,0.1306
OULAD_TEST_1877,0.972
OULAD_TEST_1878,0.2143
OULAD_TEST_1879,0.8226
OULAD_TEST_1880,0.1335
OULAD_TEST_1881,0.0
OULAD_TEST_1882,0.5985
OULAD_TEST_1883,0.0
OULAD_TEST_1884,0.4671
OULAD_TEST_1885,0.9911
OULAD_TEST_1886,0.6798
OULAD_TEST_1887,0.2797
OULAD_TEST_1888,0.1306
OULAD_TEST_1889,0.4349
OULAD_TEST_1890,0.5735
OULAD_TEST_1891,0.1024
OULAD_TEST_1892,0.4852
OULAD_TEST_1893,0.1618
OULAD_TEST_1894,0.075
OULAD_TEST_1895,0.4346
OULAD_TEST_1896,0.3802
OULAD_TEST_1897,0.3979
OULAD_TEST_1898,0.2634
OULAD_TEST_1899,0.5141
OULAD_TEST_1900,0.7396
OULAD_TEST_1901,0.7662
OULAD_TEST_1902,0.5242
OULAD_TEST_1903,0.1716
OULAD_TEST_1904,0.5215
OULAD_TEST_1905,0.2394
OULAD_TEST_1906,0.3784
OULAD_TEST_1907,0.3095
OULAD_TEST_1908,0.0002
OULAD_TEST_1909,0.4831
OULAD_TEST_1910,0.3327
OULAD_TEST_1911,0.7614
OULAD_TEST_1912,0.1294
OULAD_TEST_1913,0.4989
OULAD_TEST_1914,0.9017
OULAD_TEST_1915,1.0
OULAD_TEST_1916,0.3059
OULAD_TEST_1917,0.6057
OULAD_TEST_1918,0.5542
OULAD_TEST_1919,1.0
OULAD_TEST_1920,0.6809
OULAD_TEST_1921,0.432
OULAD_TEST_1922,0.9432
OULAD_TEST_1923,0.8728
OULAD_TEST_1924,0.4327
OULAD_TEST_1925,0.0
OULAD_TEST_1926,1.0
OULAD_TEST_1927,0.1637
OULAD_TEST_1928,0.1978
OULAD_TEST_1929,0.2615
OULAD_TEST_1930,0.2784
OULAD_TEST_1931,0.3243
OULAD_TEST_1932,0.7677
OULAD_TEST_1933,0.4264
OULAD_TEST_1934,0.731
OULAD_TEST_1935,0.2485
OULAD_TEST_1936,0.6251
OULAD_TEST_1937,0.3444
OULAD_TEST_1938,0.1155
OULAD_TEST_1939,1.0
OULAD_TEST_1940,0.2954
OULAD_TEST_1941,0.3462
OULAD_TEST_1942,0.6326
OULAD_TEST_1943,0.0
OULAD_TEST_1944,0.3675
OULAD_TEST_1945,0.1208
OULAD_TEST_1946,0.3923
OULAD_TEST_1947,0.1289
OULAD_TEST_1948,0.42
OULAD_TEST_1949,0.0958
OULAD_TEST_1950,0.1132
OULAD_TEST_1951,1.0
OULAD_TEST_1952,0.5729
OULAD_TEST_1953,0.7146
OULAD_TEST_1954,0.5684
OULAD_TEST_1955,0.7332
OULAD_TEST_1956,0.8241
OULAD_TEST_1957,0.5018
OULAD_TEST_1958,0.3313
OULAD_TEST_1959,0.577
OULAD_TEST_1960,0.9774
OULAD_TEST_1961,0.092
OULAD_TEST_1962,0.2565
OULAD_TEST_1963,0.0
OULAD_TEST_1964,0.2881
OULAD_TEST_1965,0.1631
OULAD_TEST_1966,0.8374
OULAD_TEST_1967,0.8539
OULAD_TEST_1968,0.2194
OULAD_TEST_1969,0.1005
OULAD_TEST_1970,0.3126
OULAD_TEST_1971,0.1832
OULAD_TEST_1972,0.8443
OULAD_TEST_1973,0.6948
OULAD_TEST_1974,0.0
OULAD_TEST_1975,0.3004
OULAD_TEST_1976,0.9747
OULAD_TEST_1977,0.7216
OULAD_TEST_1978,0.0348
OULAD_TEST_1979,0.2425
OULAD_TEST_1980,0.1348
OULAD_TEST_1981,0.9418
OULAD_TEST_1982,1.0
OULAD_TEST_1983,0.9319
OULAD_TEST_1984,1.0
OULAD_TEST_1985,0.5124
OULAD_TEST_1986,0.0
OULAD_TEST_1987,0.0
OULAD_TEST_1988,0.0744
OULAD_TEST_1989,0.2036
OULAD_TEST_1990,0.0
OULAD_TEST_1991,1.0
OULAD_TEST_1992,0.9146
OULAD_TEST_1993,0.0879
OULAD_TEST_1994,0.4418
OULAD_TEST_1995,0.8074
OULAD_TEST_1996,0.4033
OULAD_TEST_1997,0.3343
OULAD_TEST_1998,0.2023
OULAD_TEST_1999,0.2897
OULAD_TEST_2000,0.8715
OULAD_TEST_2001,0.2329
OULAD_TEST_2002,0.8366
OULAD_TEST_2003,0.1765
OULAD_TEST_2004,0.2652
OULAD_TEST_2005,0.9317
OULAD_TEST_2006,0.1464
OULAD_TEST_2007,1.0
OULAD_TEST_2008,0.0608
OULAD_TEST_2009,0.2803
OULAD_TEST_2010,0.0
OULAD_TEST_2011,0.0543
OULAD_TEST_2012,0.0767
OULAD_TEST_2013,0.0
OULAD_TEST_2014,0.2816
OULAD_TEST_2015,0.3649
OULAD_TEST_2016,0.3076
OULAD_TEST_2017,0.9586
OULAD_TEST_2018,0.0
OULAD_TEST_2019,0.5341
OULAD_TEST_2020,0.6284
OULAD_TEST_2021,0.3367
OULAD_TEST_2022,0.7809
OULAD_TEST_2023,0.7296
OULAD_TEST_2024,0.3741
OULAD_TEST_2025,0.9381
OULAD_TEST_2026,0.3158
OULAD_TEST_2027,1.0
OULAD_TEST_2028,0.9168
OULAD_TEST_2029,0.1001
OULAD_TEST_2030,0.6958
OULAD_TEST_2031,0.0
OULAD_TEST_2032,0.1269
OULAD_TEST_2033,0.0
OULAD_TEST_2034,0.4407
OULAD_TEST_2035,0.4024
OULAD_TEST_2036,0.1978
OULAD_TEST_2037,0.769
OULAD_TEST_2038,0.0
OULAD_TEST_2039,0.1182
OULAD_TEST_2040,0.4924
OULAD_TEST_2041,1.0
OULAD_TEST_2042,1.0
OULAD_TEST_2043,0.7068
OULAD_TEST_2044,0.0
OULAD_TEST_2045,0.2568
OULAD_TEST_2046,0.3732
OULAD_TEST_2047,0.4857
OULAD_TEST_2048,0.1593
OULAD_TEST_2049,1.0
OULAD_TEST_2050,0.4542
OULAD_TEST_2051,0.0945
OULAD_TEST_2052,0.0345
OULAD_TEST_2053,0.8625
OULAD_TEST_2054,0.0747
OULAD_TEST_2055,0.2307
OULAD_TEST_2056,0.7995
OULAD_TEST_2057,0.0
OULAD_TEST_2058,0.9771
OULAD_TEST_2059,0.9533
OULAD_TEST_2060,0.646
OULAD_TEST_2061,0.4507
OULAD_TEST_2062,0.0
OULAD_TEST_2063,0.1938
OULAD_TEST_2064,0.6362
OULAD_TEST_2065,0.1918
OULAD_TEST_2066,0.522
OULAD_TEST_2067,0.1975
OULAD_TEST_2068,0.0935
OULAD_TEST_2069,0.9178
OULAD_TEST_2070,0.294
OULAD_TEST_2071,0.0848
OULAD_TEST_2072,0.4276
OULAD_TEST_2073,0.7311
OULAD_TEST_2074,0.7672
OULAD_TEST_2075,0.0215
OULAD_TEST_2076,0.039
OULAD_TEST_2077,0.25
OULAD_TEST_2078,0.8748
OULAD_TEST_2079,0.0
OULAD_TEST_2080,0.0526
OULAD_TEST_2081,0.29
OULAD_TEST_2082,0.0
OULAD_TEST_2083,0.103
OULAD_TEST_2084,0.1583
OULAD_TEST_2085,1.0
OULAD_TEST_2086,0.4923
OULAD_TEST_2087,0.2942
OULAD_TEST_2088,0.8756
OULAD_TEST_2089,0.0821
OULAD_TEST_2090,0.017
OULAD_TEST_2091,0.4168
OULAD_TEST_2092,1.0
OULAD_TEST_2093,0.3861
OULAD_TEST_2094,0.2237
OULAD_TEST_2095,0.0
OULAD_TEST_2096,0.3498
OULAD_TEST_2097,0.7883
OULAD_TEST_2098,0.2758
OULAD_TEST_2099,0.246
OULAD_TEST_2100,0.0169
OULAD_TEST_2101,0.5175
OULAD_TEST_2102,0.5514
OULAD_TEST_2103,0.0
OULAD_TEST_2104,0.2171
OULAD_TEST_2105,0.1724
OULAD_TEST_2106,0.415
OULAD_TEST_2107,1.0
OULAD_TEST_2108,0.3395
OULAD_TEST_2109,0.0462
OULAD_TEST_2110,0.2085
OULAD_TEST_2111,0.0
OULAD_TEST_2112,0.1587
OULAD_TEST_2113,0.2544
OULAD_TEST_2114,0.9717
OULAD_TEST_2115,0.5364
OULAD_TEST_2116,0.5583
OULAD_TEST_2117,0.0
OULAD_TEST_2118,0.4371
OULAD_TEST_2119,0.2811
OULAD_TEST_2120,0.0769
OULAD_TEST_2121,0.6294
OULAD_TEST_2122,0.7794
OULAD_TEST_2123,0.0
OULAD_TEST_2124,0.5351
OULAD_TEST_2125,0.3119
OULAD_TEST_2126,0.0148
OULAD_TEST_2127,0.2089
OULAD_TEST_2128,0.9725
OULAD_TEST_2129,0.433
OULAD_TEST_2130,0.1151
OULAD_TEST_2131,0.0113
OULAD_TEST_2132,0.3426
OULAD_TEST_2133,0.2767
OULAD_TEST_2134,0.0474
OULAD_TEST_2135,0.3119
OULAD_TEST_2136,0.252
OULAD_TEST_2137,1.0
OULAD_TEST_2138,0.4302
OULAD_TEST_2139,0.0
OULAD_TEST_2140,0.5701
OULAD_TEST_2141,0.5952
OULAD_TEST_2142,0.3287
OULAD_TEST_2143,1.0
OULAD_TEST_2144,0.1066
OULAD_TEST_2145,0.1004
OULAD_TEST_2146,0.3103
OULAD_TEST_2147,0.2065
OULAD_TEST_2148,0.2038
OULAD_TEST_2149,0.8885
OULAD_TEST_2150,0.4797
OULAD_TEST_2151,0.9539
OULAD_TEST_2152,0.3402
OULAD_TEST_2153,0.0051
OULAD_TEST_2154,0.6443
OULAD_TEST_2155,0.1145
OULAD_TEST_2156,0.1643
OULAD_TEST_2157,0.2522
OULAD_TEST_2158,0.3174
OULAD_TEST_2159,0.2373
OULAD_TEST_2160,0.213
OULAD_TEST_2161,0.0523
OULAD_TEST_2162,0.5119
OULAD_TEST_2163,0.0306
OULAD_TEST_2164,0.2321
OULAD_TEST_2165,0.6263
OULAD_TEST_2166,0.3436
OULAD_TEST_2167,0.0
OULAD_TEST_2168,0.2408
OULAD_TEST_2169,0.4063
OULAD_TEST_2170,0.1913
OULAD_TEST_2171,0.1754
OULAD_TEST_2172,0.0003
OULAD_TEST_2173,0.8098
OULAD_TEST_2174,0.2903
OULAD_TEST_2175,0.0115
OULAD_TEST_2176,0.8266
OULAD_TEST_2177,0.7732
OULAD_TEST_2178,1.0
OULAD_TEST_2179,0.0157
OULAD_TEST_2180,0.0919
OULAD_TEST_2181,0.2154
OULAD_TEST_2182,0.1459
OULAD_TEST_2183,0.1451
OULAD_TEST_2184,0.7689
OULAD_TEST_2185,0.2589
OULAD_TEST_2186,0.0
OULAD_TEST_2187,0.9549
OULAD_TEST_2188,0.0944
OULAD_TEST_2189,0.7021
OULAD_TEST_2190,0.243
OULAD_TEST_2191,0.1804
OULAD_TEST_2192,0.6792
OULAD_TEST_2193,0.0
OULAD_TEST_2194,1.0
OULAD_TEST_2195,0.3202
OULAD_TEST_2196,0.0
OULAD_TEST_2197,0.1394
OULAD_TEST_2198,0.664
OULAD_TEST_2199,0.0512
OULAD_TEST_2200,0.2242
OULAD_TEST_2201,0.1164
OULAD_TEST_2202,0.2478
OULAD_TEST_2203,0.2745
OULAD_TEST_2204,0.5532
OULAD_TEST_2205,0.303
OULAD_TEST_2206,1.0
OULAD_TEST_2207,0.5149
OULAD_TEST_2208,0.2143
OULAD_TEST_2209,0.0
OULAD_TEST_2210,0.207
OULAD_TEST_2211,0.8164
OULAD_TEST_2212,0.0
OULAD_TEST_2213,0.2253
OULAD_TEST_2214,0.0779
OULAD_TEST_2215,0.1531
OULAD_TEST_2216,1.0
OULAD_TEST_2217,0.8211
OULAD_TEST_2218,0.3967
OULAD_TEST_2219,0.0
OULAD_TEST_2220,0.3795
OULAD_TEST_2221,0.4747
OULAD_TEST_2222,0.1593
OULAD_TEST_2223,0.8318
OULAD_TEST_2224,0.1259
OULAD_TEST_2225,0.2885
OULAD_TEST_2226,0.9176
OULAD_TEST_2227,0.2368
OULAD_TEST_2228,0.6671
OULAD_TEST_2229,1.0
OULAD_TEST_2230,0.2596
OULAD_TEST_2231,0.0
OULAD_TEST_2232,0.0277
OULAD_TEST_2233,0.0
OULAD_TEST_2234,0.6974
OULAD_TEST_2235,0.0
OULAD_TEST_2236,0.0
OULAD_TEST_2237,0.0264
OULAD_TEST_2238,0.6778
OULAD_TEST_2239,0.3499
OULAD_TEST_2240,0.6401
OULAD_TEST_2241,0.0011
OULAD_TEST_2242,0.577
OULAD_TEST_2243,1.0
OULAD_TEST_2244,0.0
OULAD_TEST_2245,0.1727
OULAD_TEST_2246,0.27
OULAD_TEST_2247,0.1202
OULAD_TEST_2248,1.0
OULAD_TEST_2249,0.2861
OULAD_TEST_2250,0.0
OULAD_TEST_2251,0.4114
OULAD_TEST_2252,0.8815
OULAD_TEST_2253,0.1138
OULAD_TEST_2254,0.3448
OULAD_TEST_2255,0.3024
OULAD_TEST_2256,0.3861
OULAD_TEST_2257,0.1793
OULAD_TEST_2258,0.5575
OULAD_TEST_2259,0.8027
OULAD_TEST_2260,0.6737
OULAD_TEST_2261,0.949
OULAD_TEST_2262,1.0
OULAD_TEST_2263,0.0
OULAD_TEST_2264,0.0631
OULAD_TEST_2265,0.0
OULAD_TEST_2266,0.4588
OULAD_TEST_2267,0.3932
OULAD_TEST_2268,0.1045
OULAD_TEST_2269,1.0
OULAD_TEST_2270,0.3504
OULAD_TEST_2271,0.7734
OULAD_TEST_2272,0.0
OULAD_TEST_2273,0.629
OULAD_TEST_2274,0.0
OULAD_TEST_2275,0.019
OULAD_TEST_2276,0.6548
OULAD_TEST_2277,0.3059
OULAD_TEST_2278,0.0
OULAD_TEST_2279,0.0
OULAD_TEST_2280,0.091
OULAD_TEST_2281,0.3884
OULAD_TEST_2282,0.0
OULAD_TEST_2283,0.2332
OULAD_TEST_2284,0.667
OULAD_TEST_2285,0.4011
OULAD_TEST_2286,0.9354
OULAD_TEST_2287,0.2984
OULAD_TEST_2288,0.1691
OULAD_TEST_2289,0.3822
OULAD_TEST_2290,0.0
OULAD_TEST_2291,0.2767
OULAD_TEST_2292,0.3254
OULAD_TEST_2293,1.0
OULAD_TEST_2294,0.6698
OULAD_TEST_2295,0.1262
OULAD_TEST_2296,0.3568
OULAD_TEST_2297,0.0
OULAD_TEST_2298,0.3582
OULAD_TEST_2299,0.1792
OULAD_TEST_2300,0.4302
OULAD_TEST_2301,0.0829
OULAD_TEST_2302,0.2677
OULAD_TEST_2303,0.7448
OULAD_TEST_2304,0.7288
OULAD_TEST_2305,0.5225
OULAD_TEST_2306,0.3456
OULAD_TEST_2307,0.6175
OULAD_TEST_2308,0.0
OULAD_TEST_2309,0.2536
OULAD_TEST_2310,0.9259
OULAD_TEST_2311,0.4246
OULAD_TEST_2312,0.3353
OULAD_TEST_2313,0.628
OULAD_TEST_2314,0.2477
OULAD_TEST_2315,0.8341
OULAD_TEST_2316,0.5585
OULAD_TEST_2317,0.3173
OULAD_TEST_2318,0.1489
OULAD_TEST_2319,0.0
OULAD_TEST_2320,0.7956
OULAD_TEST_2321,0.1212
OULAD_TEST_2322,0.3138
OULAD_TEST_2323,0.0
OULAD_TEST_2324,0.1237
OULAD_TEST_2325,0.1195
OULAD_TEST_2326,0.0423
OULAD_TEST_2327,1.0
OULAD_TEST_2328,0.1756
OULAD_TEST_2329,0.3992
OULAD_TEST_2330,0.595
OULAD_TEST_2331,0.9048
OULAD_TEST_2332,0.7943
OULAD_TEST_2333,0.1108
OULAD_TEST_2334,0.4195
OULAD_TEST_2335,1.0
OULAD_TEST_2336,0.4624
OULAD_TEST_2337,0.6516
OULAD_TEST_2338,0.2965
OULAD_TEST_2339,0.8695
OULAD_TEST_2340,0.1302
OULAD_TEST_2341,0.4506
OULAD_TEST_2342,0.2531
OULAD_TEST_2343,0.451
OULAD_TEST_2344,0.1558
OULAD_TEST_2345,0.3288
OULAD_TEST_2346,0.299
OULAD_TEST_2347,0.3337
OULAD_TEST_2348,0.649
OULAD_TEST_2349,0.9859
OULAD_TEST_2350,0.1546
OULAD_TEST_2351,0.5914
OULAD_TEST_2352,0.0
OULAD_TEST_2353,0.2812
OULAD_TEST_2354,1.0
OULAD_TEST_2355,0.381
OULAD_TEST_2356,1.0
OULAD_TEST_2357,0.0
OULAD_TEST_2358,0.2648
OULAD_TEST_2359,0.3276
OULAD_TEST_2360,0.9696
OULAD_TEST_2361,0.5084
OULAD_TEST_2362,0.3894
OULAD_TEST_2363,0.0
OULAD_TEST_2364,1.0
OULAD_TEST_2365,0.0179
OULAD_TEST_2366,0.4134
OULAD_TEST_2367,0.715
OULAD_TEST_2368,0.5495
OULAD_TEST_2369,0.3031
OULAD_TEST_2370,0.0
OULAD_TEST_2371,0.33
OULAD_TEST_2372,0.8229
OULAD_TEST_2373,0.8979
OULAD_TEST_2374,0.3166
OULAD_TEST_2375,0.273
OULAD_TEST_2376,0.4953
OULAD_TEST_2377,0.4968
OULAD_TEST_2378,0.588
OULAD_TEST_2379,0.3058
OULAD_TEST_2380,0.4355
OULAD_TEST_2381,0.3206
OULAD_TEST_2382,0.6743
OULAD_TEST_2383,0.0
OULAD_TEST_2384,0.9222
OULAD_TEST_2385,0.8879
OULAD_TEST_2386,0.4532
OULAD_TEST_2387,0.6117
OULAD_TEST_2388,0.8829
OULAD_TEST_2389,0.039
OULAD_TEST_2390,0.5128
OULAD_TEST_2391,0.6385
OULAD_TEST_2392,0.9295
OULAD_TEST_2393,0.0817
OULAD_TEST_2394,0.682
OULAD_TEST_2395,0.3297
OULAD_TEST_2396,0.2137
OULAD_TEST_2397,0.4826
OULAD_TEST_2398,0.1283
OULAD_TEST_2399,0.0902
OULAD_TEST_2400,0.1374
OULAD_TEST_2401,0.0079
OULAD_TEST_2402,0.8913
OULAD_TEST_2403,0.2457
OULAD_TEST_2404,0.242
OULAD_TEST_2405,0.1225
OULAD_TEST_2406,0.0
OULAD_TEST_2407,0.7375
OULAD_TEST_2408,0.8135
OULAD_TEST_2409,0.0556
OULAD_TEST_2410,0.8676
OULAD_TEST_2411,0.8199
OULAD_TEST_2412,0.6226
OULAD_TEST_2413,1.0
OULAD_TEST_2414,0.0
OULAD_TEST_2415,0.9132
OULAD_TEST_2416,0.1034
OULAD_TEST_2417,0.0409
OULAD_TEST_2418,0.5999
OULAD_TEST_2419,0.8548
OULAD_TEST_2420,0.0
OULAD_TEST_2421,0.3472
OULAD_TEST_2422,0.1522
OULAD_TEST_2423,0.078
OULAD_TEST_2424,1.0
OULAD_TEST_2425,0.3709
OULAD_TEST_2426,0.0
OULAD_TEST_2427,0.7755
OULAD_TEST_2428,0.9119
OULAD_TEST_2429,0.425
OULAD_TEST_2430,0.6629
OULAD_TEST_2431,0.7058
OULAD_TEST_2432,0.8404
OULAD_TEST_2433,0.1167
OULAD_TEST_2434,1.0
OULAD_TEST_2435,0.0
OULAD_TEST_2436,0.3926
OULAD_TEST_2437,0.5474
OULAD_TEST_2438,0.9335
OULAD_TEST_2439,0.4201
OULAD_TEST_2440,0.9624
OULAD_TEST_2441,0.1865
OULAD_TEST_2442,0.0816
OULAD_TEST_2443,0.4382
OULAD_TEST_2444,0.4371
OULAD_TEST_2445,0.3898
OULAD_TEST_2446,0.6283
OULAD_TEST_2447,0.0607
OULAD_TEST_2448,0.5603
OULAD_TEST_2449,0.3287
OULAD_TEST_2450,0.0
OULAD_TEST_2451,0.4159
OULAD_TEST_2452,0.0524
OULAD_TEST_2453,0.0446
OULAD_TEST_2454,0.1007
OULAD_TEST_2455,0.595
OULAD_TEST_2456,0.0
OULAD_TEST_2457,1.0
OULAD_TEST_2458,0.7136
OULAD_TEST_2459,0.1384
OULAD_TEST_2460,0.362
OULAD_TEST_2461,0.0771
OULAD_TEST_2462,0.2003
OULAD_TEST_2463,0.6555
OULAD_TEST_2464,0.2758
OULAD_TEST_2465,0.9855
OULAD_TEST_2466,0.9688
OULAD_TEST_2467,0.0407
OULAD_TEST_2468,0.8208
OULAD_TEST_2469,0.1977
OULAD_TEST_2470,0.1334
OULAD_TEST_2471,0.0
OULAD_TEST_2472,0.1917
OULAD_TEST_2473,0.6923
OULAD_TEST_2474,0.1776
OULAD_TEST_2475,0.0677
OULAD_TEST_2476,0.2245
OULAD_TEST_2477,0.2292
OULAD_TEST_2478,0.0187
OULAD_TEST_2479,0.533
OULAD_TEST_2480,0.0
OULAD_TEST_2481,0.6529
OULAD_TEST_2482,0.07
OULAD_TEST_2483,0.1737
OULAD_TEST_2484,0.256
OULAD_TEST_2485,0.1115
OULAD_TEST_2486,0.1613
OULAD_TEST_2487,0.3928
OULAD_TEST_2488,0.2527
OULAD_TEST_2489,0.4049
OULAD_TEST_2490,0.2058
OULAD_TEST_2491,0.3029
OULAD_TEST_2492,0.2989
OULAD_TEST_2493,0.2402
OULAD_TEST_2494,0.0893
OULAD_TEST_2495,0.3981
OULAD_TEST_2496,0.0291
OULAD_TEST_2497,0.4444
OULAD_TEST_2498,0.6577
OULAD_TEST_2499,0.0
OULAD_TEST_2500,0.063
OULAD_TEST_2501,0.8789
OULAD_TEST_2502,0.4563
OULAD_TEST_2503,0.1544
OULAD_TEST_2504,0.0
OULAD_TEST_2505,0.3752
OULAD_TEST_2506,0.764
OULAD_TEST_2507,0.446
OULAD_TEST_2508,1.0
OULAD_TEST_2509,0.422
OULAD_TEST_2510,0.0
OULAD_TEST_2511,0.7619
OULAD_TEST_2512,0.0
OULAD_TEST_2513,0.3932
OULAD_TEST_2514,0.423
OULAD_TEST_2515,0.3527
OULAD_TEST_2516,0.9531
OULAD_TEST_2517,0.0
OULAD_TEST_2518,0.2751
OULAD_TEST_2519,0.8134
OULAD_TEST_2520,0.6798
OULAD_TEST_2521,1.0
OULAD_TEST_2522,0.2939
OULAD_TEST_2523,0.4027
OULAD_TEST_2524,0.4073
OULAD_TEST_2525,0.9198
OULAD_TEST_2526,1.0
OULAD_TEST_2527,0.7174
OULAD_TEST_2528,0.0985
OULAD_TEST_2529,0.0288
OULAD_TEST_2530,0.2752
OULAD_TEST_2531,0.0
OULAD_TEST_2532,0.3721
OULAD_TEST_2533,0.098
OULAD_TEST_2534,0.7012
OULAD_TEST_2535,0.7025
OULAD_TEST_2536,1.0
OULAD_TEST_2537,0.0
OULAD_TEST_2538,0.2548
OULAD_TEST_2539,0.7274
OULAD_TEST_2540,0.0214
OULAD_TEST_2541,0.2404
OULAD_TEST_2542,0.242
