student_id,as_of_week,week4_risk,week8_risk,week12_risk,week17_risk,risk_change,recent_risk_change,behavior_risk,compliance_mean,anomaly_mean,high_anomaly_weeks,compliance_trend,emotional_stress,evidence_coverage,programme,intervention_success
CANONICAL_000001,17,0.35,0.37,0.41,0.47,0.12,0.06,0.0875,0.8,0.2775,0.0,0.22,4.0,1.0,Computing,0
CANONICAL_000002,17,0.25,0.33,0.49,0.48,0.23,-0.01,0.7275,0.2075,0.635,0.0,-0.38,0.0,1.0,Computing,0
CANONICAL_000003,17,0.42,0.5,0.4,0.35,-0.07,-0.05,0.3575,0.6275,0.3375,0.0,-0.14,0.0,1.0,Computing,0
CANONICAL_000004,17,0.16,0.12,0.04,0.16,0.0,0.12,0.0925,0.815,0.205,0.0,0.0,2.0,1.0,Computing,0
CANONICAL_000005,17,0.55,0.43,0.6,0.65,0.1,0.05,0.915,0.145,0.86,4.0,0.16,3.0,1.0,Computing,0
CANONICAL_000006,17,0.11,0.18,0.14,0.04,-0.07,-0.1,0.0475,0.955,0.1375,0.0,0.1,1.0,1.0,Computing,1
CANONICAL_000007,17,0.51,0.54,0.51,0.59,0.08,0.08,0.7,0.36,0.6175,1.0,0.06,2.0,1.0,Computing,0
CANONICAL_000008,17,0.18,0.28,0.23,0.29,0.11,0.06,0.0675,0.9375,0.1475,0.0,0.13,3.0,1.0,Computing,0
CANONICAL_000009,17,0.2,0.16,0.27,0.27,0.07,0.0,0.0725,0.9175,0.17,0.0,-0.06,2.0,1.0,Computing,0
CANONICAL_000010,17,0.38,0.46,0.38,0.53,0.15,0.15,0.66,0.4025,0.615,0.0,0.18,0.0,1.0,Computing,0
CANONICAL_000011,17,0.54,0.65,0.67,0.64,0.1,-0.03,0.6,0.355,0.5675,0.0,0.32,3.0,1.0,Computing,1
CANONICAL_000012,17,0.08,0.1,0.1,0.1,0.02,0.0,0.06,0.9475,0.2375,0.0,-0.21,2.0,1.0,Computing,0
CANONICAL_000013,17,0.36,0.41,0.51,0.6,0.24,0.09,0.4675,0.53,0.465,0.0,0.0,2.0,1.0,Computing,0
CANONICAL_000014,17,0.27,0.32,0.3,0.32,0.05,0.02,0.5825,0.54,0.57,0.0,-0.05,2.0,1.0,Computing,0
CANONICAL_000015,17,0.13,0.09,0.14,0.05,-0.08,-0.09,0.13,0.8175,0.2925,0.0,-0.07,4.0,1.0,Computing,0
CANONICAL_000016,17,0.35,0.42,0.34,0.38,0.03,0.04,0.3075,0.6575,0.355,0.0,-0.22,1.0,1.0,Computing,0
CANONICAL_000017,17,0.13,0.28,0.48,0.47,0.34,-0.01,0.5325,0.4725,0.5525,0.0,-0.09,0.0,1.0,Computing,0
CANONICAL_000018,17,0.33,0.35,0.35,0.44,0.11,0.09,0.0825,0.8275,0.1325,0.0,-0.39,1.0,1.0,Computing,0
CANONICAL_000019,17,0.17,0.07,0.09,0.12,-0.05,0.03,0.2075,0.805,0.3025,0.0,-0.25,0.0,1.0,Computing,0
CANONICAL_000020,17,0.21,0.17,0.33,0.35,0.14,0.02,0.3275,0.635,0.3525,0.0,0.03,0.0,1.0,Computing,0
CANONICAL_000021,17,0.26,0.14,0.11,0.05,-0.21,-0.06,0.05,0.9225,0.15,0.0,0.01,1.0,1.0,Computing,1
CANONICAL_000022,17,0.39,0.51,0.67,0.67,0.28,0.0,0.7625,0.1925,0.715,1.0,0.0,0.0,1.0,Computing,0
CANONICAL_000023,17,0.15,0.23,0.22,0.32,0.17,0.1,0.465,0.505,0.5775,0.0,0.04,2.0,1.0,Computing,0
CANONICAL_000024,17,0.31,0.29,0.36,0.32,0.01,-0.04,0.185,0.7425,0.2525,0.0,0.23,3.0,1.0,Computing,0
CANONICAL_000025,17,0.2,0.11,0.08,0.1,-0.1,0.02,0.0625,0.9725,0.1425,0.0,0.09,1.0,1.0,Computing,1
CANONICAL_000026,17,0.18,0.14,0.05,0.0,-0.18,-0.05,0.03,0.915,0.1,0.0,-0.02,3.0,1.0,Computing,0
CANONICAL_000027,17,0.37,0.34,0.39,0.32,-0.05,-0.07,0.215,0.8275,0.28,0.0,0.47,0.0,1.0,Computing,1
CANONICAL_000028,17,0.2,0.23,0.3,0.32,0.12,0.02,0.2425,0.7575,0.3025,0.0,-0.02,3.0,1.0,Computing,0
CANONICAL_000029,17,0.19,0.21,0.13,0.16,-0.03,0.03,0.0225,0.94,0.2025,0.0,0.17,3.0,1.0,Computing,1
CANONICAL_000030,17,0.28,0.41,0.41,0.59,0.31,0.18,0.66,0.305,0.61,0.0,0.12,0.0,1.0,Computing,0
CANONICAL_000031,17,0.1,0.06,0.18,0.16,0.06,-0.02,0.1,0.88,0.205,0.0,-0.01,0.0,1.0,Computing,0
CANONICAL_000032,17,0.21,0.11,0.18,0.19,-0.02,0.01,0.3475,0.675,0.295,0.0,0.08,0.0,1.0,Computing,0
CANONICAL_000033,17,0.31,0.24,0.23,0.15,-0.16,-0.08,0.3775,0.56,0.3975,0.0,-0.04,3.0,1.0,Computing,0
CANONICAL_000034,17,0.04,0.06,0.03,0.1,0.06,0.07,0.1825,0.8125,0.2875,0.0,-0.12,3.0,1.0,Computing,0
CANONICAL_000035,17,0.12,0.09,0.26,0.31,0.19,0.05,0.2625,0.725,0.315,0.0,-0.02,0.0,1.0,Computing,0
CANONICAL_000036,17,0.21,0.21,0.11,0.25,0.04,0.14,0.505,0.6425,0.5975,0.0,0.52,1.0,1.0,Computing,0
CANONICAL_000037,17,0.36,0.34,0.36,0.47,0.11,0.11,0.2425,0.6975,0.34,0.0,-0.09,0.0,1.0,Computing,0
CANONICAL_000038,17,0.65,0.75,0.65,0.7,0.05,0.05,0.615,0.325,0.605,0.0,0.05,1.0,1.0,Computing,1
CANONICAL_000039,17,0.16,0.14,0.26,0.24,0.08,-0.02,0.0275,0.9825,0.1725,0.0,0.0,4.0,1.0,Computing,0
CANONICAL_000040,17,0.07,0.06,0.08,0.12,0.05,0.04,0.3025,0.7425,0.325,0.0,0.33,0.0,1.0,Computing,0
CANONICAL_000041,17,0.08,0.15,0.19,0.2,0.12,0.01,0.1025,0.9375,0.21,0.0,0.25,4.0,1.0,Computing,0
CANONICAL_000042,17,0.17,0.15,0.39,0.49,0.32,0.1,0.3625,0.6625,0.41,0.0,0.24,3.0,1.0,Computing,0
CANONICAL_000043,17,0.54,0.6,0.57,0.66,0.12,0.09,0.2725,0.76,0.3275,0.0,-0.05,4.0,1.0,Computing,0
CANONICAL_000044,17,0.06,0.11,0.27,0.26,0.2,-0.01,0.355,0.595,0.4075,0.0,-0.13,0.0,1.0,Computing,0
CANONICAL_000045,17,0.24,0.27,0.26,0.16,-0.08,-0.1,0.32,0.5875,0.38,0.0,0.13,0.0,1.0,Computing,1
CANONICAL_000046,17,0.31,0.24,0.24,0.37,0.06,0.13,0.2675,0.6575,0.2775,0.0,-0.08,0.0,1.0,Computing,0
CANONICAL_000047,17,0.15,0.27,0.5,0.57,0.42,0.07,0.615,0.3675,0.6,0.0,-0.45,2.0,1.0,Computing,0
CANONICAL_000048,17,0.39,0.58,0.59,0.59,0.2,0.0,0.58,0.4225,0.5,0.0,-0.07,2.0,1.0,Computing,0
CANONICAL_000049,17,0.48,0.51,0.42,0.48,0.0,0.06,0.53,0.5125,0.5275,0.0,-0.1,0.0,1.0,Computing,0
CANONICAL_000050,17,0.1,0.03,0.07,0.1,0.0,0.03,0.0475,0.9675,0.2825,0.0,0.0,2.0,1.0,Computing,0
CANONICAL_000051,17,0.37,0.39,0.39,0.52,0.15,0.13,0.2725,0.745,0.38,0.0,-0.06,0.0,1.0,Computing,0
CANONICAL_000052,17,0.3,0.4,0.45,0.31,0.01,-0.14,0.49,0.4625,0.5225,0.0,0.18,0.0,1.0,Computing,1
CANONICAL_000053,17,0.22,0.19,0.2,0.19,-0.03,-0.01,0.235,0.8125,0.3325,0.0,0.11,1.0,1.0,Computing,0
CANONICAL_000054,17,0.16,0.17,0.37,0.52,0.36,0.15,0.32,0.7,0.3625,0.0,-0.03,0.0,1.0,Computing,0
CANONICAL_000055,17,0.46,0.51,0.57,0.64,0.18,0.07,0.6725,0.3675,0.6375,0.0,-0.19,0.0,1.0,Computing,0
CANONICAL_000056,17,0.1,0.21,0.15,0.31,0.21,0.16,0.5,0.5575,0.4875,0.0,-0.11,1.0,1.0,Computing,0
CANONICAL_000057,17,0.18,0.26,0.29,0.21,0.03,-0.08,0.22,0.84,0.25,0.0,-0.38,3.0,1.0,Computing,0
CANONICAL_000058,17,0.34,0.43,0.38,0.49,0.15,0.11,0.71,0.2225,0.685,1.0,0.04,2.0,1.0,Computing,0
CANONICAL_000059,17,0.27,0.26,0.26,0.36,0.09,0.1,0.1875,0.78,0.235,0.0,-0.03,1.0,1.0,Computing,0
CANONICAL_000060,17,0.44,0.5,0.44,0.33,-0.11,-0.11,0.1875,0.81,0.24,0.0,-0.12,2.0,1.0,Computing,0
CANONICAL_000061,17,0.13,0.09,0.28,0.28,0.15,0.0,0.295,0.7925,0.42,0.0,-0.07,1.0,1.0,Computing,0
CANONICAL_000062,17,0.4,0.49,0.45,0.46,0.06,0.01,0.435,0.54,0.4425,0.0,-0.3,0.0,1.0,Computing,0
CANONICAL_000063,17,0.32,0.43,0.51,0.4,0.08,-0.11,0.165,0.8525,0.2525,0.0,0.5,2.0,1.0,Computing,1
CANONICAL_000064,17,0.29,0.36,0.35,0.35,0.06,0.0,0.21,0.8525,0.3575,0.0,-0.08,2.0,1.0,Computing,0
CANONICAL_000065,17,0.11,0.1,0.03,0.12,0.01,0.09,0.065,0.9375,0.2325,0.0,0.11,2.0,1.0,Computing,0
CANONICAL_000066,17,0.34,0.35,0.38,0.37,0.03,-0.01,0.45,0.5425,0.4175,0.0,0.11,2.0,1.0,Computing,0
CANONICAL_000067,17,0.17,0.33,0.39,0.43,0.26,0.04,0.565,0.385,0.5275,0.0,0.09,2.0,1.0,Computing,0
CANONICAL_000068,17,0.8,0.79,0.86,0.9,0.1,0.04,0.7175,0.265,0.65,1.0,-0.05,1.0,1.0,Computing,0
CANONICAL_000069,17,0.13,0.24,0.05,0.07,-0.06,0.02,0.16,0.7975,0.245,0.0,0.04,3.0,1.0,Computing,1
CANONICAL_000070,17,0.13,0.17,0.09,0.06,-0.07,-0.03,0.06,0.975,0.215,0.0,0.0,0.0,1.0,Computing,0
CANONICAL_000071,17,0.34,0.33,0.43,0.5,0.16,0.07,0.4225,0.555,0.3825,0.0,-0.07,3.0,1.0,Computing,0
CANONICAL_000072,17,0.03,0.0,0.0,0.0,-0.03,0.0,0.03,0.9025,0.25,0.0,0.05,0.0,1.0,Computing,0
CANONICAL_000073,17,0.16,0.2,0.23,0.25,0.09,0.02,0.425,0.5775,0.4275,0.0,0.17,0.0,1.0,Computing,0
CANONICAL_000074,17,0.26,0.29,0.21,0.34,0.08,0.13,0.275,0.7225,0.32,0.0,0.31,2.0,1.0,Computing,0
CANONICAL_000075,17,0.25,0.41,0.49,0.48,0.23,-0.01,0.5075,0.4525,0.4975,0.0,-0.15,1.0,1.0,Computing,0
CANONICAL_000076,17,0.07,0.02,0.11,0.08,0.01,-0.03,0.0775,0.9525,0.2225,0.0,0.0,3.0,1.0,Computing,0
CANONICAL_000077,17,0.46,0.66,0.74,0.82,0.36,0.08,0.7625,0.1775,0.65,1.0,0.28,1.0,1.0,Computing,0
CANONICAL_000078,17,0.54,0.59,0.69,0.73,0.19,0.04,0.7225,0.3475,0.6575,1.0,-0.19,2.0,1.0,Computing,0
CANONICAL_000079,17,0.26,0.31,0.46,0.54,0.28,0.08,0.905,0.0875,0.76,2.0,0.17,0.0,1.0,Computing,0
CANONICAL_000080,17,0.07,0.04,0.0,0.02,-0.05,0.02,0.0425,0.9075,0.095,0.0,-0.1,0.0,1.0,Computing,0
CANONICAL_000081,17,0.05,0.09,0.05,0.0,-0.05,-0.05,0.2225,0.715,0.2475,0.0,0.18,1.0,1.0,Computing,1
CANONICAL_000082,17,0.13,0.18,0.28,0.39,0.26,0.11,0.17,0.865,0.2225,0.0,0.08,2.0,1.0,Computing,0
CANONICAL_000083,17,0.33,0.42,0.53,0.72,0.39,0.19,0.6,0.3375,0.6175,1.0,0.29,2.0,1.0,Computing,0
CANONICAL_000084,17,0.12,0.06,0.03,0.15,0.03,0.12,0.13,0.8425,0.2175,0.0,-0.23,1.0,1.0,Computing,0
CANONICAL_000085,17,0.11,0.24,0.2,0.0,-0.11,-0.2,0.1125,0.86,0.2475,0.0,0.08,4.0,1.0,Computing,1
CANONICAL_000086,17,0.32,0.37,0.34,0.4,0.08,0.06,0.51,0.42,0.4825,0.0,-0.29,2.0,1.0,Computing,0
CANONICAL_000087,17,0.22,0.29,0.18,0.16,-0.06,-0.02,0.1525,0.7725,0.2475,0.0,-0.47,4.0,1.0,Computing,0
CANONICAL_000088,17,0.3,0.31,0.23,0.16,-0.14,-0.07,0.2475,0.745,0.2775,0.0,0.21,0.0,1.0,Computing,1
CANONICAL_000089,17,0.4,0.35,0.27,0.3,-0.1,0.03,0.2875,0.6975,0.2925,0.0,0.13,0.0,1.0,Computing,1
CANONICAL_000090,17,0.18,0.21,0.21,0.21,0.03,0.0,0.22,0.75,0.315,0.0,-0.18,0.0,1.0,Computing,0
CANONICAL_000091,17,0.23,0.27,0.31,0.37,0.14,0.06,0.54,0.4175,0.5475,0.0,-0.24,0.0,1.0,Computing,0
CANONICAL_000092,17,0.18,0.08,0.14,0.16,-0.02,0.02,0.12,0.93,0.2725,0.0,0.07,1.0,1.0,Computing,0
CANONICAL_000093,17,0.27,0.35,0.33,0.26,-0.01,-0.07,0.1275,0.78,0.1675,0.0,0.07,1.0,1.0,Computing,1
CANONICAL_000094,17,0.24,0.34,0.32,0.29,0.05,-0.03,0.2575,0.805,0.395,0.0,-0.08,1.0,1.0,Computing,0
CANONICAL_000095,17,0.33,0.29,0.32,0.28,-0.05,-0.04,0.3,0.69,0.4275,0.0,-0.1,2.0,1.0,Computing,0
CANONICAL_000096,17,0.44,0.38,0.28,0.16,-0.28,-0.12,0.2775,0.725,0.435,0.0,-0.09,4.0,1.0,Computing,0
CANONICAL_000097,17,0.39,0.38,0.48,0.39,0.0,-0.09,0.5225,0.5175,0.525,0.0,0.25,3.0,1.0,Computing,0
CANONICAL_000098,17,0.1,0.12,0.24,0.24,0.14,0.0,0.4,0.545,0.515,0.0,-0.03,0.0,1.0,Computing,0
CANONICAL_000099,17,0.21,0.21,0.18,0.31,0.1,0.13,0.3075,0.5875,0.3675,0.0,-0.33,0.0,1.0,Computing,0
CANONICAL_000100,17,0.17,0.18,0.17,0.15,-0.02,-0.02,0.3075,0.72,0.365,0.0,0.09,0.0,1.0,Computing,1
CANONICAL_000101,17,0.23,0.26,0.38,0.34,0.11,-0.04,0.4575,0.6,0.495,0.0,-0.08,0.0,1.0,Computing,0
CANONICAL_000102,17,0.48,0.39,0.4,0.32,-0.16,-0.08,0.0775,0.885,0.1675,0.0,-0.1,1.0,1.0,Computing,0
CANONICAL_000103,17,0.12,0.04,0.1,0.13,0.01,0.03,0.1275,0.815,0.2325,0.0,-0.15,1.0,1.0,Computing,0
CANONICAL_000104,17,0.17,0.0,0.01,0.13,-0.04,0.12,0.1,0.9275,0.265,0.0,-0.01,0.0,1.0,Computing,0
CANONICAL_000105,17,0.24,0.34,0.48,0.66,0.42,0.18,0.565,0.4475,0.5525,0.0,-0.01,2.0,1.0,Computing,0
CANONICAL_000106,17,0.2,0.22,0.28,0.32,0.12,0.04,0.095,0.8925,0.13,0.0,-0.12,2.0,1.0,Computing,0
CANONICAL_000107,17,0.15,0.26,0.32,0.35,0.2,0.03,0.1775,0.8675,0.34,0.0,-0.11,0.0,1.0,Computing,0
CANONICAL_000108,17,0.3,0.23,0.3,0.27,-0.03,-0.03,0.225,0.7125,0.3475,0.0,-0.15,1.0,1.0,Computing,0
CANONICAL_000109,17,0.26,0.28,0.26,0.25,-0.01,-0.01,0.43,0.5425,0.4325,0.0,0.38,3.0,1.0,Computing,1
CANONICAL_000110,17,0.18,0.22,0.2,0.27,0.09,0.07,0.2725,0.6225,0.34,0.0,0.11,1.0,1.0,Computing,0
CANONICAL_000111,17,0.07,0.05,0.13,0.12,0.05,-0.01,0.035,0.9825,0.245,0.0,0.0,0.0,1.0,Computing,0
CANONICAL_000112,17,0.37,0.26,0.29,0.3,-0.07,0.01,0.235,0.7625,0.32,0.0,-0.09,0.0,1.0,Computing,0
CANONICAL_000113,17,0.17,0.32,0.25,0.27,0.1,0.02,0.45,0.51,0.4425,0.0,-0.36,0.0,1.0,Computing,0
CANONICAL_000114,17,0.65,0.78,0.95,0.92,0.27,-0.03,0.795,0.23,0.6775,0.0,0.17,0.0,1.0,Computing,0
CANONICAL_000115,17,0.5,0.49,0.59,0.6,0.1,0.01,0.605,0.3575,0.585,0.0,0.28,3.0,1.0,Computing,0
CANONICAL_000116,17,0.41,0.47,0.49,0.35,-0.06,-0.14,0.4725,0.5675,0.435,0.0,0.2,0.0,1.0,Computing,1
CANONICAL_000117,17,0.38,0.36,0.36,0.42,0.04,0.06,0.5325,0.37,0.445,0.0,0.26,0.0,1.0,Computing,0
CANONICAL_000118,17,0.48,0.42,0.46,0.67,0.19,0.21,0.9,0.1475,0.8275,3.0,-0.22,0.0,1.0,Computing,0
CANONICAL_000119,17,0.45,0.62,0.68,0.65,0.2,-0.03,0.62,0.34,0.545,0.0,-0.08,2.0,1.0,Computing,0
CANONICAL_000120,17,0.31,0.2,0.06,0.11,-0.2,0.05,0.195,0.805,0.305,0.0,-0.3,0.0,1.0,Computing,0
CANONICAL_000121,17,0.35,0.34,0.53,0.62,0.27,0.09,0.6925,0.32,0.6775,1.0,0.23,0.0,1.0,Computing,0
CANONICAL_000122,17,0.54,0.57,0.52,0.64,0.1,0.12,0.725,0.25,0.61,1.0,-0.06,1.0,1.0,Computing,0
CANONICAL_000123,17,0.31,0.46,0.48,0.48,0.17,0.0,0.8775,0.055,0.785,2.0,-0.05,1.0,1.0,Computing,0
CANONICAL_000124,17,0.15,0.24,0.26,0.14,-0.01,-0.12,0.125,0.8725,0.29,0.0,-0.26,0.0,1.0,Computing,0
CANONICAL_000125,17,0.45,0.34,0.52,0.56,0.11,0.04,0.575,0.335,0.5725,0.0,-0.06,0.0,1.0,Computing,0
CANONICAL_000126,17,0.36,0.38,0.39,0.42,0.06,0.03,0.4175,0.535,0.435,0.0,0.05,2.0,1.0,Computing,0
CANONICAL_000127,17,0.06,0.08,0.23,0.22,0.16,-0.01,0.0925,0.8775,0.2225,0.0,0.06,4.0,1.0,Computing,0
CANONICAL_000128,17,0.23,0.23,0.29,0.3,0.07,0.01,0.1325,0.9175,0.2775,0.0,-0.07,0.0,1.0,Computing,0
CANONICAL_000129,17,0.19,0.26,0.2,0.24,0.05,0.04,0.0925,0.945,0.3,0.0,0.16,0.0,1.0,Computing,1
CANONICAL_000130,17,0.52,0.43,0.46,0.51,-0.01,0.05,0.325,0.72,0.4275,0.0,-0.1,0.0,1.0,Computing,0
CANONICAL_000131,17,0.22,0.21,0.22,0.26,0.04,0.04,0.4075,0.58,0.4725,0.0,-0.08,2.0,1.0,Computing,0
CANONICAL_000132,17,0.14,0.2,0.13,0.13,-0.01,0.0,0.095,0.915,0.19,0.0,-0.1,1.0,1.0,Computing,0
CANONICAL_000133,17,0.47,0.55,0.59,0.65,0.18,0.06,0.585,0.525,0.635,0.0,0.1,2.0,1.0,Computing,0
CANONICAL_000134,17,0.16,0.19,0.21,0.21,0.05,0.0,0.0625,0.85,0.2375,0.0,0.18,2.0,1.0,Computing,0
CANONICAL_000135,17,0.06,0.06,0.12,0.19,0.13,0.07,0.1525,0.8075,0.2725,0.0,-0.21,3.0,1.0,Computing,0
CANONICAL_000136,17,0.34,0.35,0.39,0.36,0.02,-0.03,0.535,0.425,0.515,0.0,-0.48,3.0,1.0,Computing,0
CANONICAL_000137,17,0.31,0.39,0.35,0.38,0.07,0.03,0.4075,0.63,0.36,0.0,-0.14,2.0,1.0,Computing,0
CANONICAL_000138,17,0.28,0.3,0.38,0.27,-0.01,-0.11,0.395,0.49,0.405,0.0,0.02,1.0,1.0,Computing,1
CANONICAL_000139,17,0.33,0.27,0.24,0.23,-0.1,-0.01,0.58,0.4025,0.65,1.0,0.22,0.0,1.0,Computing,1
CANONICAL_000140,17,0.41,0.33,0.1,0.17,-0.24,0.07,0.235,0.7275,0.3075,0.0,0.04,1.0,1.0,Computing,1
CANONICAL_000141,17,0.32,0.22,0.25,0.19,-0.13,-0.06,0.2925,0.7,0.3,0.0,-0.13,1.0,1.0,Computing,0
CANONICAL_000142,17,0.18,0.32,0.29,0.29,0.11,0.0,0.415,0.6475,0.4575,0.0,0.01,2.0,1.0,Computing,1
CANONICAL_000143,17,0.11,0.19,0.25,0.07,-0.04,-0.18,0.0525,0.9825,0.125,0.0,0.02,0.0,1.0,Computing,1
CANONICAL_000144,17,0.06,0.07,0.25,0.16,0.1,-0.09,0.24,0.7475,0.3475,0.0,-0.11,2.0,1.0,Computing,0
CANONICAL_000145,17,0.39,0.37,0.56,0.49,0.1,-0.07,0.435,0.54,0.4475,0.0,-0.02,1.0,1.0,Computing,0
CANONICAL_000146,17,0.22,0.19,0.2,0.23,0.01,0.03,0.31,0.7075,0.36,0.0,-0.29,2.0,1.0,Computing,0
CANONICAL_000147,17,0.17,0.28,0.23,0.28,0.11,0.05,0.32,0.735,0.37,0.0,0.09,0.0,1.0,Computing,0
CANONICAL_000148,17,0.07,0.24,0.31,0.32,0.25,0.01,0.33,0.635,0.415,0.0,0.38,1.0,1.0,Computing,0
CANONICAL_000149,17,0.21,0.18,0.17,0.16,-0.05,-0.01,0.21,0.73,0.2775,0.0,-0.18,0.0,1.0,Computing,0
CANONICAL_000150,17,0.36,0.47,0.52,0.51,0.15,-0.01,0.3825,0.68,0.385,0.0,-0.27,3.0,1.0,Computing,0
CANONICAL_000151,17,0.32,0.34,0.31,0.38,0.06,0.07,0.195,0.825,0.2775,0.0,0.08,1.0,1.0,Computing,0
CANONICAL_000152,17,0.14,0.14,0.18,0.22,0.08,0.04,0.3025,0.67,0.41,0.0,0.0,0.0,1.0,Computing,0
CANONICAL_000153,17,0.22,0.36,0.31,0.31,0.09,0.0,0.1975,0.8125,0.265,0.0,-0.42,0.0,1.0,Computing,0
CANONICAL_000154,17,0.14,0.16,0.27,0.39,0.25,0.12,0.5525,0.48,0.5025,0.0,0.05,2.0,1.0,Computing,0
CANONICAL_000155,17,0.06,0.11,0.08,0.26,0.2,0.18,0.215,0.835,0.3,0.0,-0.31,0.0,1.0,Computing,0
CANONICAL_000156,17,0.58,0.62,0.69,0.61,0.03,-0.08,0.53,0.4925,0.5,0.0,0.19,4.0,1.0,Computing,1
CANONICAL_000157,17,0.17,0.06,0.0,0.06,-0.11,0.06,0.085,0.8675,0.15,0.0,0.23,1.0,1.0,Computing,0
CANONICAL_000158,17,0.49,0.53,0.61,0.88,0.39,0.27,0.85,0.235,0.7075,1.0,-0.23,0.0,1.0,Computing,0
CANONICAL_000159,17,0.22,0.2,0.14,0.18,-0.04,0.04,0.205,0.76,0.1975,0.0,0.32,2.0,1.0,Computing,1
CANONICAL_000160,17,0.37,0.28,0.32,0.35,-0.02,0.03,0.4125,0.5975,0.525,0.0,0.15,0.0,1.0,Computing,0
CANONICAL_000161,17,0.39,0.37,0.47,0.48,0.09,0.01,0.5975,0.4425,0.5475,0.0,0.15,3.0,1.0,Computing,0
CANONICAL_000162,17,0.29,0.27,0.27,0.33,0.04,0.06,0.2675,0.6775,0.3175,0.0,-0.16,0.0,1.0,Computing,0
CANONICAL_000163,17,0.36,0.46,0.4,0.48,0.12,0.08,0.5275,0.5275,0.5825,0.0,-0.11,4.0,1.0,Computing,0
CANONICAL_000164,17,0.37,0.3,0.36,0.28,-0.09,-0.08,0.48,0.54,0.515,0.0,-0.53,2.0,1.0,Computing,0
CANONICAL_000165,17,0.43,0.39,0.34,0.36,-0.07,0.02,0.22,0.76,0.375,0.0,-0.02,3.0,1.0,Computing,0
CANONICAL_000166,17,0.06,0.1,0.09,0.0,-0.06,-0.09,0.1875,0.725,0.3325,0.0,-0.15,0.0,1.0,Computing,0
CANONICAL_000167,17,0.15,0.07,0.11,0.11,-0.04,0.0,0.04,0.9475,0.19,0.0,-0.1,0.0,1.0,Computing,0
CANONICAL_000168,17,0.69,0.66,0.79,0.73,0.04,-0.06,0.4725,0.5625,0.5175,0.0,0.42,2.0,1.0,Computing,0
CANONICAL_000169,17,0.05,0.0,0.02,0.07,0.02,0.05,0.1,0.8525,0.205,0.0,0.01,2.0,1.0,Computing,0
CANONICAL_000170,17,0.19,0.28,0.3,0.19,0.0,-0.11,0.4475,0.5175,0.5025,0.0,-0.18,0.0,1.0,Computing,0
CANONICAL_000171,17,0.27,0.27,0.35,0.33,0.06,-0.02,0.3725,0.5825,0.4625,0.0,-0.05,1.0,1.0,Computing,0
CANONICAL_000172,17,0.32,0.34,0.36,0.46,0.14,0.1,0.435,0.475,0.5475,0.0,0.1,0.0,1.0,Computing,0
CANONICAL_000173,17,0.48,0.58,0.65,0.61,0.13,-0.04,0.7175,0.3025,0.6675,1.0,-0.16,2.0,1.0,Computing,0
CANONICAL_000174,17,0.32,0.28,0.39,0.26,-0.06,-0.13,0.3525,0.6925,0.325,0.0,-0.02,0.0,1.0,Computing,0
CANONICAL_000175,17,0.49,0.49,0.48,0.52,0.03,0.04,0.4,0.5825,0.4425,0.0,0.23,0.0,1.0,Computing,0
CANONICAL_000176,17,0.18,0.12,0.0,0.0,-0.18,0.0,0.055,0.9525,0.255,0.0,0.17,0.0,1.0,Computing,1
CANONICAL_000177,17,0.03,0.0,0.0,0.01,-0.02,0.01,0.07,0.935,0.1375,0.0,0.16,1.0,1.0,Computing,0
CANONICAL_000178,17,0.44,0.38,0.5,0.46,0.02,-0.04,0.6825,0.445,0.58,1.0,-0.07,0.0,1.0,Computing,0
CANONICAL_000179,17,0.22,0.2,0.22,0.4,0.18,0.18,0.34,0.6325,0.3875,0.0,-0.12,4.0,1.0,Computing,0
CANONICAL_000180,17,0.13,0.12,0.11,0.0,-0.13,-0.11,0.05,0.9725,0.17,0.0,0.11,0.0,1.0,Computing,1
CANONICAL_000181,17,0.56,0.61,0.72,0.97,0.41,0.25,0.9975,0.02,0.8375,2.0,0.08,3.0,1.0,Computing,0
CANONICAL_000182,17,0.14,0.08,0.1,0.08,-0.06,-0.02,0.1925,0.88,0.36,0.0,-0.2,1.0,1.0,Computing,0
CANONICAL_000183,17,0.19,0.23,0.09,0.12,-0.07,0.03,0.1075,0.8875,0.135,0.0,-0.1,1.0,1.0,Computing,0
CANONICAL_000184,17,0.28,0.34,0.24,0.21,-0.07,-0.03,0.4125,0.545,0.475,0.0,-0.2,0.0,1.0,Computing,0
CANONICAL_000185,17,0.26,0.24,0.29,0.27,0.01,-0.02,0.2275,0.625,0.335,0.0,0.1,2.0,1.0,Computing,0
CANONICAL_000186,17,0.17,0.13,0.14,0.1,-0.07,-0.04,0.2975,0.6875,0.3275,0.0,0.0,2.0,1.0,Computing,0
CANONICAL_000187,17,0.39,0.42,0.55,0.62,0.23,0.07,0.5,0.5125,0.49,0.0,-0.15,1.0,1.0,Computing,0
CANONICAL_000188,17,0.14,0.14,0.1,0.01,-0.13,-0.09,0.175,0.78,0.2275,0.0,-0.02,0.0,1.0,Computing,0
CANONICAL_000189,17,0.47,0.5,0.5,0.55,0.08,0.05,0.58,0.37,0.565,0.0,0.11,3.0,1.0,Computing,0
CANONICAL_000190,17,0.62,0.76,0.71,0.56,-0.06,-0.15,0.44,0.59,0.3775,0.0,-0.35,4.0,1.0,Computing,0
CANONICAL_000191,17,0.31,0.33,0.31,0.35,0.04,0.04,0.3425,0.7,0.355,0.0,0.48,1.0,1.0,Computing,0
CANONICAL_000192,17,0.31,0.28,0.15,0.24,-0.07,0.09,0.3025,0.615,0.3525,0.0,0.06,2.0,1.0,Computing,1
CANONICAL_000193,17,0.13,0.08,0.07,0.0,-0.13,-0.07,0.0425,0.865,0.195,0.0,-0.06,1.0,1.0,Computing,0
CANONICAL_000194,17,0.72,0.68,0.69,0.77,0.05,0.08,0.8775,0.1425,0.81,2.0,-0.21,0.0,1.0,Computing,0
CANONICAL_000195,17,0.12,0.02,0.03,0.06,-0.06,0.03,0.07,0.9,0.1975,0.0,-0.06,0.0,1.0,Computing,0
CANONICAL_000196,17,0.29,0.38,0.57,0.72,0.43,0.15,0.5525,0.4275,0.5525,0.0,0.19,1.0,1.0,Computing,0
CANONICAL_000197,17,0.51,0.36,0.52,0.47,-0.04,-0.05,0.6,0.3625,0.6075,0.0,-0.4,3.0,1.0,Computing,0
CANONICAL_000198,17,0.16,0.22,0.18,0.42,0.26,0.24,0.2325,0.7125,0.35,0.0,0.01,0.0,1.0,Computing,0
CANONICAL_000199,17,0.26,0.21,0.07,0.0,-0.26,-0.07,0.1375,0.855,0.235,0.0,0.16,1.0,1.0,Computing,1
CANONICAL_000200,17,0.14,0.12,0.13,0.12,-0.02,-0.01,0.1125,0.855,0.2225,0.0,0.42,3.0,1.0,Computing,0
CANONICAL_000201,17,0.39,0.34,0.39,0.27,-0.12,-0.12,0.045,0.95,0.1625,0.0,0.12,0.0,1.0,Computing,1
CANONICAL_000202,17,0.46,0.6,0.55,0.72,0.26,0.17,0.615,0.525,0.51,0.0,-0.02,0.0,1.0,Computing,0
CANONICAL_000203,17,0.13,0.15,0.1,0.1,-0.03,0.0,0.325,0.7,0.39,0.0,-0.07,2.0,1.0,Computing,0
CANONICAL_000204,17,0.06,0.14,0.29,0.29,0.23,0.0,0.055,0.965,0.22,0.0,0.0,0.0,1.0,Computing,0
CANONICAL_000205,17,0.02,0.14,0.14,0.2,0.18,0.06,0.1775,0.825,0.2375,0.0,0.1,0.0,1.0,Computing,0
CANONICAL_000206,17,0.16,0.19,0.27,0.28,0.12,0.01,0.36,0.655,0.4,0.0,0.08,1.0,1.0,Computing,0
CANONICAL_000207,17,0.27,0.19,0.14,0.11,-0.16,-0.03,0.3925,0.6075,0.4725,0.0,0.38,1.0,1.0,Computing,1
CANONICAL_000208,17,0.53,0.53,0.55,0.47,-0.06,-0.08,0.505,0.4475,0.495,0.0,0.0,3.0,1.0,Computing,0
CANONICAL_000209,17,0.31,0.27,0.26,0.29,-0.02,0.03,0.0825,0.92,0.19,0.0,0.19,2.0,1.0,Computing,0
CANONICAL_000210,17,0.25,0.23,0.2,0.25,0.0,0.05,0.2125,0.7675,0.32,0.0,0.12,1.0,1.0,Computing,0
CANONICAL_000211,17,0.4,0.42,0.53,0.6,0.2,0.07,0.4075,0.605,0.435,0.0,-0.16,1.0,1.0,Computing,0
CANONICAL_000212,17,0.37,0.38,0.29,0.46,0.09,0.17,0.49,0.535,0.4675,0.0,-0.01,4.0,1.0,Computing,0
CANONICAL_000213,17,0.22,0.27,0.32,0.16,-0.06,-0.16,0.18,0.795,0.3275,0.0,0.31,0.0,1.0,Computing,1
CANONICAL_000214,17,0.09,0.16,0.15,0.16,0.07,0.01,0.165,0.87,0.3625,0.0,0.17,0.0,1.0,Computing,0
CANONICAL_000215,17,0.43,0.44,0.49,0.6,0.17,0.11,0.6275,0.2875,0.58,1.0,0.45,4.0,1.0,Computing,0
CANONICAL_000216,17,0.31,0.36,0.35,0.36,0.05,0.01,0.2975,0.7275,0.39,0.0,-0.22,4.0,1.0,Computing,0
CANONICAL_000217,17,0.09,0.06,0.15,0.0,-0.09,-0.15,0.0375,0.945,0.145,0.0,0.0,0.0,1.0,Computing,0
CANONICAL_000218,17,0.32,0.45,0.39,0.31,-0.01,-0.08,0.1975,0.79,0.2825,0.0,0.04,0.0,1.0,Computing,1
CANONICAL_000219,17,0.17,0.15,0.26,0.31,0.14,0.05,0.3425,0.64,0.38,0.0,-0.05,1.0,1.0,Computing,0
CANONICAL_000220,17,0.52,0.64,0.66,0.7,0.18,0.04,0.6425,0.38,0.57,1.0,-0.31,0.0,1.0,Computing,0
CANONICAL_000221,17,0.14,0.05,0.0,0.07,-0.07,0.07,0.075,0.92,0.195,0.0,-0.09,2.0,1.0,Computing,0
CANONICAL_000222,17,0.44,0.43,0.5,0.46,0.02,-0.04,0.8,0.2825,0.675,1.0,0.02,0.0,1.0,Computing,0
CANONICAL_000223,17,0.56,0.56,0.56,0.6,0.04,0.04,0.545,0.4025,0.46,0.0,-0.1,0.0,1.0,Computing,0
CANONICAL_000224,17,0.2,0.25,0.13,0.07,-0.13,-0.06,0.5025,0.545,0.4425,0.0,-0.01,1.0,1.0,Computing,0
CANONICAL_000225,17,0.27,0.35,0.4,0.44,0.17,0.04,0.42,0.5425,0.52,0.0,0.04,4.0,1.0,Computing,0
CANONICAL_000226,17,0.34,0.26,0.36,0.39,0.05,0.03,0.3825,0.5725,0.345,0.0,0.0,1.0,1.0,Computing,0
CANONICAL_000227,17,0.31,0.24,0.36,0.32,0.01,-0.04,0.385,0.66,0.4575,0.0,0.18,1.0,1.0,Computing,0
CANONICAL_000228,17,0.08,0.0,0.0,0.14,0.06,0.14,0.13,0.845,0.15,0.0,0.27,4.0,1.0,Computing,0
CANONICAL_000229,17,0.2,0.33,0.36,0.24,0.04,-0.12,0.24,0.79,0.2825,0.0,-0.05,1.0,1.0,Computing,0
CANONICAL_000230,17,0.47,0.51,0.54,0.54,0.07,0.0,0.3525,0.69,0.2875,0.0,0.11,1.0,1.0,Computing,0
CANONICAL_000231,17,0.22,0.16,0.3,0.25,0.03,-0.05,0.4925,0.5025,0.4425,0.0,-0.03,1.0,1.0,Computing,0
CANONICAL_000232,17,0.56,0.55,0.5,0.67,0.11,0.17,0.59,0.4525,0.6775,1.0,0.06,0.0,1.0,Computing,0
CANONICAL_000233,17,0.46,0.57,0.56,0.62,0.16,0.06,0.5525,0.4925,0.555,0.0,-0.16,1.0,1.0,Computing,0
CANONICAL_000234,17,0.23,0.23,0.18,0.15,-0.08,-0.03,0.0375,0.915,0.1325,0.0,0.05,1.0,1.0,Computing,1
CANONICAL_000235,17,0.19,0.19,0.09,0.09,-0.1,0.0,0.06,0.875,0.2275,0.0,-0.04,0.0,1.0,Computing,0
CANONICAL_000236,17,0.11,0.07,0.11,0.28,0.17,0.17,0.3275,0.6925,0.4775,0.0,0.18,0.0,1.0,Computing,0
CANONICAL_000237,17,0.12,0.06,0.2,0.15,0.03,-0.05,0.0175,0.95,0.14,0.0,0.0,0.0,1.0,Computing,0
CANONICAL_000238,17,0.22,0.34,0.34,0.22,0.0,-0.12,0.07,0.9325,0.1925,0.0,0.01,1.0,1.0,Computing,1
CANONICAL_000239,17,0.17,0.33,0.28,0.32,0.15,0.04,0.37,0.6025,0.445,0.0,-0.09,0.0,1.0,Computing,0
CANONICAL_000240,17,0.24,0.18,0.21,0.26,0.02,0.05,0.3675,0.635,0.41,0.0,0.2,0.0,1.0,Computing,0
CANONICAL_000241,17,0.44,0.57,0.64,0.71,0.27,0.07,0.755,0.295,0.6525,0.0,0.08,4.0,1.0,Computing,0
CANONICAL_000242,17,0.31,0.29,0.29,0.37,0.06,0.08,0.34,0.67,0.385,0.0,-0.16,1.0,1.0,Computing,0
CANONICAL_000243,17,0.41,0.47,0.61,0.77,0.36,0.16,0.705,0.235,0.615,0.0,0.12,0.0,1.0,Computing,0
CANONICAL_000244,17,0.24,0.37,0.33,0.21,-0.03,-0.12,0.555,0.4025,0.5725,0.0,-0.03,2.0,1.0,Computing,0
CANONICAL_000245,17,0.31,0.31,0.31,0.23,-0.08,-0.08,0.0925,0.87,0.26,0.0,-0.12,0.0,1.0,Computing,0
CANONICAL_000246,17,0.22,0.22,0.26,0.33,0.11,0.07,0.25,0.795,0.3075,0.0,-0.19,2.0,1.0,Computing,0
CANONICAL_000247,17,0.23,0.31,0.36,0.3,0.07,-0.06,0.07,0.945,0.1425,0.0,0.0,2.0,1.0,Computing,0
CANONICAL_000248,17,0.6,0.53,0.56,0.46,-0.14,-0.1,0.5025,0.5525,0.485,0.0,0.32,2.0,1.0,Computing,1
CANONICAL_000249,17,0.19,0.3,0.22,0.38,0.19,0.16,0.535,0.46,0.4925,0.0,0.23,2.0,1.0,Computing,0
CANONICAL_000250,17,0.33,0.36,0.57,0.46,0.13,-0.11,0.5725,0.39,0.5975,0.0,-0.2,0.0,1.0,Computing,0
CANONICAL_000251,17,0.15,0.13,0.13,0.12,-0.03,-0.01,0.0075,0.955,0.1525,0.0,0.01,2.0,1.0,Computing,1
CANONICAL_000252,17,0.59,0.56,0.59,0.61,0.02,0.02,0.6375,0.3575,0.6775,1.0,0.02,0.0,1.0,Computing,0
CANONICAL_000253,17,0.14,0.05,0.11,0.24,0.1,0.13,0.3175,0.6725,0.265,0.0,0.21,0.0,1.0,Computing,0
CANONICAL_000254,17,0.15,0.12,0.09,0.0,-0.15,-0.09,0.21,0.775,0.255,0.0,-0.23,4.0,1.0,Computing,0
CANONICAL_000255,17,0.47,0.47,0.49,0.55,0.08,0.06,0.685,0.3225,0.645,1.0,-0.04,1.0,1.0,Computing,0
CANONICAL_000256,17,0.35,0.28,0.25,0.2,-0.15,-0.05,0.0675,0.9225,0.1825,0.0,-0.25,4.0,1.0,Computing,0
CANONICAL_000257,17,0.22,0.24,0.29,0.36,0.14,0.07,0.1625,0.815,0.2675,0.0,0.15,0.0,1.0,Computing,0
CANONICAL_000258,17,0.38,0.44,0.44,0.38,0.0,-0.06,0.3725,0.6675,0.3875,0.0,0.11,1.0,1.0,Computing,1
CANONICAL_000259,17,0.25,0.26,0.3,0.44,0.19,0.14,0.295,0.69,0.31,0.0,-0.07,0.0,1.0,Computing,0
CANONICAL_000260,17,0.19,0.26,0.2,0.15,-0.04,-0.05,0.3225,0.6425,0.3825,0.0,-0.06,2.0,1.0,Computing,0
CANONICAL_000261,17,0.22,0.17,0.13,0.0,-0.22,-0.13,0.015,0.97,0.185,0.0,0.07,0.0,1.0,Computing,1
CANONICAL_000262,17,0.55,0.65,0.56,0.51,-0.04,-0.05,0.6025,0.3975,0.555,0.0,-0.26,0.0,1.0,Computing,0
CANONICAL_000263,17,0.43,0.46,0.42,0.42,-0.01,0.0,0.4525,0.4975,0.56,0.0,0.04,0.0,1.0,Computing,1
CANONICAL_000264,17,0.34,0.48,0.3,0.4,0.06,0.1,0.45,0.5125,0.4525,0.0,0.07,2.0,1.0,Computing,1
CANONICAL_000265,17,0.28,0.49,0.49,0.41,0.13,-0.08,0.5625,0.44,0.55,0.0,-0.08,0.0,1.0,Computing,0
CANONICAL_000266,17,0.2,0.19,0.16,0.09,-0.11,-0.07,0.1575,0.78,0.2275,0.0,-0.03,3.0,1.0,Computing,0
CANONICAL_000267,17,0.2,0.18,0.22,0.31,0.11,0.09,0.2375,0.7025,0.28,0.0,0.06,0.0,1.0,Computing,0
CANONICAL_000268,17,0.42,0.42,0.44,0.35,-0.07,-0.09,0.3125,0.665,0.2725,0.0,-0.1,0.0,1.0,Computing,0
CANONICAL_000269,17,0.09,0.16,0.28,0.29,0.2,0.01,0.275,0.695,0.415,0.0,0.0,1.0,1.0,Computing,0
CANONICAL_000270,17,0.07,0.19,0.42,0.43,0.36,0.01,0.24,0.695,0.23,0.0,-0.37,4.0,1.0,Computing,0
CANONICAL_000271,17,0.37,0.34,0.45,0.49,0.12,0.04,0.5225,0.455,0.5175,0.0,-0.12,0.0,1.0,Computing,0
CANONICAL_000272,17,0.18,0.23,0.22,0.18,0.0,-0.04,0.0275,0.9625,0.205,0.0,0.0,0.0,1.0,Computing,0
CANONICAL_000273,17,0.47,0.48,0.46,0.4,-0.07,-0.06,0.745,0.305,0.7175,1.0,0.09,2.0,1.0,Computing,1
CANONICAL_000274,17,0.44,0.51,0.6,0.65,0.21,0.05,0.61,0.3825,0.56,0.0,-0.12,0.0,1.0,Computing,0
CANONICAL_000275,17,0.27,0.41,0.3,0.25,-0.02,-0.05,0.145,0.72,0.23,0.0,-0.13,2.0,1.0,Computing,0
CANONICAL_000276,17,0.44,0.44,0.44,0.35,-0.09,-0.09,0.47,0.5575,0.53,0.0,-0.25,0.0,1.0,Computing,0
CANONICAL_000277,17,0.45,0.34,0.34,0.46,0.01,0.12,0.3025,0.6925,0.3275,0.0,-0.04,1.0,1.0,Computing,0
CANONICAL_000278,17,0.51,0.59,0.66,0.72,0.21,0.06,0.8,0.215,0.7225,1.0,0.03,0.0,1.0,Computing,0
CANONICAL_000279,17,0.2,0.15,0.22,0.38,0.18,0.16,0.3975,0.5175,0.4775,0.0,-0.19,1.0,1.0,Computing,0
CANONICAL_000280,17,0.06,0.06,0.03,0.11,0.05,0.08,0.05,0.9575,0.125,0.0,0.1,2.0,1.0,Computing,0
CANONICAL_000281,17,0.01,0.1,0.08,0.0,-0.01,-0.08,0.045,0.9575,0.1975,0.0,0.0,2.0,1.0,Computing,0
CANONICAL_000282,17,0.44,0.49,0.54,0.57,0.13,0.03,0.86,0.1825,0.7075,1.0,0.03,1.0,1.0,Computing,0
CANONICAL_000283,17,0.26,0.27,0.22,0.16,-0.1,-0.06,0.2675,0.695,0.3525,0.0,-0.07,4.0,1.0,Computing,0
CANONICAL_000284,17,0.12,0.09,0.21,0.1,-0.02,-0.11,0.1025,0.8625,0.23,0.0,-0.13,0.0,1.0,Computing,0
CANONICAL_000285,17,0.29,0.08,0.15,0.13,-0.16,-0.02,0.145,0.905,0.2175,0.0,-0.07,0.0,1.0,Computing,0
CANONICAL_000286,17,0.25,0.32,0.36,0.46,0.21,0.1,0.3825,0.6375,0.3625,0.0,0.08,2.0,1.0,Computing,0
CANONICAL_000287,17,0.27,0.27,0.32,0.37,0.1,0.05,0.285,0.6875,0.345,0.0,0.01,2.0,1.0,Computing,0
CANONICAL_000288,17,0.23,0.37,0.35,0.26,0.03,-0.09,0.06,0.9125,0.17,0.0,-0.17,0.0,1.0,Computing,0
CANONICAL_000289,17,0.4,0.45,0.42,0.4,0.0,-0.02,0.36,0.62,0.47,0.0,0.18,2.0,1.0,Computing,1
CANONICAL_000290,17,0.12,0.1,0.09,0.09,-0.03,0.0,0.02,0.975,0.165,0.0,0.1,1.0,1.0,Computing,1
CANONICAL_000291,17,0.24,0.35,0.41,0.29,0.05,-0.12,0.025,0.9075,0.1925,0.0,-0.23,2.0,1.0,Computing,0
CANONICAL_000292,17,0.17,0.28,0.32,0.39,0.22,0.07,0.18,0.815,0.2875,0.0,-0.09,3.0,1.0,Computing,0
CANONICAL_000293,17,0.36,0.37,0.35,0.35,-0.01,0.0,0.215,0.8025,0.3025,0.0,0.09,1.0,1.0,Computing,1
CANONICAL_000294,17,0.16,0.27,0.35,0.26,0.1,-0.09,0.355,0.665,0.3675,0.0,-0.28,0.0,1.0,Computing,0
CANONICAL_000295,17,0.1,0.07,0.08,0.0,-0.1,-0.08,0.075,0.95,0.19,0.0,-0.11,2.0,1.0,Computing,0
CANONICAL_000296,17,0.33,0.36,0.32,0.43,0.1,0.11,0.5975,0.39,0.63,0.0,0.08,2.0,1.0,Computing,0
CANONICAL_000297,17,0.31,0.37,0.41,0.4,0.09,-0.01,0.3175,0.6075,0.4375,0.0,-0.15,0.0,1.0,Computing,0
CANONICAL_000298,17,0.08,0.16,0.1,0.21,0.13,0.11,0.6525,0.29,0.5925,0.0,-0.17,1.0,1.0,Computing,0
CANONICAL_000299,17,0.47,0.54,0.43,0.57,0.1,0.14,0.3525,0.6725,0.4325,0.0,0.06,4.0,1.0,Computing,0
CANONICAL_000300,17,0.32,0.31,0.33,0.43,0.11,0.1,0.3875,0.575,0.38,0.0,0.15,0.0,1.0,Computing,0
CANONICAL_000301,17,0.21,0.31,0.28,0.26,0.05,-0.02,0.1375,0.8725,0.245,0.0,-0.01,0.0,1.0,Computing,0
CANONICAL_000302,17,0.04,0.05,0.05,0.0,-0.04,-0.05,0.01,0.96,0.265,0.0,-0.08,0.0,1.0,Computing,0
CANONICAL_000303,17,0.42,0.39,0.33,0.38,-0.04,0.05,0.4975,0.54,0.455,0.0,0.04,1.0,1.0,Computing,1
CANONICAL_000304,17,0.31,0.28,0.4,0.58,0.27,0.18,0.445,0.65,0.4525,0.0,-0.05,4.0,1.0,Computing,0
CANONICAL_000305,17,0.36,0.54,0.5,0.52,0.16,0.02,0.3525,0.6875,0.4625,0.0,0.17,2.0,1.0,Computing,1
CANONICAL_000306,17,0.32,0.28,0.27,0.13,-0.19,-0.14,0.1,0.885,0.3175,0.0,-0.14,0.0,1.0,Computing,0
CANONICAL_000307,17,0.06,0.18,0.23,0.2,0.14,-0.03,0.035,0.9625,0.1625,0.0,0.04,2.0,1.0,Computing,0
CANONICAL_000308,17,0.22,0.15,0.06,0.06,-0.16,0.0,0.0,0.935,0.11,0.0,0.11,2.0,1.0,Computing,1
CANONICAL_000309,17,0.42,0.48,0.39,0.32,-0.1,-0.07,0.45,0.52,0.4425,0.0,0.06,1.0,1.0,Computing,1
CANONICAL_000310,17,0.09,0.13,0.18,0.0,-0.09,-0.18,0.03,0.94,0.165,0.0,-0.08,0.0,1.0,Computing,0
CANONICAL_000311,17,0.24,0.39,0.38,0.39,0.15,0.01,0.345,0.655,0.38,0.0,0.01,2.0,1.0,Computing,0
CANONICAL_000312,17,0.11,0.07,0.02,0.0,-0.11,-0.02,0.0625,0.8675,0.1625,0.0,-0.25,1.0,1.0,Computing,0
CANONICAL_000313,17,0.39,0.34,0.41,0.57,0.18,0.16,0.7075,0.3425,0.6125,0.0,-0.1,0.0,1.0,Computing,0
CANONICAL_000314,17,0.26,0.27,0.22,0.25,-0.01,0.03,0.1975,0.76,0.3125,0.0,0.11,1.0,1.0,Computing,1
CANONICAL_000315,17,0.38,0.54,0.54,0.59,0.21,0.05,0.6025,0.4525,0.5375,0.0,-0.18,4.0,1.0,Computing,0
CANONICAL_000316,17,0.37,0.32,0.26,0.27,-0.1,0.01,0.35,0.615,0.4075,0.0,0.26,0.0,1.0,Computing,1
CANONICAL_000317,17,0.58,0.39,0.44,0.47,-0.11,0.03,0.43,0.5775,0.4125,0.0,0.2,4.0,1.0,Computing,0
CANONICAL_000318,17,0.56,0.59,0.71,0.6,0.04,-0.11,0.82,0.0975,0.6675,1.0,0.06,0.0,1.0,Computing,0
CANONICAL_000319,17,0.09,0.18,0.06,0.0,-0.09,-0.06,0.2625,0.7825,0.325,0.0,-0.25,2.0,1.0,Computing,0
CANONICAL_000320,17,0.34,0.28,0.31,0.42,0.08,0.11,0.4625,0.49,0.465,0.0,0.01,0.0,1.0,Computing,0
CANONICAL_000321,17,0.61,0.7,0.79,0.82,0.21,0.03,0.805,0.2575,0.7275,2.0,-0.29,0.0,1.0,Computing,0
CANONICAL_000322,17,0.31,0.25,0.24,0.23,-0.08,-0.01,0.0025,0.91,0.15,0.0,0.04,1.0,1.0,Computing,1
CANONICAL_000323,17,0.65,0.66,0.59,0.64,-0.01,0.05,0.8725,0.0875,0.7675,2.0,0.0,1.0,1.0,Computing,0
CANONICAL_000324,17,0.23,0.31,0.36,0.42,0.19,0.06,0.1475,0.945,0.2325,0.0,-0.03,2.0,1.0,Computing,0
CANONICAL_000325,17,0.45,0.38,0.48,0.66,0.21,0.18,0.23,0.7075,0.27,0.0,-0.15,2.0,1.0,Computing,0
CANONICAL_000326,17,0.6,0.63,0.73,0.76,0.16,0.03,0.82,0.265,0.705,1.0,0.03,1.0,1.0,Computing,0
CANONICAL_000327,17,0.14,0.25,0.3,0.24,0.1,-0.06,0.31,0.6175,0.325,0.0,0.09,3.0,1.0,Computing,1
CANONICAL_000328,17,0.24,0.29,0.32,0.33,0.09,0.01,0.24,0.775,0.265,0.0,0.1,1.0,1.0,Computing,0
CANONICAL_000329,17,0.6,0.57,0.52,0.58,-0.02,0.06,0.5375,0.47,0.595,0.0,-0.06,0.0,1.0,Computing,0
CANONICAL_000330,17,0.29,0.43,0.52,0.62,0.33,0.1,0.4875,0.4925,0.525,0.0,0.11,0.0,1.0,Computing,0
CANONICAL_000331,17,0.4,0.47,0.56,0.45,0.05,-0.11,0.675,0.3625,0.6375,0.0,0.1,1.0,1.0,Computing,1
CANONICAL_000332,17,0.45,0.32,0.25,0.29,-0.16,0.04,0.2525,0.76,0.32,0.0,-0.11,2.0,1.0,Computing,0
CANONICAL_000333,17,0.18,0.27,0.32,0.27,0.09,-0.05,0.095,0.8675,0.1575,0.0,0.27,0.0,1.0,Computing,0
CANONICAL_000334,17,0.41,0.38,0.46,0.43,0.02,-0.03,0.455,0.5925,0.415,0.0,0.32,0.0,1.0,Computing,0
CANONICAL_000335,17,0.35,0.39,0.48,0.56,0.21,0.08,0.46,0.645,0.4275,0.0,-0.13,0.0,1.0,Computing,0
CANONICAL_000336,17,0.18,0.28,0.29,0.37,0.19,0.08,0.21,0.7425,0.28,0.0,0.09,1.0,1.0,Computing,0
CANONICAL_000337,17,0.21,0.18,0.13,0.1,-0.11,-0.03,0.1775,0.7925,0.2,0.0,-0.13,0.0,1.0,Computing,0
CANONICAL_000338,17,0.61,0.5,0.48,0.48,-0.13,0.0,0.4325,0.63,0.4425,0.0,0.07,0.0,1.0,Computing,1
CANONICAL_000339,17,0.14,0.28,0.22,0.2,0.06,-0.02,0.0825,0.98,0.19,0.0,0.0,1.0,1.0,Computing,0
CANONICAL_000340,17,0.44,0.55,0.57,0.82,0.38,0.25,0.7025,0.2475,0.6375,1.0,-0.1,2.0,1.0,Computing,0
CANONICAL_000341,17,0.31,0.32,0.32,0.36,0.05,0.04,0.2475,0.6275,0.3325,0.0,0.18,0.0,1.0,Computing,0
CANONICAL_000342,17,0.46,0.54,0.73,0.69,0.23,-0.04,0.675,0.23,0.635,1.0,-0.22,1.0,1.0,Computing,0
CANONICAL_000343,17,0.43,0.42,0.51,0.64,0.21,0.13,0.68,0.49,0.6725,1.0,0.13,0.0,1.0,Computing,0
CANONICAL_000344,17,0.28,0.31,0.4,0.53,0.25,0.13,0.8575,0.17,0.74,2.0,-0.2,4.0,1.0,Computing,0
CANONICAL_000345,17,0.19,0.19,0.25,0.41,0.22,0.16,0.22,0.725,0.3775,0.0,0.18,0.0,1.0,Computing,0
CANONICAL_000346,17,0.56,0.55,0.54,0.73,0.17,0.19,0.465,0.5625,0.5175,0.0,0.33,4.0,1.0,Computing,0
CANONICAL_000347,17,0.5,0.55,0.55,0.63,0.13,0.08,0.5375,0.4625,0.4775,0.0,0.25,4.0,1.0,Computing,0
CANONICAL_000348,17,0.32,0.25,0.25,0.24,-0.08,-0.01,0.215,0.805,0.225,0.0,0.16,2.0,1.0,Computing,1
CANONICAL_000349,17,0.29,0.29,0.33,0.33,0.04,0.0,0.2625,0.7425,0.335,0.0,-0.09,0.0,1.0,Computing,0
CANONICAL_000350,17,0.13,0.17,0.22,0.22,0.09,0.0,0.115,0.905,0.1725,0.0,0.02,1.0,1.0,Computing,0
CANONICAL_000351,17,0.44,0.61,0.63,0.62,0.18,-0.01,0.5975,0.4575,0.535,0.0,-0.13,0.0,1.0,Computing,0
CANONICAL_000352,17,0.58,0.5,0.5,0.62,0.04,0.12,0.6825,0.295,0.67,1.0,0.07,3.0,1.0,Computing,0
CANONICAL_000353,17,0.12,0.19,0.16,0.18,0.06,0.02,0.2425,0.815,0.375,0.0,-0.14,2.0,1.0,Computing,0
CANONICAL_000354,17,0.14,0.21,0.12,0.22,0.08,0.1,0.0925,0.82,0.1675,0.0,0.0,4.0,1.0,Computing,0
CANONICAL_000355,17,0.19,0.06,0.18,0.25,0.06,0.07,0.305,0.6025,0.3175,0.0,0.02,2.0,1.0,Computing,0
CANONICAL_000356,17,0.19,0.24,0.44,0.37,0.18,-0.07,0.3625,0.585,0.37,0.0,0.15,1.0,1.0,Computing,0
CANONICAL_000357,17,0.28,0.37,0.48,0.36,0.08,-0.12,0.3775,0.615,0.33,0.0,0.03,1.0,1.0,Computing,1
CANONICAL_000358,17,0.26,0.33,0.25,0.17,-0.09,-0.08,0.27,0.7475,0.37,0.0,0.02,1.0,1.0,Computing,1
CANONICAL_000359,17,0.12,0.13,0.21,0.2,0.08,-0.01,0.175,0.73,0.37,0.0,0.08,1.0,1.0,Computing,0
CANONICAL_000360,17,0.59,0.63,0.74,0.77,0.18,0.03,0.725,0.275,0.7325,2.0,0.23,2.0,1.0,Computing,0
CANONICAL_000361,17,0.14,0.18,0.16,0.13,-0.01,-0.03,0.245,0.735,0.365,0.0,-0.09,4.0,1.0,Computing,0
CANONICAL_000362,17,0.27,0.15,0.21,0.29,0.02,0.08,0.3475,0.535,0.405,0.0,-0.09,1.0,1.0,Computing,0
CANONICAL_000363,17,0.17,0.2,0.19,0.17,0.0,-0.02,0.1875,0.79,0.3125,0.0,-0.26,3.0,1.0,Computing,0
CANONICAL_000364,17,0.51,0.5,0.64,0.68,0.17,0.04,0.55,0.4825,0.5825,0.0,-0.12,3.0,1.0,Computing,0
CANONICAL_000365,17,0.22,0.18,0.23,0.26,0.04,0.03,0.2725,0.6475,0.305,0.0,0.08,1.0,1.0,Computing,0
CANONICAL_000366,17,0.3,0.52,0.47,0.63,0.33,0.16,0.7225,0.375,0.6225,0.0,0.09,0.0,1.0,Computing,0
CANONICAL_000367,17,0.6,0.72,0.8,0.74,0.14,-0.06,0.4425,0.53,0.505,0.0,0.0,2.0,1.0,Computing,0
CANONICAL_000368,17,0.23,0.15,0.26,0.46,0.23,0.2,0.635,0.31,0.58,0.0,-0.32,1.0,1.0,Computing,0
CANONICAL_000369,17,0.33,0.38,0.41,0.39,0.06,-0.02,0.4425,0.465,0.4025,0.0,0.05,0.0,1.0,Computing,0
CANONICAL_000370,17,0.16,0.29,0.35,0.26,0.1,-0.09,0.245,0.76,0.32,0.0,0.05,1.0,1.0,Computing,1
CANONICAL_000371,17,0.26,0.16,0.18,0.18,-0.08,0.0,0.22,0.7875,0.2125,0.0,0.13,4.0,1.0,Computing,0
CANONICAL_000372,17,0.39,0.41,0.34,0.62,0.23,0.28,0.705,0.27,0.725,3.0,-0.02,0.0,1.0,Computing,0
CANONICAL_000373,17,0.12,0.15,0.16,0.25,0.13,0.09,0.0725,0.905,0.1825,0.0,0.27,2.0,1.0,Computing,0
CANONICAL_000374,17,0.23,0.15,0.21,0.28,0.05,0.07,0.255,0.8175,0.3125,0.0,-0.1,3.0,1.0,Computing,0
CANONICAL_000375,17,0.34,0.39,0.4,0.48,0.14,0.08,0.3625,0.7075,0.4175,0.0,0.63,2.0,1.0,Computing,0
CANONICAL_000376,17,0.07,0.18,0.27,0.22,0.15,-0.05,0.4475,0.5775,0.485,0.0,0.29,1.0,1.0,Computing,0
CANONICAL_000377,17,0.38,0.52,0.51,0.55,0.17,0.04,0.6375,0.355,0.5725,1.0,0.03,2.0,1.0,Computing,0
CANONICAL_000378,17,0.32,0.32,0.31,0.33,0.01,0.02,0.2375,0.77,0.3075,0.0,0.4,1.0,1.0,Computing,0
CANONICAL_000379,17,0.2,0.42,0.5,0.67,0.47,0.17,0.7125,0.355,0.61,1.0,-0.41,0.0,1.0,Computing,0
CANONICAL_000380,17,0.29,0.14,0.18,0.19,-0.1,0.01,0.3075,0.705,0.385,0.0,0.27,4.0,1.0,Computing,0
CANONICAL_000381,17,0.6,0.65,0.64,0.63,0.03,-0.01,0.2575,0.76,0.2725,0.0,-0.16,1.0,1.0,Computing,0
CANONICAL_000382,17,0.1,0.0,0.11,0.03,-0.07,-0.08,0.3025,0.7425,0.455,0.0,0.08,2.0,1.0,Computing,0
CANONICAL_000383,17,0.28,0.3,0.27,0.3,0.02,0.03,0.22,0.79,0.2475,0.0,-0.02,1.0,1.0,Computing,0
CANONICAL_000384,17,0.5,0.48,0.44,0.49,-0.01,0.05,0.7425,0.28,0.725,1.0,-0.2,0.0,1.0,Computing,0
CANONICAL_000385,17,0.16,0.22,0.01,0.0,-0.16,-0.01,0.22,0.7925,0.19,0.0,-0.23,4.0,1.0,Computing,0
CANONICAL_000386,17,0.21,0.22,0.2,0.26,0.05,0.06,0.2025,0.77,0.31,0.0,0.1,2.0,1.0,Computing,0
CANONICAL_000387,17,0.46,0.42,0.54,0.58,0.12,0.04,0.8175,0.1725,0.71,1.0,-0.13,0.0,1.0,Computing,0
CANONICAL_000388,17,0.28,0.24,0.09,0.19,-0.09,0.1,0.0,0.945,0.1275,0.0,-0.05,4.0,1.0,Computing,0
CANONICAL_000389,17,0.19,0.36,0.3,0.42,0.23,0.12,0.2675,0.7575,0.335,0.0,0.07,2.0,1.0,Computing,0
CANONICAL_000390,17,0.11,0.17,0.23,0.25,0.14,0.02,0.395,0.6425,0.4375,0.0,0.05,1.0,1.0,Computing,0
CANONICAL_000391,17,0.42,0.31,0.15,0.08,-0.34,-0.07,0.255,0.8125,0.285,0.0,-0.28,2.0,1.0,Computing,0
CANONICAL_000392,17,0.64,0.71,0.69,0.64,0.0,-0.05,0.905,0.155,0.77,3.0,-0.25,0.0,1.0,Computing,0
CANONICAL_000393,17,0.31,0.31,0.42,0.58,0.27,0.16,0.6525,0.34,0.645,0.0,0.32,1.0,1.0,Computing,0
CANONICAL_000394,17,0.41,0.43,0.61,0.65,0.24,0.04,0.4925,0.4575,0.505,0.0,0.0,0.0,1.0,Computing,0
CANONICAL_000395,17,0.2,0.28,0.32,0.48,0.28,0.16,0.3125,0.6,0.465,0.0,-0.2,1.0,1.0,Computing,0
CANONICAL_000396,17,0.14,0.25,0.2,0.26,0.12,0.06,0.205,0.72,0.3025,0.0,-0.08,1.0,1.0,Computing,0
CANONICAL_000397,17,0.1,0.05,0.0,0.08,-0.02,0.08,0.25,0.765,0.315,0.0,-0.01,3.0,1.0,Computing,0
CANONICAL_000398,17,0.37,0.38,0.42,0.51,0.14,0.09,0.6025,0.37,0.5475,0.0,0.04,2.0,1.0,Computing,0
CANONICAL_000399,17,0.51,0.48,0.53,0.45,-0.06,-0.08,0.4725,0.5325,0.47,0.0,0.26,0.0,1.0,Computing,1
CANONICAL_000400,17,0.24,0.3,0.47,0.52,0.28,0.05,0.345,0.5975,0.405,0.0,-0.27,3.0,1.0,Computing,0
CANONICAL_000401,17,0.41,0.41,0.5,0.43,0.02,-0.07,0.4075,0.58,0.5025,0.0,-0.01,1.0,1.0,Computing,0
CANONICAL_000402,17,0.26,0.29,0.31,0.31,0.05,0.0,0.3575,0.5975,0.395,0.0,0.09,2.0,1.0,Computing,0
CANONICAL_000403,17,0.38,0.38,0.37,0.44,0.06,0.07,0.4225,0.625,0.445,0.0,0.16,0.0,1.0,Computing,0
CANONICAL_000404,17,0.23,0.24,0.5,0.44,0.21,-0.06,0.5875,0.5025,0.5625,0.0,-0.11,3.0,1.0,Computing,0
CANONICAL_000405,17,0.05,0.2,0.27,0.34,0.29,0.07,0.3425,0.665,0.39,0.0,0.22,4.0,1.0,Computing,0
CANONICAL_000406,17,0.16,0.38,0.34,0.24,0.08,-0.1,0.22,0.8025,0.3375,0.0,-0.18,2.0,1.0,Computing,0
CANONICAL_000407,17,0.19,0.24,0.24,0.36,0.17,0.12,0.5625,0.48,0.5575,0.0,-0.02,4.0,1.0,Computing,0
CANONICAL_000408,17,0.26,0.27,0.22,0.19,-0.07,-0.03,0.0875,0.925,0.15,0.0,0.17,0.0,1.0,Computing,1
CANONICAL_000409,17,0.36,0.25,0.08,0.01,-0.35,-0.07,0.0225,0.965,0.11,0.0,0.0,3.0,1.0,Computing,0
CANONICAL_000410,17,0.08,0.04,0.08,0.0,-0.08,-0.08,0.0275,0.955,0.1525,0.0,0.0,1.0,1.0,Computing,0
CANONICAL_000411,17,0.11,0.12,0.28,0.25,0.14,-0.03,0.045,0.96,0.1625,0.0,0.08,0.0,1.0,Computing,0
CANONICAL_000412,17,0.25,0.21,0.1,0.0,-0.25,-0.1,0.04,0.94,0.185,0.0,-0.11,2.0,1.0,Computing,0
CANONICAL_000413,17,0.55,0.52,0.54,0.52,-0.03,-0.02,0.3375,0.615,0.37,0.0,0.12,2.0,1.0,Computing,0
CANONICAL_000414,17,0.34,0.48,0.45,0.55,0.21,0.1,0.27,0.785,0.28,0.0,0.19,0.0,1.0,Computing,0
CANONICAL_000415,17,0.11,0.13,0.2,0.2,0.09,0.0,0.2125,0.8475,0.305,0.0,-0.04,0.0,1.0,Computing,0
CANONICAL_000416,17,0.08,0.11,0.11,0.04,-0.04,-0.07,0.175,0.705,0.33,0.0,0.02,0.0,1.0,Computing,1
CANONICAL_000417,17,0.22,0.19,0.1,0.14,-0.08,0.04,0.035,0.865,0.16,0.0,-0.08,1.0,1.0,Computing,0
CANONICAL_000418,17,0.24,0.35,0.3,0.33,0.09,0.03,0.0525,0.915,0.1875,0.0,-0.06,0.0,1.0,Computing,0
CANONICAL_000419,17,0.47,0.47,0.43,0.6,0.13,0.17,0.72,0.2125,0.65,0.0,-0.04,0.0,1.0,Computing,0
CANONICAL_000420,17,0.11,0.09,0.22,0.3,0.19,0.08,0.3425,0.7,0.4025,0.0,-0.1,1.0,1.0,Computing,0
CANONICAL_000421,17,0.35,0.24,0.37,0.41,0.06,0.04,0.415,0.6075,0.44,0.0,-0.33,4.0,1.0,Computing,0
CANONICAL_000422,17,0.11,0.13,0.12,0.22,0.11,0.1,0.175,0.7375,0.3075,0.0,0.01,2.0,1.0,Computing,0
CANONICAL_000423,17,0.52,0.5,0.62,0.62,0.1,0.0,0.575,0.45,0.485,0.0,-0.05,0.0,1.0,Computing,0
CANONICAL_000424,17,0.46,0.62,0.62,0.64,0.18,0.02,0.5825,0.44,0.5625,0.0,0.06,4.0,1.0,Computing,0
CANONICAL_000425,17,0.45,0.61,0.61,0.76,0.31,0.15,0.925,0.185,0.72,2.0,-0.04,2.0,1.0,Computing,0
CANONICAL_000426,17,0.45,0.37,0.4,0.29,-0.16,-0.11,0.215,0.7025,0.2575,0.0,0.22,1.0,1.0,Computing,1
CANONICAL_000427,17,0.21,0.14,0.18,0.28,0.07,0.1,0.345,0.645,0.37,0.0,0.08,1.0,1.0,Computing,0
CANONICAL_000428,17,0.55,0.55,0.53,0.54,-0.01,0.01,0.3175,0.645,0.405,0.0,-0.01,1.0,1.0,Computing,0
CANONICAL_000429,17,0.24,0.2,0.22,0.21,-0.03,-0.01,0.0875,0.94,0.1875,0.0,0.22,0.0,1.0,Computing,0
CANONICAL_000430,17,0.35,0.39,0.47,0.45,0.1,-0.02,0.4025,0.525,0.4,0.0,-0.09,1.0,1.0,Computing,0
CANONICAL_000431,17,0.56,0.56,0.59,0.62,0.06,0.03,0.67,0.35,0.6175,1.0,0.1,1.0,1.0,Computing,0
CANONICAL_000432,17,0.07,0.11,0.13,0.15,0.08,0.02,0.1875,0.8125,0.29,0.0,-0.04,1.0,1.0,Computing,0
CANONICAL_000433,17,0.48,0.58,0.64,0.63,0.15,-0.01,0.2825,0.5825,0.3525,0.0,0.13,2.0,1.0,Computing,0
CANONICAL_000434,17,0.36,0.3,0.37,0.33,-0.03,-0.04,0.3275,0.6675,0.32,0.0,0.0,1.0,1.0,Computing,0
CANONICAL_000435,17,0.4,0.5,0.52,0.38,-0.02,-0.14,0.285,0.7075,0.415,0.0,-0.19,2.0,1.0,Computing,0
CANONICAL_000436,17,0.14,0.11,0.09,0.05,-0.09,-0.04,0.0075,0.89,0.15,0.0,-0.2,1.0,1.0,Computing,0
CANONICAL_000437,17,0.15,0.34,0.38,0.35,0.2,-0.03,0.1675,0.8175,0.2825,0.0,-0.25,4.0,1.0,Computing,0
CANONICAL_000438,17,0.27,0.42,0.31,0.34,0.07,0.03,0.435,0.685,0.3725,0.0,-0.05,1.0,1.0,Computing,0
CANONICAL_000439,17,0.27,0.28,0.28,0.46,0.19,0.18,0.475,0.535,0.5,0.0,0.45,3.0,1.0,Computing,0
CANONICAL_000440,17,0.2,0.14,0.0,0.0,-0.2,0.0,0.0,0.9725,0.1325,0.0,-0.04,3.0,1.0,Computing,0
CANONICAL_000441,17,0.52,0.45,0.33,0.27,-0.25,-0.06,0.01,0.9575,0.17,0.0,0.17,2.0,1.0,Computing,1
CANONICAL_000442,17,0.01,0.1,0.0,0.0,-0.01,0.0,0.045,0.9325,0.12,0.0,-0.13,2.0,1.0,Computing,0
CANONICAL_000443,17,0.23,0.25,0.35,0.38,0.15,0.03,0.1675,0.78,0.31,0.0,0.38,0.0,1.0,Computing,0
CANONICAL_000444,17,0.09,0.18,0.2,0.27,0.18,0.07,0.2375,0.8225,0.33,0.0,-0.08,4.0,1.0,Computing,0
CANONICAL_000445,17,0.54,0.74,0.66,0.74,0.2,0.08,0.575,0.4625,0.5,0.0,0.07,0.0,1.0,Computing,0
CANONICAL_000446,17,0.34,0.3,0.36,0.44,0.1,0.08,0.51,0.5125,0.52,0.0,-0.32,1.0,1.0,Computing,0
CANONICAL_000447,17,0.22,0.14,0.24,0.34,0.12,0.1,0.4025,0.675,0.435,0.0,0.03,0.0,1.0,Computing,0
CANONICAL_000448,17,0.12,0.16,0.22,0.22,0.1,0.0,0.0675,0.9525,0.215,0.0,0.19,1.0,1.0,Computing,0
CANONICAL_000449,17,0.33,0.44,0.44,0.63,0.3,0.19,0.7325,0.25,0.6775,1.0,-0.01,2.0,1.0,Computing,0
CANONICAL_000450,17,0.1,0.04,0.08,0.07,-0.03,-0.01,0.23,0.8175,0.28,0.0,0.01,3.0,1.0,Computing,0
CANONICAL_000451,17,0.34,0.36,0.45,0.48,0.14,0.03,0.595,0.445,0.64,0.0,-0.16,1.0,1.0,Computing,0
CANONICAL_000452,17,0.58,0.71,0.69,0.82,0.24,0.13,0.7525,0.2375,0.6825,2.0,-0.23,4.0,1.0,Computing,0
CANONICAL_000453,17,0.55,0.44,0.46,0.53,-0.02,0.07,0.505,0.5375,0.445,0.0,0.04,1.0,1.0,Computing,0
CANONICAL_000454,17,0.14,0.18,0.18,0.02,-0.12,-0.16,0.0375,0.955,0.145,0.0,-0.09,0.0,1.0,Computing,0
CANONICAL_000455,17,0.54,0.52,0.41,0.43,-0.11,0.02,0.5125,0.5425,0.48,0.0,-0.09,0.0,1.0,Computing,0
CANONICAL_000456,17,0.05,0.08,0.17,0.26,0.21,0.09,0.3425,0.665,0.3975,0.0,0.01,2.0,1.0,Computing,0
CANONICAL_000457,17,0.23,0.3,0.49,0.4,0.17,-0.09,0.3025,0.63,0.29,0.0,-0.14,0.0,1.0,Computing,0
CANONICAL_000458,17,0.15,0.19,0.14,0.22,0.07,0.08,0.33,0.6975,0.3975,0.0,-0.29,1.0,1.0,Computing,0
CANONICAL_000459,17,0.04,0.0,0.1,0.15,0.11,0.05,0.055,0.8575,0.22,0.0,0.26,0.0,1.0,Computing,0
CANONICAL_000460,17,0.42,0.4,0.35,0.47,0.05,0.12,0.3325,0.7075,0.3375,0.0,-0.17,1.0,1.0,Computing,0
CANONICAL_000461,17,0.47,0.6,0.64,0.6,0.13,-0.04,0.75,0.275,0.715,1.0,0.24,2.0,1.0,Computing,0
CANONICAL_000462,17,0.46,0.51,0.65,0.75,0.29,0.1,0.8625,0.2175,0.705,1.0,0.32,1.0,1.0,Computing,0
CANONICAL_000463,17,0.29,0.38,0.36,0.39,0.1,0.03,0.3375,0.63,0.445,0.0,-0.42,0.0,1.0,Computing,0
CANONICAL_000464,17,0.33,0.37,0.38,0.55,0.22,0.17,0.475,0.5825,0.4775,0.0,0.43,0.0,1.0,Computing,0
CANONICAL_000465,17,0.61,0.69,0.57,0.81,0.2,0.24,0.9575,0.085,0.75,2.0,0.07,1.0,1.0,Computing,0
CANONICAL_000466,17,0.23,0.22,0.18,0.33,0.1,0.15,0.495,0.445,0.4925,0.0,-0.13,0.0,1.0,Computing,0
CANONICAL_000467,17,0.33,0.29,0.15,0.21,-0.12,0.06,0.1875,0.7975,0.2175,0.0,0.06,1.0,1.0,Computing,1
CANONICAL_000468,17,0.19,0.27,0.32,0.53,0.34,0.21,0.4525,0.5425,0.415,0.0,0.07,2.0,1.0,Computing,0
CANONICAL_000469,17,0.48,0.59,0.67,0.74,0.26,0.07,0.535,0.5,0.5175,0.0,0.17,0.0,1.0,Computing,0
CANONICAL_000470,17,0.46,0.41,0.41,0.36,-0.1,-0.05,0.4725,0.5575,0.515,0.0,-0.15,1.0,1.0,Computing,0
CANONICAL_000471,17,0.34,0.31,0.35,0.37,0.03,0.02,0.2325,0.76,0.3625,0.0,0.17,1.0,1.0,Computing,0
CANONICAL_000472,17,0.29,0.3,0.29,0.37,0.08,0.08,0.36,0.625,0.3975,0.0,-0.33,0.0,1.0,Computing,0
CANONICAL_000473,17,0.3,0.45,0.53,0.62,0.32,0.09,0.64,0.3225,0.61,0.0,-0.17,1.0,1.0,Computing,0
CANONICAL_000474,17,0.33,0.39,0.42,0.35,0.02,-0.07,0.2875,0.7525,0.4275,0.0,-0.14,0.0,1.0,Computing,0
CANONICAL_000475,17,0.07,0.0,0.0,0.0,-0.07,0.0,0.0275,0.9875,0.1975,0.0,-0.05,1.0,1.0,Computing,0
CANONICAL_000476,17,0.33,0.35,0.44,0.43,0.1,-0.01,0.54,0.41,0.4875,0.0,0.18,2.0,1.0,Computing,0
CANONICAL_000477,17,0.57,0.57,0.56,0.62,0.05,0.06,0.5575,0.485,0.515,0.0,0.02,0.0,1.0,Computing,0
CANONICAL_000478,17,0.17,0.09,0.01,0.09,-0.08,0.08,0.1,0.9025,0.2075,0.0,0.09,2.0,1.0,Computing,0
CANONICAL_000479,17,0.32,0.34,0.32,0.35,0.03,0.03,0.23,0.7725,0.28,0.0,-0.19,1.0,1.0,Computing,0
CANONICAL_000480,17,0.26,0.26,0.12,0.08,-0.18,-0.04,0.1675,0.8075,0.255,0.0,-0.12,0.0,1.0,Computing,0
CANONICAL_000481,17,0.21,0.2,0.12,0.28,0.07,0.16,0.28,0.7975,0.3175,0.0,0.29,2.0,1.0,Computing,0
CANONICAL_000482,17,0.45,0.43,0.46,0.4,-0.05,-0.06,0.1425,0.775,0.24,0.0,-0.03,1.0,1.0,Computing,0
CANONICAL_000483,17,0.19,0.33,0.37,0.49,0.3,0.12,0.8875,0.1825,0.7275,2.0,0.09,1.0,1.0,Computing,0
CANONICAL_000484,17,0.42,0.41,0.46,0.54,0.12,0.08,0.3975,0.545,0.43,0.0,0.09,2.0,1.0,Computing,0
CANONICAL_000485,17,0.31,0.34,0.36,0.48,0.17,0.12,0.6325,0.3375,0.59,1.0,-0.17,3.0,1.0,Computing,0
CANONICAL_000486,17,0.09,0.1,0.07,0.05,-0.04,-0.02,0.05,0.8875,0.175,0.0,-0.09,4.0,1.0,Computing,0
CANONICAL_000487,17,0.18,0.16,0.18,0.19,0.01,0.01,0.18,0.8575,0.2275,0.0,0.13,2.0,1.0,Computing,0
CANONICAL_000488,17,0.29,0.32,0.3,0.32,0.03,0.02,0.245,0.7425,0.3,0.0,-0.37,3.0,1.0,Computing,0
CANONICAL_000489,17,0.19,0.22,0.11,0.09,-0.1,-0.02,0.0125,0.975,0.1975,0.0,0.04,0.0,1.0,Computing,1
CANONICAL_000490,17,0.25,0.28,0.24,0.28,0.03,0.04,0.24,0.7175,0.285,0.0,-0.04,1.0,1.0,Computing,0
CANONICAL_000491,17,0.26,0.21,0.31,0.45,0.19,0.14,0.355,0.6825,0.4075,0.0,-0.28,0.0,1.0,Computing,0
CANONICAL_000492,17,0.19,0.19,0.34,0.25,0.06,-0.09,0.1975,0.74,0.345,0.0,-0.09,0.0,1.0,Computing,0
CANONICAL_000493,17,0.12,0.2,0.28,0.24,0.12,-0.04,0.4525,0.4725,0.495,0.0,0.14,1.0,1.0,Computing,0
CANONICAL_000494,17,0.36,0.36,0.51,0.47,0.11,-0.04,0.6025,0.4625,0.5925,0.0,0.04,2.0,1.0,Computing,0
CANONICAL_000495,17,0.01,0.04,0.07,0.08,0.07,0.01,0.1,0.7875,0.225,0.0,-0.03,1.0,1.0,Computing,0
CANONICAL_000496,17,0.23,0.26,0.42,0.43,0.2,0.01,0.5025,0.4225,0.57,0.0,-0.12,2.0,1.0,Computing,0
CANONICAL_000497,17,0.37,0.42,0.61,0.69,0.32,0.08,0.7375,0.2,0.7375,1.0,-0.07,1.0,1.0,Computing,0
CANONICAL_000498,17,0.47,0.53,0.42,0.44,-0.03,0.02,0.5125,0.5125,0.5625,0.0,-0.36,1.0,1.0,Computing,0
CANONICAL_000499,17,0.23,0.24,0.28,0.32,0.09,0.04,0.2675,0.6775,0.335,0.0,0.19,0.0,1.0,Computing,0
CANONICAL_000500,17,0.6,0.55,0.58,0.63,0.03,0.05,0.675,0.3125,0.705,1.0,-0.14,1.0,1.0,Computing,0
CANONICAL_000501,17,0.11,0.03,0.02,0.06,-0.05,0.04,0.0225,0.935,0.1625,0.0,-0.05,0.0,1.0,Computing,0
CANONICAL_000502,17,0.29,0.39,0.45,0.53,0.24,0.08,0.2675,0.755,0.36,0.0,-0.19,2.0,1.0,Computing,0
CANONICAL_000503,17,0.24,0.33,0.35,0.36,0.12,0.01,0.4075,0.6075,0.435,0.0,-0.15,0.0,1.0,Computing,0
CANONICAL_000504,17,0.09,0.16,0.12,0.28,0.19,0.16,0.535,0.435,0.505,0.0,0.09,0.0,1.0,Computing,0
CANONICAL_000505,17,0.34,0.43,0.45,0.67,0.33,0.22,0.9075,0.19,0.825,2.0,0.23,2.0,1.0,Computing,0
CANONICAL_000506,17,0.26,0.27,0.38,0.46,0.2,0.08,0.4975,0.5,0.51,0.0,-0.13,1.0,1.0,Computing,0
CANONICAL_000507,17,0.11,0.08,0.11,0.15,0.04,0.04,0.215,0.835,0.34,0.0,0.2,1.0,1.0,Computing,0
CANONICAL_000508,17,0.34,0.28,0.35,0.42,0.08,0.07,0.395,0.645,0.3525,0.0,-0.02,0.0,1.0,Computing,0
CANONICAL_000509,17,0.07,0.0,0.0,0.0,-0.07,0.0,0.0425,0.95,0.1925,0.0,-0.2,1.0,1.0,Computing,0
CANONICAL_000510,17,0.39,0.51,0.57,0.6,0.21,0.03,0.315,0.72,0.3425,0.0,0.08,2.0,1.0,Computing,0
CANONICAL_000511,17,0.17,0.15,0.07,0.04,-0.13,-0.03,0.085,0.92,0.2275,0.0,-0.22,3.0,1.0,Computing,0
CANONICAL_000512,17,0.69,0.8,0.78,0.84,0.15,0.06,0.9575,0.08,0.8425,3.0,0.05,2.0,1.0,Computing,0
CANONICAL_000513,17,0.17,0.18,0.19,0.15,-0.02,-0.04,0.0075,0.9725,0.13,0.0,-0.05,0.0,1.0,Computing,0
CANONICAL_000514,17,0.26,0.23,0.14,0.14,-0.12,0.0,0.13,0.86,0.1725,0.0,0.31,2.0,1.0,Computing,1
CANONICAL_000515,17,0.34,0.27,0.23,0.1,-0.24,-0.13,0.17,0.815,0.26,0.0,0.04,0.0,1.0,Computing,1
CANONICAL_000516,17,0.19,0.17,0.21,0.14,-0.05,-0.07,0.3575,0.6475,0.4475,0.0,0.0,0.0,1.0,Computing,0
CANONICAL_000517,17,0.44,0.58,0.61,0.65,0.21,0.04,0.345,0.6425,0.35,0.0,-0.04,0.0,1.0,Computing,0
CANONICAL_000518,17,0.29,0.23,0.31,0.26,-0.03,-0.05,0.17,0.845,0.23,0.0,0.24,2.0,1.0,Computing,0
CANONICAL_000519,17,0.04,0.23,0.2,0.31,0.27,0.11,0.3725,0.6625,0.355,0.0,0.0,2.0,1.0,Computing,0
CANONICAL_000520,17,0.09,0.04,0.06,0.01,-0.08,-0.05,0.0475,0.925,0.205,0.0,-0.17,2.0,1.0,Computing,0
CANONICAL_000521,17,0.47,0.55,0.52,0.58,0.11,0.06,0.2425,0.8,0.3375,0.0,0.18,2.0,1.0,Computing,0
CANONICAL_000522,17,0.27,0.28,0.36,0.32,0.05,-0.04,0.525,0.55,0.495,0.0,0.06,0.0,1.0,Computing,0
CANONICAL_000523,17,0.24,0.23,0.35,0.4,0.16,0.05,0.2525,0.7475,0.2875,0.0,0.11,1.0,1.0,Computing,0
CANONICAL_000524,17,0.27,0.19,0.24,0.14,-0.13,-0.1,0.0725,0.9575,0.16,0.0,-0.01,2.0,1.0,Computing,0
CANONICAL_000525,17,0.1,0.12,0.22,0.2,0.1,-0.02,0.025,0.9625,0.0875,0.0,0.15,2.0,1.0,Computing,0
CANONICAL_000526,17,0.23,0.16,0.18,0.13,-0.1,-0.05,0.025,0.8775,0.15,0.0,0.04,2.0,1.0,Computing,1
CANONICAL_000527,17,0.26,0.15,0.23,0.32,0.06,0.09,0.1575,0.82,0.22,0.0,-0.17,0.0,1.0,Computing,0
CANONICAL_000528,17,0.69,0.72,0.74,0.8,0.11,0.06,0.62,0.4525,0.5775,0.0,-0.25,2.0,1.0,Computing,0
CANONICAL_000529,17,0.25,0.22,0.16,0.08,-0.17,-0.08,0.145,0.86,0.215,0.0,-0.23,1.0,1.0,Computing,0
CANONICAL_000530,17,0.24,0.4,0.44,0.44,0.2,0.0,0.655,0.3825,0.59,0.0,-0.28,2.0,1.0,Computing,0
CANONICAL_000531,17,0.28,0.38,0.32,0.28,0.0,-0.04,0.2325,0.795,0.3175,0.0,0.07,1.0,1.0,Computing,1
CANONICAL_000532,17,0.27,0.43,0.64,0.73,0.46,0.09,0.565,0.515,0.5425,0.0,0.02,4.0,1.0,Computing,0
CANONICAL_000533,17,0.23,0.2,0.19,0.31,0.08,0.12,0.3875,0.6425,0.365,0.0,0.01,0.0,1.0,Computing,0
CANONICAL_000534,17,0.43,0.46,0.53,0.43,0.0,-0.1,0.7475,0.3,0.6975,2.0,0.08,2.0,1.0,Computing,1
CANONICAL_000535,17,0.22,0.03,0.05,0.14,-0.08,0.09,0.0325,0.975,0.1425,0.0,-0.09,1.0,1.0,Computing,0
CANONICAL_000536,17,0.48,0.47,0.4,0.35,-0.13,-0.05,0.51,0.4425,0.4925,0.0,-0.09,0.0,1.0,Computing,0
CANONICAL_000537,17,0.23,0.26,0.13,0.13,-0.1,0.0,0.0,0.885,0.2075,0.0,0.06,0.0,1.0,Computing,1
CANONICAL_000538,17,0.43,0.46,0.54,0.57,0.14,0.03,0.59,0.455,0.545,0.0,-0.29,2.0,1.0,Computing,0
CANONICAL_000539,17,0.39,0.4,0.55,0.71,0.32,0.16,0.745,0.2775,0.625,0.0,0.29,0.0,1.0,Computing,0
CANONICAL_000540,17,0.21,0.23,0.2,0.13,-0.08,-0.07,0.1375,0.86,0.2575,0.0,0.22,0.0,1.0,Computing,1
CANONICAL_000541,17,0.09,0.0,0.0,0.09,0.0,0.09,0.2925,0.71,0.3425,0.0,0.44,4.0,1.0,Computing,0
CANONICAL_000542,17,0.6,0.64,0.64,0.56,-0.04,-0.08,0.5075,0.47,0.54,0.0,0.04,2.0,1.0,Computing,1
CANONICAL_000543,17,0.23,0.29,0.23,0.15,-0.08,-0.08,0.5075,0.5375,0.6175,0.0,-0.1,0.0,1.0,Computing,0
CANONICAL_000544,17,0.3,0.43,0.4,0.42,0.12,0.02,0.445,0.5625,0.48,0.0,-0.16,1.0,1.0,Computing,0
CANONICAL_000545,17,0.16,0.21,0.28,0.3,0.14,0.02,0.875,0.16,0.795,2.0,0.09,1.0,1.0,Computing,0
CANONICAL_000546,17,0.18,0.19,0.21,0.0,-0.18,-0.21,0.145,0.7475,0.2425,0.0,0.13,3.0,1.0,Computing,1
CANONICAL_000547,17,0.48,0.59,0.54,0.65,0.17,0.11,0.4125,0.63,0.42,0.0,-0.04,2.0,1.0,Computing,0
CANONICAL_000548,17,0.53,0.36,0.42,0.27,-0.26,-0.15,0.265,0.7375,0.3575,0.0,0.11,3.0,1.0,Computing,1
CANONICAL_000549,17,0.36,0.34,0.41,0.42,0.06,0.01,0.2775,0.735,0.265,0.0,0.01,0.0,1.0,Computing,0
CANONICAL_000550,17,0.25,0.21,0.2,0.33,0.08,0.13,0.3775,0.63,0.4925,0.0,-0.24,2.0,1.0,Computing,0
CANONICAL_000551,17,0.38,0.4,0.43,0.63,0.25,0.2,0.4,0.565,0.48,0.0,-0.29,0.0,1.0,Computing,0
CANONICAL_000552,17,0.2,0.04,0.1,0.09,-0.11,-0.01,0.04,0.9525,0.175,0.0,0.0,0.0,1.0,Computing,0
CANONICAL_000553,17,0.3,0.42,0.48,0.38,0.08,-0.1,0.4525,0.615,0.4125,0.0,-0.11,2.0,1.0,Computing,0
CANONICAL_000554,17,0.13,0.13,0.16,0.28,0.15,0.12,0.37,0.5725,0.395,0.0,0.01,0.0,1.0,Computing,0
CANONICAL_000555,17,0.13,0.17,0.31,0.4,0.27,0.09,0.3275,0.69,0.3825,0.0,-0.24,1.0,1.0,Computing,0
CANONICAL_000556,17,0.35,0.39,0.46,0.44,0.09,-0.02,0.495,0.485,0.42,0.0,0.22,3.0,1.0,Computing,0
CANONICAL_000557,17,0.32,0.44,0.43,0.4,0.08,-0.03,0.095,0.9175,0.215,0.0,-0.03,1.0,1.0,Computing,0
CANONICAL_000558,17,0.31,0.18,0.17,0.13,-0.18,-0.04,0.4075,0.6275,0.4125,0.0,-0.04,0.0,1.0,Computing,0
CANONICAL_000559,17,0.23,0.26,0.23,0.22,-0.01,-0.01,0.125,0.8,0.2325,0.0,0.02,2.0,1.0,Computing,1
CANONICAL_000560,17,0.31,0.42,0.49,0.54,0.23,0.05,0.8,0.205,0.7725,3.0,-0.02,4.0,1.0,Computing,0
CANONICAL_000561,17,0.17,0.18,0.15,0.13,-0.04,-0.02,0.145,0.905,0.24,0.0,-0.04,2.0,1.0,Computing,0
CANONICAL_000562,17,0.04,0.0,0.0,0.0,-0.04,0.0,0.195,0.7475,0.29,0.0,-0.21,1.0,1.0,Computing,0
CANONICAL_000563,17,0.28,0.25,0.35,0.42,0.14,0.07,0.4225,0.59,0.415,0.0,-0.06,0.0,1.0,Computing,0
CANONICAL_000564,17,0.09,0.08,0.12,0.02,-0.07,-0.1,0.0225,0.98,0.1475,0.0,-0.02,0.0,1.0,Computing,0
CANONICAL_000565,17,0.41,0.37,0.49,0.48,0.07,-0.01,0.6225,0.4225,0.585,0.0,-0.15,2.0,1.0,Computing,0
CANONICAL_000566,17,0.52,0.52,0.61,0.49,-0.03,-0.12,0.425,0.545,0.445,0.0,-0.07,0.0,1.0,Computing,0
CANONICAL_000567,17,0.63,0.77,0.7,0.73,0.1,0.03,0.8825,0.1825,0.7925,3.0,0.0,3.0,1.0,Computing,0
CANONICAL_000568,17,0.27,0.24,0.26,0.12,-0.15,-0.14,0.185,0.7625,0.24,0.0,0.31,1.0,1.0,Computing,1
CANONICAL_000569,17,0.16,0.14,0.24,0.33,0.17,0.09,0.225,0.7875,0.37,0.0,0.11,1.0,1.0,Computing,0
CANONICAL_000570,17,0.3,0.36,0.28,0.2,-0.1,-0.08,0.2225,0.7625,0.33,0.0,0.0,2.0,1.0,Computing,0
CANONICAL_000571,17,0.25,0.25,0.31,0.19,-0.06,-0.12,0.4275,0.63,0.4725,0.0,0.2,2.0,1.0,Computing,1
CANONICAL_000572,17,0.28,0.19,0.21,0.2,-0.08,-0.01,0.1225,0.8925,0.2275,0.0,0.17,2.0,1.0,Computing,0
CANONICAL_000573,17,0.47,0.49,0.37,0.52,0.05,0.15,0.33,0.645,0.3325,0.0,-0.05,4.0,1.0,Computing,0
CANONICAL_000574,17,0.22,0.23,0.26,0.34,0.12,0.08,0.6675,0.3275,0.6075,1.0,0.01,4.0,1.0,Computing,0
CANONICAL_000575,17,0.25,0.35,0.3,0.17,-0.08,-0.13,0.4325,0.575,0.49,0.0,0.07,4.0,1.0,Computing,1
CANONICAL_000576,17,0.13,0.08,0.0,0.0,-0.13,0.0,0.015,1.0,0.1825,0.0,0.0,3.0,1.0,Computing,0
CANONICAL_000577,17,0.26,0.36,0.38,0.37,0.11,-0.01,0.2625,0.6475,0.35,0.0,0.05,2.0,1.0,Computing,0
CANONICAL_000578,17,0.58,0.59,0.45,0.65,0.07,0.2,0.545,0.3925,0.4925,0.0,-0.47,2.0,1.0,Computing,0
CANONICAL_000579,17,0.17,0.11,0.07,0.02,-0.15,-0.05,0.0125,0.98,0.2025,0.0,-0.08,0.0,1.0,Computing,0
CANONICAL_000580,17,0.44,0.36,0.58,0.53,0.09,-0.05,0.6125,0.455,0.57,0.0,0.16,0.0,1.0,Computing,0
CANONICAL_000581,17,0.24,0.41,0.49,0.63,0.39,0.14,0.8125,0.2525,0.76,2.0,0.03,0.0,1.0,Computing,0
CANONICAL_000582,17,0.45,0.45,0.4,0.44,-0.01,0.04,0.55,0.4825,0.61,0.0,0.37,0.0,1.0,Computing,1
CANONICAL_000583,17,0.42,0.51,0.65,0.75,0.33,0.1,0.625,0.3875,0.57,0.0,0.13,1.0,1.0,Computing,0
CANONICAL_000584,17,0.12,0.01,0.0,0.0,-0.12,0.0,0.04,0.8925,0.25,0.0,-0.13,0.0,1.0,Computing,0
CANONICAL_000585,17,0.41,0.64,0.62,0.63,0.22,0.01,0.3175,0.675,0.395,0.0,0.32,3.0,1.0,Computing,1
CANONICAL_000586,17,0.09,0.18,0.11,0.23,0.14,0.12,0.2425,0.8,0.28,0.0,0.05,3.0,1.0,Computing,0
CANONICAL_000587,17,0.1,0.1,0.14,0.15,0.05,0.01,0.0575,0.94,0.1675,0.0,-0.14,0.0,1.0,Computing,0
CANONICAL_000588,17,0.23,0.22,0.35,0.46,0.23,0.11,0.3525,0.59,0.34,0.0,0.04,0.0,1.0,Computing,0
CANONICAL_000589,17,0.55,0.63,0.57,0.62,0.07,0.05,0.535,0.4725,0.4525,0.0,0.13,3.0,1.0,Computing,1
CANONICAL_000590,17,0.35,0.43,0.28,0.22,-0.13,-0.06,0.28,0.6825,0.395,0.0,0.12,3.0,1.0,Computing,1
CANONICAL_000591,17,0.14,0.17,0.28,0.3,0.16,0.02,0.245,0.735,0.33,0.0,0.31,4.0,1.0,Computing,0
CANONICAL_000592,17,0.05,0.07,0.22,0.32,0.27,0.1,0.3525,0.6075,0.4625,0.0,-0.22,4.0,1.0,Computing,0
CANONICAL_000593,17,0.38,0.45,0.31,0.38,0.0,0.07,0.29,0.695,0.3625,0.0,0.06,4.0,1.0,Computing,1
CANONICAL_000594,17,0.28,0.16,0.22,0.23,-0.05,0.01,0.325,0.8125,0.4025,0.0,-0.31,1.0,1.0,Computing,0
CANONICAL_000595,17,0.31,0.3,0.34,0.2,-0.11,-0.14,0.39,0.595,0.5125,0.0,-0.05,0.0,1.0,Computing,0
CANONICAL_000596,17,0.34,0.23,0.19,0.06,-0.28,-0.13,0.22,0.745,0.2925,0.0,0.36,2.0,1.0,Computing,1
CANONICAL_000597,17,0.48,0.54,0.45,0.35,-0.13,-0.1,0.375,0.725,0.41,0.0,0.0,0.0,1.0,Computing,0
CANONICAL_000598,17,0.26,0.22,0.32,0.3,0.04,-0.02,0.3375,0.5825,0.405,0.0,0.26,3.0,1.0,Computing,0
CANONICAL_000599,17,0.5,0.4,0.43,0.42,-0.08,-0.01,0.31,0.6725,0.385,0.0,-0.01,1.0,1.0,Computing,0
CANONICAL_000600,17,0.15,0.11,0.15,0.05,-0.1,-0.1,0.0,0.9325,0.19,0.0,0.26,2.0,1.0,Computing,1
CANONICAL_000601,17,0.06,0.1,0.07,0.17,0.11,0.1,0.065,0.925,0.27,0.0,0.04,0.0,1.0,Computing,0
CANONICAL_000602,17,0.45,0.45,0.41,0.33,-0.12,-0.08,0.285,0.6925,0.2675,0.0,0.23,1.0,1.0,Computing,1
CANONICAL_000603,17,0.11,0.04,0.0,0.0,-0.11,0.0,0.025,0.915,0.155,0.0,0.19,1.0,1.0,Computing,1
CANONICAL_000604,17,0.3,0.18,0.19,0.21,-0.09,0.02,0.535,0.4525,0.5125,0.0,0.12,4.0,1.0,Computing,0
CANONICAL_000605,17,0.54,0.56,0.7,0.8,0.26,0.1,0.9325,0.0875,0.8025,2.0,-0.03,0.0,1.0,Computing,0
CANONICAL_000606,17,0.07,0.04,0.0,0.18,0.11,0.18,0.0875,0.905,0.295,0.0,0.18,4.0,1.0,Computing,0
CANONICAL_000607,17,0.34,0.34,0.23,0.3,-0.04,0.07,0.2475,0.7275,0.3,0.0,0.11,3.0,1.0,Computing,1
CANONICAL_000608,17,0.06,0.07,0.12,0.27,0.21,0.15,0.315,0.7875,0.3375,0.0,0.03,2.0,1.0,Computing,0
CANONICAL_000609,17,0.27,0.32,0.39,0.31,0.04,-0.08,0.5675,0.4175,0.4975,0.0,0.28,2.0,1.0,Computing,1
CANONICAL_000610,17,0.01,0.1,0.08,0.27,0.26,0.19,0.115,0.9175,0.23,0.0,-0.04,2.0,1.0,Computing,0
CANONICAL_000611,17,0.09,0.12,0.12,0.0,-0.09,-0.12,0.0325,0.9225,0.0525,0.0,-0.1,0.0,1.0,Computing,0
CANONICAL_000612,17,0.16,0.16,0.2,0.18,0.02,-0.02,0.0175,0.9975,0.2325,0.0,0.01,0.0,1.0,Computing,0
CANONICAL_000613,17,0.06,0.08,0.09,0.15,0.09,0.06,0.095,0.8275,0.255,0.0,-0.3,3.0,1.0,Computing,0
CANONICAL_000614,17,0.36,0.36,0.46,0.35,-0.01,-0.11,0.36,0.6375,0.35,0.0,-0.08,2.0,1.0,Computing,0
CANONICAL_000615,17,0.33,0.21,0.43,0.38,0.05,-0.05,0.24,0.735,0.3225,0.0,-0.12,0.0,1.0,Computing,0
CANONICAL_000616,17,0.55,0.66,0.54,0.48,-0.07,-0.06,0.4275,0.5475,0.495,0.0,0.07,2.0,1.0,Computing,1
CANONICAL_000617,17,0.11,0.2,0.32,0.32,0.21,0.0,0.0125,0.965,0.15,0.0,0.08,1.0,1.0,Computing,0
CANONICAL_000618,17,0.22,0.4,0.42,0.56,0.34,0.14,0.49,0.4875,0.4875,0.0,0.02,0.0,1.0,Computing,0
CANONICAL_000619,17,0.08,0.28,0.41,0.43,0.35,0.02,0.5625,0.4375,0.5425,0.0,-0.02,1.0,1.0,Computing,0
CANONICAL_000620,17,0.18,0.1,0.18,0.16,-0.02,-0.02,0.2225,0.7425,0.2975,0.0,-0.02,0.0,1.0,Computing,0
CANONICAL_000621,17,0.6,0.59,0.61,0.4,-0.2,-0.21,0.41,0.6325,0.4425,0.0,-0.28,0.0,1.0,Computing,0
CANONICAL_000622,17,0.4,0.62,0.7,0.76,0.36,0.06,1.0,0.0525,0.8375,4.0,0.09,1.0,1.0,Computing,0
CANONICAL_000623,17,0.11,0.12,0.11,0.19,0.08,0.08,0.0225,0.92,0.2325,0.0,0.08,1.0,1.0,Computing,0
CANONICAL_000624,17,0.03,0.07,0.03,0.0,-0.03,-0.03,0.095,0.845,0.13,0.0,-0.12,0.0,1.0,Computing,0
CANONICAL_000625,17,0.03,0.0,0.08,0.1,0.07,0.02,0.0875,0.91,0.1925,0.0,-0.24,1.0,1.0,Computing,0
CANONICAL_000626,17,0.37,0.4,0.35,0.39,0.02,0.04,0.6225,0.4075,0.6175,0.0,0.1,0.0,1.0,Computing,1
CANONICAL_000627,17,0.16,0.33,0.41,0.5,0.34,0.09,0.6025,0.4525,0.555,0.0,-0.03,0.0,1.0,Computing,0
CANONICAL_000628,17,0.74,0.86,0.88,0.85,0.11,-0.03,0.9625,0.08,0.91,4.0,-0.12,0.0,1.0,Computing,0
CANONICAL_000629,17,0.24,0.21,0.05,0.0,-0.24,-0.05,0.1525,0.94,0.2725,0.0,-0.02,0.0,1.0,Computing,0
CANONICAL_000630,17,0.17,0.16,0.13,0.12,-0.05,-0.01,0.23,0.76,0.325,0.0,0.28,0.0,1.0,Computing,1
CANONICAL_000631,17,0.08,0.01,0.06,0.18,0.1,0.12,0.235,0.8625,0.3325,0.0,-0.05,3.0,1.0,Computing,0
CANONICAL_000632,17,0.45,0.4,0.39,0.49,0.04,0.1,0.0775,0.925,0.1225,0.0,0.13,1.0,1.0,Computing,0
CANONICAL_000633,17,0.2,0.06,0.0,0.02,-0.18,0.02,0.0,0.925,0.1075,0.0,-0.02,0.0,1.0,Computing,0
CANONICAL_000634,17,0.26,0.27,0.4,0.5,0.24,0.1,0.4775,0.6,0.535,0.0,0.16,0.0,1.0,Computing,0
CANONICAL_000635,17,0.28,0.42,0.45,0.28,0.0,-0.17,0.1925,0.7375,0.36,0.0,-0.02,0.0,1.0,Computing,0
CANONICAL_000636,17,0.25,0.3,0.35,0.44,0.19,0.09,0.4225,0.6275,0.44,0.0,-0.31,2.0,1.0,Computing,0
CANONICAL_000637,17,0.39,0.52,0.5,0.43,0.04,-0.07,0.1775,0.84,0.325,0.0,-0.08,1.0,1.0,Computing,0
CANONICAL_000638,17,0.09,0.2,0.26,0.42,0.33,0.16,0.3725,0.67,0.375,0.0,-0.01,0.0,1.0,Computing,0
CANONICAL_000639,17,0.24,0.22,0.38,0.32,0.08,-0.06,0.2,0.77,0.3225,0.0,0.17,1.0,1.0,Computing,0
CANONICAL_000640,17,0.2,0.16,0.12,0.07,-0.13,-0.05,0.1475,0.855,0.2,0.0,0.37,1.0,1.0,Computing,1
CANONICAL_000641,17,0.4,0.36,0.52,0.58,0.18,0.06,0.5425,0.42,0.57,0.0,-0.12,0.0,1.0,Computing,0
CANONICAL_000642,17,0.47,0.35,0.4,0.47,0.0,0.07,0.37,0.62,0.33,0.0,0.17,2.0,1.0,Computing,0
CANONICAL_000643,17,0.13,0.15,0.1,0.09,-0.04,-0.01,0.025,0.935,0.1225,0.0,-0.08,1.0,1.0,Computing,0
CANONICAL_000644,17,0.4,0.19,0.39,0.44,0.04,0.05,0.4475,0.645,0.435,0.0,0.24,0.0,1.0,Computing,0
CANONICAL_000645,17,0.09,0.16,0.21,0.27,0.18,0.06,0.4175,0.56,0.555,0.0,0.01,2.0,1.0,Computing,0
CANONICAL_000646,17,0.25,0.27,0.35,0.4,0.15,0.05,0.0325,0.98,0.2225,0.0,0.0,2.0,1.0,Computing,0
CANONICAL_000647,17,0.26,0.32,0.32,0.31,0.05,-0.01,0.1575,0.875,0.235,0.0,-0.02,2.0,1.0,Computing,0
CANONICAL_000648,17,0.45,0.56,0.52,0.58,0.13,0.06,0.5975,0.375,0.5875,0.0,-0.21,0.0,1.0,Computing,0
CANONICAL_000649,17,0.39,0.43,0.46,0.59,0.2,0.13,0.9375,0.0875,0.87,3.0,-0.22,1.0,1.0,Computing,0
CANONICAL_000650,17,0.1,0.25,0.39,0.32,0.22,-0.07,0.1225,0.79,0.2775,0.0,0.28,1.0,1.0,Computing,0
CANONICAL_000651,17,0.38,0.45,0.45,0.4,0.02,-0.05,0.615,0.4875,0.52,0.0,0.08,2.0,1.0,Computing,1
CANONICAL_000652,17,0.3,0.26,0.28,0.3,0.0,0.02,0.215,0.7675,0.29,0.0,0.26,1.0,1.0,Computing,0
CANONICAL_000653,17,0.59,0.59,0.73,0.66,0.07,-0.07,0.34,0.715,0.405,0.0,0.28,0.0,1.0,Computing,0
CANONICAL_000654,17,0.18,0.02,0.01,0.0,-0.18,-0.01,0.1625,0.7875,0.27,0.0,0.21,2.0,1.0,Computing,1
CANONICAL_000655,17,0.21,0.16,0.22,0.33,0.12,0.11,0.01,0.8875,0.1725,0.0,-0.35,2.0,1.0,Computing,0
CANONICAL_000656,17,0.62,0.61,0.7,0.54,-0.08,-0.16,0.5825,0.34,0.6275,1.0,0.13,1.0,1.0,Computing,1
CANONICAL_000657,17,0.49,0.55,0.56,0.54,0.05,-0.02,0.3425,0.7725,0.38,0.0,-0.06,3.0,1.0,Computing,0
CANONICAL_000658,17,0.1,0.06,0.1,0.18,0.08,0.08,0.2825,0.735,0.3975,0.0,0.0,3.0,1.0,Computing,0
CANONICAL_000659,17,0.25,0.17,0.24,0.28,0.03,0.04,0.53,0.5125,0.5725,0.0,0.03,0.0,1.0,Computing,0
CANONICAL_000660,17,0.34,0.21,0.2,0.19,-0.15,-0.01,0.0075,0.98,0.07,0.0,0.06,3.0,1.0,Computing,1
CANONICAL_000661,17,0.4,0.37,0.46,0.39,-0.01,-0.07,0.4725,0.55,0.4475,0.0,-0.12,1.0,1.0,Computing,0
CANONICAL_000662,17,0.12,0.29,0.27,0.32,0.2,0.05,0.375,0.63,0.37,0.0,0.06,2.0,1.0,Computing,0
CANONICAL_000663,17,0.56,0.6,0.56,0.51,-0.05,-0.05,0.665,0.33,0.6175,0.0,-0.18,3.0,1.0,Computing,0
CANONICAL_000664,17,0.06,0.16,0.06,0.1,0.04,0.04,0.27,0.765,0.29,0.0,0.25,1.0,1.0,Computing,1
CANONICAL_000665,17,0.12,0.07,0.05,0.08,-0.04,0.03,0.2675,0.6575,0.325,0.0,-0.11,1.0,1.0,Computing,0
CANONICAL_000666,17,0.53,0.42,0.38,0.41,-0.12,0.03,0.6875,0.26,0.67,2.0,-0.42,3.0,1.0,Computing,0
CANONICAL_000667,17,0.27,0.19,0.18,0.15,-0.12,-0.03,0.075,0.95,0.21,0.0,-0.05,0.0,1.0,Computing,0
CANONICAL_000668,17,0.28,0.29,0.36,0.54,0.26,0.18,0.8775,0.195,0.7625,2.0,0.0,0.0,1.0,Computing,0
CANONICAL_000669,17,0.3,0.16,0.04,0.09,-0.21,0.05,0.0425,0.9225,0.1975,0.0,-0.31,1.0,1.0,Computing,0
CANONICAL_000670,17,0.14,0.08,0.0,0.0,-0.14,0.0,0.3625,0.7025,0.4275,0.0,0.19,3.0,1.0,Computing,1
CANONICAL_000671,17,0.07,0.05,0.01,0.05,-0.02,0.04,0.165,0.87,0.245,0.0,0.07,4.0,1.0,Computing,0
CANONICAL_000672,17,0.33,0.24,0.3,0.26,-0.07,-0.04,0.375,0.645,0.445,0.0,0.19,0.0,1.0,Computing,0
CANONICAL_000673,17,0.36,0.21,0.25,0.24,-0.12,-0.01,0.2125,0.77,0.3175,0.0,0.1,3.0,1.0,Computing,0
CANONICAL_000674,17,0.31,0.35,0.31,0.52,0.21,0.21,0.5125,0.42,0.5175,0.0,0.11,0.0,1.0,Computing,0
CANONICAL_000675,17,0.18,0.2,0.32,0.28,0.1,-0.04,0.17,0.7675,0.25,0.0,0.1,4.0,1.0,Computing,0
CANONICAL_000676,17,0.11,0.19,0.16,0.17,0.06,0.01,0.4225,0.59,0.4725,0.0,-0.15,1.0,1.0,Computing,0
CANONICAL_000677,17,0.23,0.16,0.22,0.2,-0.03,-0.02,0.305,0.705,0.4325,0.0,-0.1,0.0,1.0,Computing,0
CANONICAL_000678,17,0.64,0.72,0.71,0.65,0.01,-0.06,0.705,0.3125,0.7075,1.0,-0.06,0.0,1.0,Computing,0
CANONICAL_000679,17,0.24,0.39,0.34,0.39,0.15,0.05,0.375,0.605,0.4675,0.0,0.07,0.0,1.0,Computing,0
CANONICAL_000680,17,0.22,0.26,0.23,0.25,0.03,0.02,0.385,0.61,0.4075,0.0,0.24,0.0,1.0,Computing,1
CANONICAL_000681,17,0.25,0.22,0.3,0.39,0.14,0.09,0.515,0.435,0.5275,0.0,-0.12,2.0,1.0,Computing,0
CANONICAL_000682,17,0.24,0.27,0.32,0.4,0.16,0.08,0.275,0.73,0.3075,0.0,-0.09,0.0,1.0,Computing,0
CANONICAL_000683,17,0.53,0.5,0.6,0.69,0.16,0.09,0.7775,0.1725,0.6375,0.0,0.12,4.0,1.0,Computing,0
CANONICAL_000684,17,0.39,0.34,0.39,0.34,-0.05,-0.05,0.09,0.935,0.23,0.0,-0.06,2.0,1.0,Computing,0
CANONICAL_000685,17,0.17,0.24,0.14,0.21,0.04,0.07,0.2875,0.7275,0.37,0.0,-0.31,2.0,1.0,Computing,0
CANONICAL_000686,17,0.2,0.21,0.4,0.48,0.28,0.08,0.435,0.56,0.4475,0.0,0.07,0.0,1.0,Computing,0
CANONICAL_000687,17,0.25,0.37,0.42,0.36,0.11,-0.06,0.39,0.62,0.3725,0.0,-0.24,3.0,1.0,Computing,0
CANONICAL_000688,17,0.29,0.27,0.33,0.33,0.04,0.0,0.5,0.5425,0.4875,0.0,0.14,2.0,1.0,Computing,0
CANONICAL_000689,17,0.14,0.13,0.12,0.03,-0.11,-0.09,0.015,0.92,0.115,0.0,0.13,3.0,1.0,Computing,1
CANONICAL_000690,17,0.19,0.16,0.27,0.35,0.16,0.08,0.2375,0.7925,0.305,0.0,0.14,4.0,1.0,Computing,0
CANONICAL_000691,17,0.57,0.5,0.43,0.5,-0.07,0.07,0.47,0.58,0.4325,0.0,0.3,0.0,1.0,Computing,0
CANONICAL_000692,17,0.54,0.63,0.7,0.83,0.29,0.13,0.665,0.335,0.555,0.0,0.21,0.0,1.0,Computing,0
CANONICAL_000693,17,0.21,0.4,0.26,0.26,0.05,0.0,0.235,0.8125,0.3825,0.0,-0.05,3.0,1.0,Computing,0
CANONICAL_000694,17,0.19,0.18,0.26,0.31,0.12,0.05,0.1925,0.8075,0.225,0.0,-0.1,3.0,1.0,Computing,0
CANONICAL_000695,17,0.39,0.36,0.29,0.39,0.0,0.1,0.3775,0.6025,0.365,0.0,-0.15,1.0,1.0,Computing,0
CANONICAL_000696,17,0.05,0.02,0.06,0.02,-0.03,-0.04,0.0125,0.98,0.1025,0.0,0.0,1.0,1.0,Computing,0
CANONICAL_000697,17,0.51,0.48,0.61,0.55,0.04,-0.06,0.555,0.495,0.5425,0.0,0.2,2.0,1.0,Computing,0
CANONICAL_000698,17,0.17,0.32,0.41,0.37,0.2,-0.04,0.2675,0.665,0.2675,0.0,0.01,0.0,1.0,Computing,0
CANONICAL_000699,17,0.35,0.31,0.43,0.42,0.07,-0.01,0.4625,0.575,0.445,0.0,0.18,0.0,1.0,Computing,0
CANONICAL_000700,17,0.06,0.04,0.15,0.1,0.04,-0.05,0.0225,0.9375,0.2025,0.0,-0.04,1.0,1.0,Computing,0
CANONICAL_000701,17,0.4,0.32,0.3,0.26,-0.14,-0.04,0.2575,0.7175,0.2675,0.0,0.38,0.0,1.0,Computing,1
CANONICAL_000702,17,0.36,0.4,0.47,0.56,0.2,0.09,0.3375,0.7025,0.3925,0.0,0.0,1.0,1.0,Computing,0
CANONICAL_000703,17,0.34,0.35,0.23,0.25,-0.09,0.02,0.4775,0.4975,0.5425,0.0,-0.17,4.0,1.0,Computing,0
CANONICAL_000704,17,0.13,0.05,0.02,0.06,-0.07,0.04,0.0825,0.9025,0.19,0.0,-0.07,3.0,1.0,Computing,0
CANONICAL_000705,17,0.19,0.14,0.27,0.24,0.05,-0.03,0.115,0.8825,0.2675,0.0,0.0,4.0,1.0,Computing,0
CANONICAL_000706,17,0.31,0.45,0.44,0.41,0.1,-0.03,0.4375,0.5175,0.51,0.0,0.1,3.0,1.0,Computing,1
CANONICAL_000707,17,0.16,0.18,0.05,0.1,-0.06,0.05,0.0275,0.96,0.22,0.0,0.07,1.0,1.0,Computing,1
CANONICAL_000708,17,0.16,0.18,0.37,0.4,0.24,0.03,0.2725,0.7725,0.36,0.0,-0.17,3.0,1.0,Computing,0
CANONICAL_000709,17,0.49,0.52,0.58,0.66,0.17,0.08,0.8275,0.135,0.805,3.0,-0.06,4.0,1.0,Computing,0
CANONICAL_000710,17,0.04,0.17,0.25,0.38,0.34,0.13,0.5275,0.4,0.47,0.0,0.11,4.0,1.0,Computing,0
CANONICAL_000711,17,0.5,0.44,0.38,0.34,-0.16,-0.04,0.325,0.6825,0.39,0.0,-0.08,2.0,1.0,Computing,0
CANONICAL_000712,17,0.13,0.11,0.16,0.25,0.12,0.09,0.345,0.685,0.4375,0.0,-0.08,0.0,1.0,Computing,0
CANONICAL_000713,17,0.38,0.38,0.43,0.36,-0.02,-0.07,0.1875,0.79,0.34,0.0,0.12,0.0,1.0,Computing,1
CANONICAL_000714,17,0.32,0.2,0.16,0.34,0.02,0.18,0.42,0.52,0.5325,0.0,0.0,0.0,1.0,Computing,0
CANONICAL_000715,17,0.12,0.07,0.07,0.03,-0.09,-0.04,0.1075,0.8,0.305,0.0,-0.03,4.0,1.0,Computing,0
CANONICAL_000716,17,0.16,0.27,0.17,0.24,0.08,0.07,0.5525,0.445,0.5175,0.0,0.0,1.0,1.0,Computing,0
CANONICAL_000717,17,0.42,0.5,0.49,0.43,0.01,-0.06,0.2475,0.6675,0.355,0.0,0.11,3.0,1.0,Computing,1
CANONICAL_000718,17,0.22,0.32,0.42,0.42,0.2,0.0,0.555,0.4375,0.4925,0.0,-0.07,1.0,1.0,Computing,0
CANONICAL_000719,17,0.75,0.72,0.68,0.82,0.07,0.14,0.5075,0.5075,0.48,0.0,-0.29,2.0,1.0,Computing,0
CANONICAL_000720,17,0.18,0.16,0.33,0.29,0.11,-0.04,0.04,0.8775,0.145,0.0,0.06,0.0,1.0,Computing,0
CANONICAL_000721,17,0.17,0.05,0.0,0.2,0.03,0.2,0.1225,0.86,0.2525,0.0,-0.07,0.0,1.0,Computing,0
CANONICAL_000722,17,0.1,0.2,0.19,0.21,0.11,0.02,0.0975,0.875,0.2675,0.0,0.13,1.0,1.0,Computing,0
CANONICAL_000723,17,0.16,0.26,0.23,0.33,0.17,0.1,0.5825,0.365,0.5925,0.0,0.06,2.0,1.0,Computing,0
CANONICAL_000724,17,0.25,0.36,0.36,0.42,0.17,0.06,0.555,0.5075,0.5775,0.0,-0.08,0.0,1.0,Computing,0
CANONICAL_000725,17,0.7,0.85,0.98,1.0,0.3,0.02,0.89,0.16,0.815,3.0,0.02,2.0,1.0,Computing,0
CANONICAL_000726,17,0.16,0.22,0.16,0.06,-0.1,-0.1,0.0175,0.99,0.18,0.0,-0.04,1.0,1.0,Computing,0
CANONICAL_000727,17,0.04,0.18,0.16,0.15,0.11,-0.01,0.1325,0.8225,0.2175,0.0,-0.08,3.0,1.0,Computing,0
CANONICAL_000728,17,0.19,0.19,0.26,0.38,0.19,0.12,0.5475,0.4775,0.545,0.0,-0.03,0.0,1.0,Computing,0
CANONICAL_000729,17,0.28,0.16,0.19,0.18,-0.1,-0.01,0.1275,0.9225,0.2075,0.0,-0.05,2.0,1.0,Computing,0
CANONICAL_000730,17,0.5,0.59,0.63,0.66,0.16,0.03,0.6675,0.3675,0.57,0.0,-0.23,0.0,1.0,Computing,0
CANONICAL_000731,17,0.29,0.17,0.11,0.01,-0.28,-0.1,0.1625,0.855,0.2525,0.0,0.02,2.0,1.0,Computing,1
CANONICAL_000732,17,0.21,0.25,0.26,0.24,0.03,-0.02,0.04,0.9,0.1,0.0,0.08,1.0,1.0,Computing,1
CANONICAL_000733,17,0.17,0.27,0.38,0.49,0.32,0.11,0.545,0.395,0.56,0.0,-0.21,2.0,1.0,Computing,0
CANONICAL_000734,17,0.4,0.45,0.34,0.25,-0.15,-0.09,0.3125,0.7175,0.3725,0.0,-0.3,4.0,1.0,Computing,0
CANONICAL_000735,17,0.27,0.47,0.43,0.51,0.24,0.08,0.2,0.845,0.2925,0.0,0.11,0.0,1.0,Computing,0
CANONICAL_000736,17,0.4,0.26,0.14,0.17,-0.23,0.03,0.3225,0.655,0.4025,0.0,-0.09,0.0,1.0,Computing,0
CANONICAL_000737,17,0.11,0.12,0.18,0.18,0.07,0.0,0.145,0.805,0.2175,0.0,0.13,2.0,1.0,Computing,0
CANONICAL_000738,17,0.19,0.21,0.33,0.33,0.14,0.0,0.28,0.68,0.34,0.0,-0.04,2.0,1.0,Computing,0
CANONICAL_000739,17,0.35,0.27,0.27,0.25,-0.1,-0.02,0.51,0.44,0.54,0.0,0.22,0.0,1.0,Computing,1
CANONICAL_000740,17,0.08,0.01,0.0,0.0,-0.08,0.0,0.0225,0.92,0.135,0.0,-0.07,1.0,1.0,Computing,0
CANONICAL_000741,17,0.12,0.08,0.02,0.11,-0.01,0.09,0.29,0.74,0.2825,0.0,-0.36,0.0,1.0,Computing,0
CANONICAL_000742,17,0.24,0.17,0.17,0.16,-0.08,-0.01,0.1275,0.8925,0.1925,0.0,0.14,0.0,1.0,Computing,1
CANONICAL_000743,17,0.47,0.48,0.48,0.64,0.17,0.16,0.635,0.4025,0.5225,0.0,-0.23,1.0,1.0,Computing,0
CANONICAL_000744,17,0.55,0.52,0.61,0.66,0.11,0.05,0.7575,0.19,0.6975,1.0,0.24,3.0,1.0,Computing,0
CANONICAL_000745,17,0.13,0.18,0.14,0.12,-0.01,-0.02,0.1075,0.8725,0.17,0.0,0.19,1.0,1.0,Computing,1
CANONICAL_000746,17,0.3,0.37,0.43,0.52,0.22,0.09,0.325,0.755,0.3975,0.0,-0.19,1.0,1.0,Computing,0
CANONICAL_000747,17,0.51,0.58,0.58,0.65,0.14,0.07,0.67,0.3775,0.605,1.0,0.06,3.0,1.0,Computing,0
CANONICAL_000748,17,0.4,0.39,0.35,0.24,-0.16,-0.11,0.3825,0.5725,0.3375,0.0,0.06,0.0,1.0,Computing,1
CANONICAL_000749,17,0.28,0.33,0.32,0.26,-0.02,-0.06,0.2825,0.68,0.3825,0.0,-0.06,2.0,1.0,Computing,0
CANONICAL_000750,17,0.32,0.42,0.47,0.48,0.16,0.01,0.385,0.675,0.4825,0.0,0.09,3.0,1.0,Computing,0
CANONICAL_000751,17,0.14,0.19,0.29,0.18,0.04,-0.11,0.14,0.8325,0.2275,0.0,-0.36,0.0,1.0,Computing,0
CANONICAL_000752,17,0.2,0.37,0.37,0.56,0.36,0.19,0.5125,0.5275,0.5275,0.0,-0.53,1.0,1.0,Computing,0
CANONICAL_000753,17,0.24,0.34,0.26,0.35,0.11,0.09,0.4275,0.6325,0.41,0.0,0.04,4.0,1.0,Computing,0
CANONICAL_000754,17,0.23,0.39,0.49,0.51,0.28,0.02,0.4975,0.55,0.4725,0.0,-0.06,4.0,1.0,Computing,0
CANONICAL_000755,17,0.22,0.04,0.0,0.0,-0.22,0.0,0.135,0.81,0.24,0.0,-0.16,0.0,1.0,Computing,0
CANONICAL_000756,17,0.12,0.15,0.19,0.16,0.04,-0.03,0.1525,0.795,0.235,0.0,-0.2,0.0,1.0,Computing,0
CANONICAL_000757,17,0.52,0.51,0.53,0.39,-0.13,-0.14,0.3725,0.6425,0.335,0.0,0.23,0.0,1.0,Computing,1
CANONICAL_000758,17,0.26,0.27,0.28,0.16,-0.1,-0.12,0.2125,0.7825,0.3075,0.0,0.01,1.0,1.0,Computing,1
CANONICAL_000759,17,0.23,0.19,0.17,0.34,0.11,0.17,0.25,0.84,0.3875,0.0,-0.12,1.0,1.0,Computing,0
CANONICAL_000760,17,0.1,0.15,0.22,0.36,0.26,0.14,0.1475,0.81,0.275,0.0,-0.04,2.0,1.0,Computing,0
CANONICAL_000761,17,0.34,0.22,0.0,0.0,-0.34,0.0,0.06,0.905,0.145,0.0,0.24,3.0,1.0,Computing,1
CANONICAL_000762,17,0.16,0.21,0.32,0.41,0.25,0.09,0.49,0.57,0.545,0.0,-0.15,0.0,1.0,Computing,0
CANONICAL_000763,17,0.16,0.12,0.07,0.13,-0.03,0.06,0.185,0.8225,0.295,0.0,-0.1,3.0,1.0,Computing,0
CANONICAL_000764,17,0.19,0.17,0.23,0.3,0.11,0.07,0.585,0.425,0.5025,0.0,0.0,0.0,1.0,Computing,0
CANONICAL_000765,17,0.39,0.44,0.49,0.4,0.01,-0.09,0.435,0.5525,0.3875,0.0,0.06,0.0,1.0,Computing,1
CANONICAL_000766,17,0.32,0.35,0.47,0.35,0.03,-0.12,0.1125,0.8325,0.2625,0.0,-0.08,1.0,1.0,Computing,0
CANONICAL_000767,17,0.06,0.16,0.2,0.31,0.25,0.11,0.135,0.8975,0.3125,0.0,0.0,0.0,1.0,Computing,0
CANONICAL_000768,17,0.51,0.45,0.4,0.26,-0.25,-0.14,0.365,0.705,0.4525,0.0,-0.25,1.0,1.0,Computing,0
CANONICAL_000769,17,0.3,0.32,0.21,0.22,-0.08,0.01,0.135,0.86,0.2475,0.0,0.29,3.0,1.0,Computing,1
CANONICAL_000770,17,0.3,0.39,0.38,0.37,0.07,-0.01,0.46,0.57,0.4875,0.0,0.05,0.0,1.0,Computing,1
CANONICAL_000771,17,0.14,0.19,0.05,0.03,-0.11,-0.02,0.1475,0.9025,0.2425,0.0,0.06,2.0,1.0,Computing,1
CANONICAL_000772,17,0.45,0.5,0.47,0.52,0.07,0.05,0.42,0.5425,0.425,0.0,-0.1,0.0,1.0,Computing,0
CANONICAL_000773,17,0.25,0.36,0.36,0.32,0.07,-0.04,0.2825,0.755,0.3425,0.0,-0.14,0.0,1.0,Computing,0
CANONICAL_000774,17,0.17,0.16,0.12,0.17,0.0,0.05,0.0625,0.9275,0.2225,0.0,-0.04,1.0,1.0,Computing,0
CANONICAL_000775,17,0.08,0.05,0.07,0.11,0.03,0.04,0.4175,0.51,0.4075,0.0,0.26,3.0,1.0,Computing,0
CANONICAL_000776,17,0.23,0.3,0.3,0.49,0.26,0.19,0.555,0.425,0.5575,0.0,0.12,1.0,1.0,Computing,0
CANONICAL_000777,17,0.48,0.49,0.49,0.4,-0.08,-0.09,0.315,0.7125,0.405,0.0,-0.22,2.0,1.0,Computing,0
CANONICAL_000778,17,0.17,0.28,0.11,0.13,-0.04,0.02,0.075,0.845,0.16,0.0,0.2,3.0,1.0,Computing,1
CANONICAL_000779,17,0.07,0.12,0.04,0.1,0.03,0.06,0.055,0.8775,0.27,0.0,-0.03,2.0,1.0,Computing,0
CANONICAL_000780,17,0.19,0.16,0.23,0.23,0.04,0.0,0.0375,0.9275,0.23,0.0,-0.13,0.0,1.0,Computing,0
CANONICAL_000781,17,0.17,0.22,0.3,0.21,0.04,-0.09,0.3225,0.6925,0.32,0.0,0.14,2.0,1.0,Computing,1
CANONICAL_000782,17,0.28,0.22,0.1,0.22,-0.06,0.12,0.3375,0.6175,0.42,0.0,0.1,1.0,1.0,Computing,0
CANONICAL_000783,17,0.13,0.23,0.18,0.23,0.1,0.05,0.62,0.435,0.615,0.0,0.19,2.0,1.0,Computing,0
CANONICAL_000784,17,0.15,0.06,0.17,0.09,-0.06,-0.08,0.0275,0.9725,0.135,0.0,0.0,1.0,1.0,Computing,0
CANONICAL_000785,17,0.09,0.21,0.17,0.23,0.14,0.06,0.0675,0.8825,0.2425,0.0,-0.03,0.0,1.0,Computing,0
CANONICAL_000786,17,0.35,0.39,0.4,0.56,0.21,0.16,0.4625,0.5275,0.4675,0.0,0.1,1.0,1.0,Computing,0
CANONICAL_000787,17,0.16,0.17,0.31,0.32,0.16,0.01,0.2075,0.8225,0.3625,0.0,-0.03,1.0,1.0,Computing,0
CANONICAL_000788,17,0.15,0.23,0.22,0.24,0.09,0.02,0.52,0.4625,0.48,0.0,0.25,1.0,1.0,Computing,0
CANONICAL_000789,17,0.45,0.51,0.49,0.64,0.19,0.15,0.5925,0.405,0.6125,0.0,-0.08,3.0,1.0,Computing,0
CANONICAL_000790,17,0.53,0.66,0.66,0.61,0.08,-0.05,0.335,0.57,0.4425,0.0,-0.09,3.0,1.0,Computing,0
CANONICAL_000791,17,0.38,0.5,0.67,0.83,0.45,0.16,0.7275,0.3425,0.6675,2.0,0.28,1.0,1.0,Computing,0
CANONICAL_000792,17,0.5,0.55,0.6,0.7,0.2,0.1,0.485,0.545,0.5175,0.0,-0.03,1.0,1.0,Computing,0
CANONICAL_000793,17,0.42,0.37,0.39,0.34,-0.08,-0.05,0.21,0.82,0.275,0.0,0.09,1.0,1.0,Computing,1
CANONICAL_000794,17,0.22,0.19,0.17,0.14,-0.08,-0.03,0.1125,0.91,0.2375,0.0,-0.06,1.0,1.0,Computing,0
CANONICAL_000795,17,0.11,0.12,0.18,0.16,0.05,-0.02,0.0475,0.8675,0.2,0.0,-0.22,4.0,1.0,Computing,0
CANONICAL_000796,17,0.18,0.28,0.36,0.23,0.05,-0.13,0.0825,0.87,0.2925,0.0,0.08,2.0,1.0,Computing,1
CANONICAL_000797,17,0.16,0.14,0.07,0.11,-0.05,0.04,0.1125,0.8325,0.2075,0.0,0.01,0.0,1.0,Computing,1
CANONICAL_000798,17,0.36,0.35,0.42,0.37,0.01,-0.05,0.37,0.5975,0.4525,0.0,-0.21,1.0,1.0,Computing,0
CANONICAL_000799,17,0.24,0.41,0.41,0.46,0.22,0.05,0.2825,0.76,0.365,0.0,0.06,2.0,1.0,Computing,0
CANONICAL_000800,17,0.04,0.06,0.08,0.0,-0.04,-0.08,0.0075,0.8775,0.145,0.0,-0.21,2.0,1.0,Computing,0
CANONICAL_000801,17,0.18,0.15,0.1,0.19,0.01,0.09,0.175,0.8575,0.295,0.0,-0.31,1.0,1.0,Computing,0
CANONICAL_000802,17,0.08,0.16,0.15,0.23,0.15,0.08,0.3575,0.65,0.3675,0.0,-0.31,0.0,1.0,Computing,0
CANONICAL_000803,17,0.23,0.25,0.19,0.15,-0.08,-0.04,0.2975,0.685,0.3625,0.0,0.16,0.0,1.0,Computing,1
CANONICAL_000804,17,0.46,0.37,0.3,0.35,-0.11,0.05,0.0425,0.9425,0.185,0.0,0.13,0.0,1.0,Computing,1
CANONICAL_000805,17,0.11,0.21,0.26,0.29,0.18,0.03,0.14,0.8175,0.32,0.0,0.21,1.0,1.0,Computing,0
CANONICAL_000806,17,0.52,0.48,0.48,0.61,0.09,0.13,0.665,0.38,0.5525,0.0,0.13,0.0,1.0,Computing,0
CANONICAL_000807,17,0.25,0.27,0.19,0.13,-0.12,-0.06,0.225,0.8,0.295,0.0,-0.17,3.0,1.0,Computing,0
CANONICAL_000808,17,0.36,0.37,0.57,0.57,0.21,0.0,0.58,0.3925,0.5525,0.0,-0.3,0.0,1.0,Computing,0
CANONICAL_000809,17,0.14,0.18,0.11,0.08,-0.06,-0.03,0.0875,0.9025,0.245,0.0,0.13,3.0,1.0,Computing,1
CANONICAL_000810,17,0.26,0.1,0.21,0.23,-0.03,0.02,0.1725,0.785,0.3225,0.0,0.11,0.0,1.0,Computing,0
CANONICAL_000811,17,0.52,0.52,0.42,0.48,-0.04,0.06,0.66,0.28,0.59,0.0,0.03,0.0,1.0,Computing,1
CANONICAL_000812,17,0.48,0.59,0.65,0.62,0.14,-0.03,0.6425,0.4125,0.59,0.0,-0.08,1.0,1.0,Computing,0
CANONICAL_000813,17,0.26,0.39,0.39,0.38,0.12,-0.01,0.4575,0.5325,0.5325,0.0,-0.09,0.0,1.0,Computing,0
CANONICAL_000814,17,0.22,0.16,0.13,0.23,0.01,0.1,0.4375,0.6125,0.4025,0.0,-0.03,4.0,1.0,Computing,0
CANONICAL_000815,17,0.28,0.37,0.41,0.53,0.25,0.12,0.6425,0.335,0.5625,0.0,0.02,0.0,1.0,Computing,0
CANONICAL_000816,17,0.32,0.28,0.31,0.36,0.04,0.05,0.3225,0.715,0.4,0.0,-0.08,1.0,1.0,Computing,0
CANONICAL_000817,17,0.56,0.55,0.5,0.51,-0.05,0.01,0.705,0.3525,0.66,1.0,0.14,4.0,1.0,Computing,1
CANONICAL_000818,17,0.16,0.16,0.11,0.11,-0.05,0.0,0.185,0.7675,0.2925,0.0,0.1,1.0,1.0,Computing,1
CANONICAL_000819,17,0.15,0.18,0.08,0.14,-0.01,0.06,0.0825,0.8925,0.2475,0.0,0.2,0.0,1.0,Computing,1
CANONICAL_000820,17,0.21,0.31,0.35,0.39,0.18,0.04,0.4525,0.555,0.505,0.0,0.06,0.0,1.0,Computing,0
CANONICAL_000821,17,0.11,0.15,0.07,0.0,-0.11,-0.07,0.05,0.88,0.215,0.0,0.04,1.0,1.0,Computing,1
CANONICAL_000822,17,0.36,0.37,0.39,0.46,0.1,0.07,0.515,0.4775,0.4925,0.0,-0.26,0.0,1.0,Computing,0
CANONICAL_000823,17,0.07,0.17,0.23,0.19,0.12,-0.04,0.55,0.515,0.535,0.0,0.08,1.0,1.0,Computing,0
CANONICAL_000824,17,0.58,0.53,0.57,0.47,-0.11,-0.1,0.2175,0.8075,0.26,0.0,0.05,3.0,1.0,Computing,1
CANONICAL_000825,17,0.28,0.3,0.26,0.14,-0.14,-0.12,0.16,0.855,0.23,0.0,-0.37,3.0,1.0,Computing,0
CANONICAL_000826,17,0.38,0.48,0.57,0.57,0.19,0.0,0.5975,0.3975,0.445,0.0,-0.07,0.0,1.0,Computing,0
CANONICAL_000827,17,0.05,0.11,0.1,0.03,-0.02,-0.07,0.0875,0.815,0.24,0.0,0.08,0.0,1.0,Computing,1
CANONICAL_000828,17,0.39,0.37,0.29,0.12,-0.27,-0.17,0.06,0.8975,0.21,0.0,0.05,0.0,1.0,Computing,1
CANONICAL_000829,17,0.33,0.22,0.22,0.21,-0.12,-0.01,0.08,0.94,0.28,0.0,-0.17,1.0,1.0,Computing,0
CANONICAL_000830,17,0.35,0.39,0.46,0.44,0.09,-0.02,0.425,0.5575,0.505,0.0,-0.08,1.0,1.0,Computing,0
CANONICAL_000831,17,0.24,0.13,0.1,0.1,-0.14,0.0,0.055,0.9175,0.1025,0.0,-0.07,3.0,1.0,Computing,0
CANONICAL_000832,17,0.42,0.43,0.52,0.49,0.07,-0.03,0.45,0.5475,0.495,0.0,-0.01,2.0,1.0,Computing,0
CANONICAL_000833,17,0.13,0.24,0.2,0.37,0.24,0.17,0.3325,0.7075,0.3425,0.0,-0.21,0.0,1.0,Computing,0
CANONICAL_000834,17,0.33,0.4,0.37,0.43,0.1,0.06,0.515,0.49,0.4775,0.0,-0.06,2.0,1.0,Computing,0
CANONICAL_000835,17,0.07,0.0,0.0,0.0,-0.07,0.0,0.05,0.9275,0.25,0.0,0.0,0.0,1.0,Computing,0
CANONICAL_000836,17,0.11,0.14,0.22,0.23,0.12,0.01,0.09,0.925,0.1125,0.0,0.02,0.0,1.0,Computing,0
CANONICAL_000837,17,0.54,0.53,0.55,0.68,0.14,0.13,0.7625,0.3375,0.6675,2.0,0.14,0.0,1.0,Computing,0
CANONICAL_000838,17,0.16,0.08,0.02,0.12,-0.04,0.1,0.1175,0.845,0.22,0.0,-0.06,0.0,1.0,Computing,0
CANONICAL_000839,17,0.12,0.17,0.16,0.07,-0.05,-0.09,0.2375,0.7025,0.3,0.0,-0.12,2.0,1.0,Computing,0
CANONICAL_000840,17,0.31,0.29,0.06,0.01,-0.3,-0.05,0.0475,0.9375,0.23,0.0,-0.17,1.0,1.0,Computing,0
CANONICAL_000841,17,0.5,0.48,0.56,0.52,0.02,-0.04,0.47,0.52,0.5025,0.0,-0.14,0.0,1.0,Computing,0
CANONICAL_000842,17,0.19,0.22,0.23,0.21,0.02,-0.02,0.1725,0.8625,0.2925,0.0,-0.18,4.0,1.0,Computing,0
CANONICAL_000843,17,0.68,0.65,0.48,0.45,-0.23,-0.03,0.13,0.8775,0.2875,0.0,0.08,1.0,1.0,Computing,1
CANONICAL_000844,17,0.17,0.19,0.1,0.12,-0.05,0.02,0.04,0.9325,0.2225,0.0,0.0,0.0,1.0,Computing,0
CANONICAL_000845,17,0.45,0.42,0.4,0.48,0.03,0.08,0.31,0.7225,0.4025,0.0,-0.04,0.0,1.0,Computing,0
CANONICAL_000846,17,0.29,0.26,0.18,0.27,-0.02,0.09,0.33,0.6775,0.3875,0.0,-0.17,1.0,1.0,Computing,0
CANONICAL_000847,17,0.21,0.3,0.39,0.38,0.17,-0.01,0.51,0.545,0.47,0.0,0.47,4.0,1.0,Computing,0
CANONICAL_000848,17,0.36,0.46,0.52,0.41,0.05,-0.11,0.3675,0.6325,0.3425,0.0,0.39,1.0,1.0,Computing,1
CANONICAL_000849,17,0.09,0.0,0.05,0.0,-0.09,-0.05,0.285,0.715,0.385,0.0,-0.04,4.0,1.0,Computing,0
CANONICAL_000850,17,0.24,0.32,0.13,0.11,-0.13,-0.02,0.2525,0.8275,0.295,0.0,0.08,1.0,1.0,Computing,1
CANONICAL_000851,17,0.21,0.34,0.32,0.24,0.03,-0.08,0.1725,0.835,0.2725,0.0,-0.14,1.0,1.0,Computing,0
CANONICAL_000852,17,0.34,0.48,0.45,0.56,0.22,0.11,0.6525,0.3675,0.625,0.0,-0.26,1.0,1.0,Computing,0
CANONICAL_000853,17,0.29,0.35,0.3,0.22,-0.07,-0.08,0.3075,0.69,0.34,0.0,-0.02,2.0,1.0,Computing,0
CANONICAL_000854,17,0.35,0.28,0.27,0.34,-0.01,0.07,0.4,0.61,0.405,0.0,-0.02,1.0,1.0,Computing,0
CANONICAL_000855,17,0.42,0.49,0.42,0.31,-0.11,-0.11,0.345,0.7275,0.385,0.0,0.01,3.0,1.0,Computing,1
CANONICAL_000856,17,0.24,0.19,0.23,0.3,0.06,0.07,0.325,0.6975,0.36,0.0,-0.58,0.0,1.0,Computing,0
CANONICAL_000857,17,0.3,0.3,0.38,0.39,0.09,0.01,0.45,0.6125,0.455,0.0,-0.05,1.0,1.0,Computing,0
CANONICAL_000858,17,0.57,0.62,0.69,0.83,0.26,0.14,0.9075,0.09,0.775,2.0,-0.02,1.0,1.0,Computing,0
CANONICAL_000859,17,0.29,0.25,0.26,0.19,-0.1,-0.07,0.1825,0.8325,0.3175,0.0,-0.17,2.0,1.0,Computing,0
CANONICAL_000860,17,0.24,0.17,0.35,0.32,0.08,-0.03,0.495,0.455,0.465,0.0,0.07,0.0,1.0,Computing,0
CANONICAL_000861,17,0.43,0.49,0.6,0.59,0.16,-0.01,0.6225,0.415,0.5175,0.0,-0.13,1.0,1.0,Computing,0
CANONICAL_000862,17,0.25,0.42,0.43,0.44,0.19,0.01,0.28,0.7825,0.3225,0.0,0.21,1.0,1.0,Computing,0
CANONICAL_000863,17,0.59,0.71,0.69,0.68,0.09,-0.01,0.71,0.325,0.6925,0.0,-0.14,2.0,1.0,Computing,0
CANONICAL_000864,17,0.49,0.57,0.7,0.69,0.2,-0.01,0.86,0.19,0.7075,1.0,-0.13,2.0,1.0,Computing,0
CANONICAL_000865,17,0.19,0.29,0.39,0.38,0.19,-0.01,0.36,0.685,0.395,0.0,-0.3,2.0,1.0,Computing,0
CANONICAL_000866,17,0.22,0.29,0.19,0.05,-0.17,-0.14,0.04,0.95,0.13,0.0,0.02,0.0,1.0,Computing,1
CANONICAL_000867,17,0.45,0.51,0.62,0.72,0.27,0.1,0.4625,0.57,0.4175,0.0,0.37,4.0,1.0,Computing,0
CANONICAL_000868,17,0.43,0.52,0.53,0.78,0.35,0.25,0.7875,0.1925,0.74,3.0,0.36,3.0,1.0,Computing,0
CANONICAL_000869,17,0.47,0.38,0.33,0.38,-0.09,0.05,0.3725,0.71,0.42,0.0,0.16,0.0,1.0,Computing,0
CANONICAL_000870,17,0.25,0.29,0.15,0.08,-0.17,-0.07,0.08,0.9325,0.165,0.0,-0.08,0.0,1.0,Computing,0
CANONICAL_000871,17,0.29,0.3,0.3,0.23,-0.06,-0.07,0.175,0.795,0.2675,0.0,0.06,0.0,1.0,Computing,1
CANONICAL_000872,17,0.23,0.26,0.28,0.35,0.12,0.07,0.095,0.9275,0.205,0.0,0.22,1.0,1.0,Computing,0
CANONICAL_000873,17,0.23,0.22,0.36,0.41,0.18,0.05,0.265,0.845,0.2925,0.0,-0.02,3.0,1.0,Computing,0
CANONICAL_000874,17,0.17,0.23,0.33,0.33,0.16,0.0,0.4025,0.535,0.3925,0.0,-0.2,2.0,1.0,Computing,0
CANONICAL_000875,17,0.49,0.45,0.42,0.5,0.01,0.08,0.54,0.435,0.555,0.0,0.18,3.0,1.0,Computing,0
CANONICAL_000876,17,0.33,0.31,0.36,0.22,-0.11,-0.14,0.295,0.6775,0.35,0.0,0.05,0.0,1.0,Computing,1
CANONICAL_000877,17,0.34,0.31,0.4,0.48,0.14,0.08,0.3675,0.705,0.395,0.0,-0.18,1.0,1.0,Computing,0
CANONICAL_000878,17,0.47,0.56,0.59,0.63,0.16,0.04,0.66,0.295,0.655,0.0,-0.19,0.0,1.0,Computing,0
CANONICAL_000879,17,0.06,0.08,0.05,0.0,-0.06,-0.05,0.055,0.985,0.2175,0.0,-0.06,0.0,1.0,Computing,0
CANONICAL_000880,17,0.33,0.32,0.29,0.2,-0.13,-0.09,0.4025,0.5875,0.4625,0.0,0.26,2.0,1.0,Computing,1
CANONICAL_000881,17,0.51,0.5,0.55,0.58,0.07,0.03,0.5975,0.415,0.555,0.0,0.27,0.0,1.0,Computing,0
CANONICAL_000882,17,0.11,0.13,0.18,0.32,0.21,0.14,0.13,0.8575,0.3125,0.0,-0.16,2.0,1.0,Computing,0
CANONICAL_000883,17,0.48,0.63,0.62,0.62,0.14,0.0,0.95,0.12,0.82,4.0,0.13,2.0,1.0,Computing,1
CANONICAL_000884,17,0.34,0.26,0.07,0.02,-0.32,-0.05,0.0675,0.965,0.205,0.0,0.04,3.0,1.0,Computing,1
CANONICAL_000885,17,0.31,0.39,0.3,0.34,0.03,0.04,0.065,0.9175,0.18,0.0,0.12,0.0,1.0,Computing,1
CANONICAL_000886,17,0.32,0.37,0.44,0.61,0.29,0.17,0.6225,0.4125,0.595,1.0,0.33,2.0,1.0,Computing,0
CANONICAL_000887,17,0.13,0.08,0.0,0.05,-0.08,0.05,0.03,0.9075,0.18,0.0,-0.03,4.0,1.0,Computing,0
CANONICAL_000888,17,0.04,0.18,0.29,0.36,0.32,0.07,0.4125,0.495,0.4625,0.0,0.09,3.0,1.0,Computing,0
CANONICAL_000889,17,0.44,0.5,0.61,0.72,0.28,0.11,0.925,0.0675,0.75,3.0,-0.14,2.0,1.0,Computing,0
CANONICAL_000890,17,0.12,0.1,0.12,0.18,0.06,0.06,0.2275,0.7375,0.2325,0.0,-0.29,2.0,1.0,Computing,0
CANONICAL_000891,17,0.2,0.07,0.14,0.1,-0.1,-0.04,0.0175,0.96,0.1475,0.0,0.07,1.0,1.0,Computing,0
CANONICAL_000892,17,0.7,0.74,0.8,0.68,-0.02,-0.12,0.9375,0.2075,0.7725,2.0,0.03,2.0,1.0,Computing,1
CANONICAL_000893,17,0.28,0.3,0.31,0.26,-0.02,-0.05,0.0025,0.9425,0.13,0.0,0.03,2.0,1.0,Computing,1
CANONICAL_000894,17,0.35,0.29,0.2,0.13,-0.22,-0.07,0.03,0.8875,0.15,0.0,-0.16,2.0,1.0,Computing,0
CANONICAL_000895,17,0.18,0.12,0.22,0.29,0.11,0.07,0.0775,0.94,0.135,0.0,-0.03,2.0,1.0,Computing,0
CANONICAL_000896,17,0.5,0.59,0.72,0.81,0.31,0.09,0.5525,0.405,0.5425,0.0,0.18,1.0,1.0,Computing,0
CANONICAL_000897,17,0.06,0.0,0.0,0.03,-0.03,0.03,0.195,0.7575,0.3125,0.0,0.1,0.0,1.0,Computing,0
CANONICAL_000898,17,0.44,0.48,0.39,0.31,-0.13,-0.08,0.33,0.6975,0.31,0.0,-0.06,1.0,1.0,Computing,0
CANONICAL_000899,17,0.09,0.1,0.11,0.27,0.18,0.16,0.52,0.5325,0.5875,0.0,0.19,0.0,1.0,Computing,0
CANONICAL_000900,17,0.63,0.69,0.66,0.64,0.01,-0.02,0.8075,0.215,0.7,1.0,-0.46,1.0,1.0,Computing,0
CANONICAL_000901,17,0.38,0.37,0.41,0.47,0.09,0.06,0.4575,0.5225,0.515,0.0,0.15,0.0,1.0,Computing,0
CANONICAL_000902,17,0.13,0.17,0.29,0.31,0.18,0.02,0.2425,0.73,0.3725,0.0,0.46,1.0,1.0,Computing,0
CANONICAL_000903,17,0.27,0.23,0.08,0.11,-0.16,0.03,0.1025,0.9125,0.1875,0.0,-0.17,3.0,1.0,Computing,0
CANONICAL_000904,17,0.38,0.4,0.55,0.61,0.23,0.06,0.3125,0.695,0.43,0.0,0.18,1.0,1.0,Computing,0
CANONICAL_000905,17,0.18,0.24,0.23,0.19,0.01,-0.04,0.29,0.745,0.2825,0.0,0.31,0.0,1.0,Computing,1
CANONICAL_000906,17,0.22,0.25,0.31,0.43,0.21,0.12,0.5525,0.2775,0.5475,0.0,-0.43,1.0,1.0,Computing,0
CANONICAL_000907,17,0.52,0.57,0.64,0.53,0.01,-0.11,0.465,0.4975,0.4525,0.0,-0.23,0.0,1.0,Computing,0
CANONICAL_000908,17,0.28,0.22,0.3,0.24,-0.04,-0.06,0.37,0.5875,0.385,0.0,-0.22,1.0,1.0,Computing,0
CANONICAL_000909,17,0.48,0.46,0.48,0.61,0.13,0.13,0.575,0.425,0.5325,0.0,0.01,1.0,1.0,Computing,0
CANONICAL_000910,17,0.35,0.32,0.37,0.43,0.08,0.06,0.3475,0.655,0.4625,0.0,0.36,4.0,1.0,Computing,0
CANONICAL_000911,17,0.38,0.38,0.42,0.64,0.26,0.22,0.7225,0.2725,0.615,0.0,0.18,0.0,1.0,Computing,0
CANONICAL_000912,17,0.46,0.58,0.55,0.58,0.12,0.03,0.86,0.185,0.835,3.0,-0.28,2.0,1.0,Computing,0
CANONICAL_000913,17,0.56,0.56,0.44,0.59,0.03,0.15,0.75,0.25,0.7275,2.0,-0.46,3.0,1.0,Computing,0
CANONICAL_000914,17,0.14,0.06,0.0,0.0,-0.14,0.0,0.03,0.915,0.1525,0.0,-0.07,4.0,1.0,Computing,0
CANONICAL_000915,17,0.42,0.48,0.49,0.4,-0.02,-0.09,0.44,0.5975,0.45,0.0,0.25,0.0,1.0,Computing,1
CANONICAL_000916,17,0.63,0.76,0.71,0.8,0.17,0.09,0.7325,0.2775,0.6625,1.0,0.03,1.0,1.0,Computing,0
CANONICAL_000917,17,0.42,0.34,0.3,0.18,-0.24,-0.12,0.2225,0.87,0.3525,0.0,0.07,0.0,1.0,Computing,1
CANONICAL_000918,17,0.32,0.5,0.67,0.67,0.35,0.0,0.7525,0.2925,0.7175,2.0,0.57,1.0,1.0,Computing,0
CANONICAL_000919,17,0.52,0.58,0.67,0.78,0.26,0.11,0.3725,0.635,0.4575,0.0,-0.05,0.0,1.0,Computing,0
CANONICAL_000920,17,0.68,0.79,0.79,0.85,0.17,0.06,0.78,0.2175,0.755,3.0,-0.23,3.0,1.0,Computing,0
CANONICAL_000921,17,0.36,0.5,0.57,0.59,0.23,0.02,0.6675,0.3125,0.595,0.0,0.19,0.0,1.0,Computing,0
CANONICAL_000922,17,0.39,0.49,0.48,0.46,0.07,-0.02,0.43,0.5325,0.3525,0.0,-0.2,1.0,1.0,Computing,0
CANONICAL_000923,17,0.38,0.39,0.42,0.46,0.08,0.04,0.7575,0.225,0.7,1.0,0.29,1.0,1.0,Computing,0
CANONICAL_000924,17,0.08,0.2,0.26,0.32,0.24,0.06,0.44,0.54,0.515,0.0,-0.14,4.0,1.0,Computing,0
CANONICAL_000925,17,0.44,0.48,0.46,0.43,-0.01,-0.03,0.055,0.895,0.2025,0.0,0.1,2.0,1.0,Computing,1
CANONICAL_000926,17,0.09,0.2,0.17,0.22,0.13,0.05,0.2375,0.7725,0.335,0.0,0.22,0.0,1.0,Computing,0
CANONICAL_000927,17,0.4,0.51,0.63,0.74,0.34,0.11,0.6075,0.34,0.6,1.0,0.33,0.0,1.0,Computing,0
CANONICAL_000928,17,0.08,0.01,0.08,0.08,0.0,0.0,0.0275,0.905,0.0675,0.0,0.02,0.0,1.0,Computing,0
CANONICAL_000929,17,0.13,0.21,0.05,0.08,-0.05,0.03,0.1425,0.89,0.2175,0.0,-0.04,2.0,1.0,Computing,0
CANONICAL_000930,17,0.21,0.22,0.19,0.24,0.03,0.05,0.455,0.5275,0.49,0.0,-0.25,2.0,1.0,Computing,0
CANONICAL_000931,17,0.19,0.22,0.18,0.24,0.05,0.06,0.05,0.9325,0.1875,0.0,0.15,2.0,1.0,Computing,0
CANONICAL_000932,17,0.45,0.48,0.45,0.54,0.09,0.09,0.6375,0.4,0.675,1.0,-0.12,0.0,1.0,Computing,0
CANONICAL_000933,17,0.23,0.26,0.35,0.29,0.06,-0.06,0.23,0.7925,0.32,0.0,-0.03,2.0,1.0,Computing,0
CANONICAL_000934,17,0.1,0.24,0.26,0.24,0.14,-0.02,0.095,0.945,0.165,0.0,-0.02,2.0,1.0,Computing,0
CANONICAL_000935,17,0.18,0.09,0.0,0.0,-0.18,0.0,0.1575,0.815,0.2225,0.0,-0.05,4.0,1.0,Computing,0
CANONICAL_000936,17,0.31,0.19,0.18,0.13,-0.18,-0.05,0.1775,0.86,0.245,0.0,-0.09,1.0,1.0,Computing,0
CANONICAL_000937,17,0.31,0.17,0.24,0.11,-0.2,-0.13,0.0825,0.845,0.1975,0.0,-0.22,0.0,1.0,Computing,0
CANONICAL_000938,17,0.32,0.42,0.42,0.18,-0.14,-0.24,0.4375,0.61,0.465,0.0,0.13,1.0,1.0,Computing,1
CANONICAL_000939,17,0.45,0.41,0.38,0.49,0.04,0.11,0.63,0.3625,0.59,0.0,-0.01,0.0,1.0,Computing,0
CANONICAL_000940,17,0.5,0.53,0.58,0.47,-0.03,-0.11,0.515,0.52,0.57,0.0,0.2,2.0,1.0,Computing,1
CANONICAL_000941,17,0.38,0.39,0.54,0.69,0.31,0.15,0.655,0.29,0.555,0.0,-0.05,2.0,1.0,Computing,0
CANONICAL_000942,17,0.26,0.21,0.26,0.34,0.08,0.08,0.2725,0.745,0.3075,0.0,0.19,0.0,1.0,Computing,0
CANONICAL_000943,17,0.22,0.31,0.43,0.42,0.2,-0.01,0.395,0.5625,0.3875,0.0,0.13,0.0,1.0,Computing,0
CANONICAL_000944,17,0.63,0.64,0.62,0.69,0.06,0.07,0.425,0.65,0.5375,0.0,0.13,0.0,1.0,Computing,0
CANONICAL_000945,17,0.3,0.3,0.32,0.38,0.08,0.06,0.4475,0.5625,0.375,0.0,0.02,3.0,1.0,Computing,0
CANONICAL_000946,17,0.35,0.39,0.41,0.34,-0.01,-0.07,0.2375,0.7575,0.3225,0.0,-0.33,0.0,1.0,Computing,0
CANONICAL_000947,17,0.2,0.27,0.3,0.32,0.12,0.02,0.1825,0.8175,0.255,0.0,-0.07,0.0,1.0,Computing,0
CANONICAL_000948,17,0.19,0.14,0.19,0.13,-0.06,-0.06,0.0525,0.9325,0.235,0.0,0.09,0.0,1.0,Computing,1
CANONICAL_000949,17,0.12,0.21,0.16,0.23,0.11,0.07,0.3175,0.5675,0.435,0.0,0.12,1.0,1.0,Computing,0
CANONICAL_000950,17,0.29,0.42,0.5,0.46,0.17,-0.04,0.1625,0.85,0.195,0.0,0.04,2.0,1.0,Computing,0
CANONICAL_000951,17,0.19,0.1,0.0,0.01,-0.18,0.01,0.3525,0.74,0.46,0.0,-0.1,3.0,1.0,Computing,0
CANONICAL_000952,17,0.22,0.26,0.18,0.19,-0.03,0.01,0.11,0.88,0.235,0.0,-0.3,0.0,1.0,Computing,0
CANONICAL_000953,17,0.49,0.49,0.68,0.71,0.22,0.03,0.455,0.51,0.4825,0.0,0.16,2.0,1.0,Computing,0
CANONICAL_000954,17,0.09,0.16,0.14,0.29,0.2,0.15,0.3325,0.6875,0.3825,0.0,-0.11,1.0,1.0,Computing,0
CANONICAL_000955,17,0.17,0.09,0.17,0.17,0.0,0.0,0.175,0.82,0.255,0.0,-0.1,4.0,1.0,Computing,0
CANONICAL_000956,17,0.33,0.48,0.63,0.75,0.42,0.12,0.565,0.395,0.5675,0.0,-0.27,0.0,1.0,Computing,0
CANONICAL_000957,17,0.31,0.21,0.04,0.1,-0.21,0.06,0.39,0.635,0.4225,0.0,0.15,0.0,1.0,Computing,1
CANONICAL_000958,17,0.56,0.56,0.67,0.8,0.24,0.13,0.935,0.0875,0.76,1.0,-0.25,1.0,1.0,Computing,0
CANONICAL_000959,17,0.06,0.11,0.18,0.18,0.12,0.0,0.0475,0.965,0.1525,0.0,0.09,0.0,1.0,Computing,0
CANONICAL_000960,17,0.52,0.49,0.64,0.71,0.19,0.07,0.82,0.1625,0.7225,1.0,-0.09,0.0,1.0,Computing,0
CANONICAL_000961,17,0.11,0.06,0.0,0.02,-0.09,0.02,0.0,0.9575,0.135,0.0,-0.01,2.0,1.0,Computing,0
CANONICAL_000962,17,0.23,0.26,0.4,0.18,-0.05,-0.22,0.22,0.7275,0.3125,0.0,-0.34,2.0,1.0,Computing,0
CANONICAL_000963,17,0.08,0.11,0.07,0.0,-0.08,-0.07,0.255,0.6925,0.4525,0.0,-0.14,1.0,1.0,Computing,0
CANONICAL_000964,17,0.02,0.04,0.15,0.21,0.19,0.06,0.1675,0.865,0.1775,0.0,-0.13,2.0,1.0,Computing,0
CANONICAL_000965,17,0.52,0.6,0.62,0.68,0.16,0.06,0.7275,0.25,0.7375,1.0,-0.19,1.0,1.0,Computing,0
CANONICAL_000966,17,0.15,0.14,0.22,0.14,-0.01,-0.08,0.265,0.7125,0.395,0.0,-0.12,2.0,1.0,Computing,0
CANONICAL_000967,17,0.4,0.45,0.47,0.51,0.11,0.04,0.805,0.1875,0.7325,2.0,0.14,1.0,1.0,Computing,0
CANONICAL_000968,17,0.19,0.17,0.05,0.11,-0.08,0.06,0.2225,0.815,0.355,0.0,-0.02,2.0,1.0,Computing,0
CANONICAL_000969,17,0.57,0.52,0.29,0.31,-0.26,0.02,0.2075,0.79,0.36,0.0,0.06,0.0,1.0,Computing,1
CANONICAL_000970,17,0.21,0.2,0.24,0.32,0.11,0.08,0.145,0.85,0.2625,0.0,0.03,0.0,1.0,Computing,0
CANONICAL_000971,17,0.24,0.22,0.22,0.29,0.05,0.07,0.4575,0.53,0.525,0.0,0.07,1.0,1.0,Computing,0
CANONICAL_000972,17,0.17,0.15,0.2,0.22,0.05,0.02,0.3875,0.5675,0.4025,0.0,-0.2,1.0,1.0,Computing,0
CANONICAL_000973,17,0.12,0.23,0.23,0.21,0.09,-0.02,0.0775,0.83,0.2025,0.0,-0.13,2.0,1.0,Computing,0
CANONICAL_000974,17,0.43,0.43,0.61,0.71,0.28,0.1,0.8,0.2775,0.7025,3.0,0.04,1.0,1.0,Computing,0
CANONICAL_000975,17,0.28,0.25,0.29,0.34,0.06,0.05,0.32,0.67,0.35,0.0,-0.15,0.0,1.0,Computing,0
CANONICAL_000976,17,0.03,0.05,0.03,0.0,-0.03,-0.03,0.04,0.92,0.255,0.0,0.02,0.0,1.0,Computing,1
CANONICAL_000977,17,0.58,0.6,0.65,0.69,0.11,0.04,0.5375,0.4675,0.5225,0.0,0.1,0.0,1.0,Computing,0
CANONICAL_000978,17,0.25,0.17,0.16,0.09,-0.16,-0.07,0.04,0.9025,0.2075,0.0,-0.15,2.0,1.0,Computing,0
CANONICAL_000979,17,0.13,0.12,0.15,0.09,-0.04,-0.06,0.05,0.945,0.2725,0.0,0.06,1.0,1.0,Computing,1
CANONICAL_000980,17,0.08,0.07,0.0,0.0,-0.08,0.0,0.0625,0.8925,0.19,0.0,-0.15,2.0,1.0,Computing,0
CANONICAL_000981,17,0.13,0.14,0.16,0.18,0.05,0.02,0.21,0.77,0.31,0.0,-0.13,1.0,1.0,Computing,0
CANONICAL_000982,17,0.34,0.42,0.4,0.45,0.11,0.05,0.28,0.7975,0.45,0.0,0.0,3.0,1.0,Computing,0
CANONICAL_000983,17,0.44,0.47,0.4,0.39,-0.05,-0.01,0.44,0.455,0.415,0.0,-0.05,4.0,1.0,Computing,0
CANONICAL_000984,17,0.23,0.35,0.53,0.52,0.29,-0.01,0.475,0.58,0.5475,0.0,-0.2,2.0,1.0,Computing,0
CANONICAL_000985,17,0.81,0.83,0.77,0.75,-0.06,-0.02,0.48,0.5525,0.565,0.0,0.01,3.0,1.0,Computing,1
CANONICAL_000986,17,0.21,0.37,0.39,0.49,0.28,0.1,0.2975,0.66,0.435,0.0,0.23,1.0,1.0,Computing,0
CANONICAL_000987,17,0.26,0.24,0.2,0.0,-0.26,-0.2,0.0475,0.9325,0.19,0.0,0.06,4.0,1.0,Computing,1
CANONICAL_000988,17,0.11,0.07,0.11,0.11,0.0,0.0,0.05,0.995,0.26,0.0,-0.01,3.0,1.0,Computing,0
CANONICAL_000989,17,0.25,0.31,0.23,0.38,0.13,0.15,0.3975,0.585,0.38,0.0,-0.11,4.0,1.0,Computing,0
CANONICAL_000990,17,0.46,0.59,0.68,0.74,0.28,0.06,0.77,0.275,0.7,1.0,0.0,2.0,1.0,Computing,0
CANONICAL_000991,17,0.62,0.53,0.72,0.84,0.22,0.12,0.715,0.3575,0.645,2.0,0.29,2.0,1.0,Computing,0
CANONICAL_000992,17,0.4,0.4,0.36,0.21,-0.19,-0.15,0.3775,0.5875,0.355,0.0,0.01,1.0,1.0,Computing,1
CANONICAL_000993,17,0.06,0.03,0.15,0.07,0.01,-0.08,0.1225,0.88,0.2625,0.0,0.14,0.0,1.0,Computing,0
CANONICAL_000994,17,0.1,0.13,0.12,0.18,0.08,0.06,0.4775,0.4525,0.43,0.0,-0.02,1.0,1.0,Computing,0
CANONICAL_000995,17,0.06,0.08,0.22,0.36,0.3,0.14,0.34,0.6775,0.4,0.0,0.3,3.0,1.0,Computing,0
CANONICAL_000996,17,0.14,0.27,0.46,0.39,0.25,-0.07,0.3125,0.695,0.26,0.0,-0.11,0.0,1.0,Computing,0
CANONICAL_000997,17,0.18,0.19,0.19,0.18,0.0,-0.01,0.065,0.925,0.235,0.0,0.16,1.0,1.0,Computing,1
CANONICAL_000998,17,0.12,0.25,0.15,0.2,0.08,0.05,0.2825,0.64,0.385,0.0,-0.17,1.0,1.0,Computing,0
CANONICAL_000999,17,0.38,0.38,0.47,0.37,-0.01,-0.1,0.6825,0.36,0.5825,0.0,-0.06,1.0,1.0,Computing,0
CANONICAL_001000,17,0.12,0.21,0.25,0.31,0.19,0.06,0.0675,0.8475,0.1825,0.0,0.17,3.0,1.0,Computing,0
